seed,step,time,reference_min_overlap,reference_mean_overlap,all_pairs_min_overlap,all_pairs_mean_overlap,reference_pairs_below_requested,connected_at_10_percent,connected_at_35_percent
24000,0,0.0,0.457890625,0.5418923611111112,0.457890625,0.5479861111111112,0,True,True
24000,1,0.5,0.4763671875,0.5277170138888888,0.4763671875,0.5336154513888889,0,True,True
24000,2,1.0,0.4681901041666667,0.49021267361111115,0.4681901041666667,0.5011762152777778,0,True,True
24001,0,0.0,0.25873697916666666,0.3290234375,0.21231770833333333,0.28589192708333333,0,True,False
24001,1,0.5,0.2754296875,0.3194704861111111,0.270390625,0.3193185763888889,0,True,False
24001,2,1.0,0.34794270833333335,0.36512152777777773,0.29928385416666664,0.35549045138888885,0,True,True
24002,0,0.0,0.40708333333333335,0.5491493055555555,0.40708333333333335,0.5553450520833333,0,True,True
24002,1,0.5,0.41694010416666666,0.5522873263888889,0.41694010416666666,0.5585069444444445,0,True,True
24002,2,1.0,0.428984375,0.5636805555555555,0.428984375,0.5514409722222221,0,True,True
24003,0,0.0,0.2518489583333333,0.31447482638888885,0.2254296875,0.3238324652777777,0,True,False
24003,1,0.5,0.25604166666666667,0.3314626736111111,0.24190104166666668,0.33698567708333327,0,True,False
24003,2,1.0,0.2506510416666667,0.3409418402777778,0.2506510416666667,0.34871744791666676,0,True,False
24004,0,0.0,0.20447916666666666,0.4178385416666666,0.20447916666666666,0.4016254340277778,0,True,True
24004,1,0.5,0.1890234375,0.39833333333333326,0.1890234375,0.37932074652777775,0,True,True
24004,2,1.0,0.20747395833333335,0.3817100694444444,0.20747395833333335,0.38290147569444444,0,True,True
24005,0,0.0,0.31709635416666665,0.4116536458333333,0.31709635416666665,0.4819639756944445,0,True,True
24005,1,0.5,0.43518229166666667,0.521267361111111,0.43518229166666667,0.5402756076388888,0,True,True
24005,2,1.0,0.421015625,0.4755729166666667,0.39022135416666665,0.4658658854166667,0,True,True
24006,0,0.0,0.349375,0.41214843749999996,0.24313802083333333,0.3645920138888889,0,True,True
24006,1,0.5,0.4097265625,0.4534722222222222,0.31485677083333335,0.3979817708333333,0,True,True
24006,2,1.0,0.3,0.4009244791666667,0.3,0.39169487847222223,0,True,True
24007,0,0.0,0.44600260416666665,0.46891493055555555,0.386328125,0.46815538194444445,0,True,True
24007,1,0.5,0.3925,0.4334071180555556,0.25462239583333335,0.4108940972222222,0,True,True
24007,2,1.0,0.2790755208333333,0.3413541666666666,0.0864453125,0.32228515625,0,True,False
24008,0,0.0,0.32657552083333335,0.38365885416666673,0.32657552083333335,0.3960828993055556,0,True,True
24008,1,0.5,0.3263020833333333,0.38413194444444443,0.3263020833333333,0.3966406249999999,0,True,True
24008,2,1.0,0.33151041666666664,0.3884461805555555,0.33151041666666664,0.3996006944444444,0,True,True
24009,0,0.0,0.21442708333333332,0.36986111111111114,0.21442708333333332,0.37245225694444445,0,True,False
24009,1,0.5,0.24533854166666666,0.35763454861111105,0.24533854166666666,0.4139908854166667,0,True,True
24009,2,1.0,0.2504427083333333,0.3178211805555555,0.2504427083333333,0.45026692708333327,0,True,True
24010,0,0.0,0.39013020833333334,0.4656901041666666,0.3820703125,0.4462174479166667,0,True,True
24010,1,0.5,0.3783463541666667,0.45895833333333336,0.3783463541666667,0.4409331597222222,0,True,True
24010,2,1.0,0.3640625,0.44929253472222214,0.3640625,0.4345659722222222,0,True,True
24011,0,0.0,0.2934765625,0.3925824652777778,0.1258984375,0.32366753472222226,0,True,False
24011,1,0.5,0.2908072916666667,0.39469618055555555,0.12609375,0.3255794270833334,0,True,False
24011,2,1.0,0.28705729166666666,0.3967534722222222,0.12802083333333333,0.3278363715277777,0,True,False
24012,0,0.0,0.21080729166666667,0.24377604166666667,0.1486328125,0.26250651041666667,0,True,False
24012,1,0.5,0.21140625,0.23332899305555554,0.15265625,0.25754774305555556,0,True,False
24012,2,1.0,0.1794921875,0.22214409722222225,0.1576953125,0.2511328125,1,True,False
24013,0,0.0,0.2783203125,0.414765625,0.14736979166666667,0.34383246527777783,0,True,True
24013,1,0.5,0.40444010416666665,0.4725564236111111,0.1419921875,0.37478515625000003,0,True,True
24013,2,1.0,0.26209635416666666,0.4347265625,0.1329296875,0.3731423611111111,0,True,False
24014,0,0.0,0.23807291666666666,0.2790104166666667,0.115234375,0.22835069444444445,0,True,False
24014,1,0.5,0.23098958333333333,0.2689279513888889,0.10920572916666667,0.21416232638888888,0,True,False
24014,2,1.0,0.22147135416666666,0.26133680555555555,0.08080729166666667,0.20664279513888886,0,True,False
24015,0,0.0,0.3054296875,0.47073350694444444,0.18723958333333332,0.3980577256944444,0,True,True
24015,1,0.5,0.29430989583333333,0.45953124999999995,0.18640625,0.3927690972222222,0,True,True
24015,2,1.0,0.2693229166666667,0.4403776041666667,0.176484375,0.37881510416666675,0,True,True
24016,0,0.0,0.3009114583333333,0.3702517361111111,0.19748697916666666,0.3459006076388889,0,True,True
24016,1,0.5,0.3245572916666667,0.3661501736111112,0.18569010416666668,0.34990234375,0,True,False
24016,2,1.0,0.33438802083333335,0.3930946180555555,0.2520703125,0.38249348958333335,0,True,True
24017,0,0.0,0.3153255208333333,0.37172743055555557,0.3153255208333333,0.4459244791666666,0,True,True
24017,1,0.5,0.2169140625,0.35387152777777775,0.2169140625,0.40033854166666666,0,True,True
24017,2,1.0,0.1523046875,0.3115407986111111,0.1523046875,0.3545833333333333,1,True,True
24018,0,0.0,0.30419270833333334,0.31115885416666667,0.18666666666666668,0.3575217013888889,0,True,False
24018,1,0.5,0.30037760416666665,0.3069704861111111,0.17938802083333333,0.35454644097222215,0,True,False
24018,2,1.0,0.2869791666666667,0.29585069444444445,0.16673177083333332,0.3468250868055555,0,True,False
24019,0,0.0,0.39359375,0.44226996527777773,0.19669270833333333,0.36850260416666664,0,True,True
24019,1,0.5,0.37873697916666665,0.44544704861111106,0.19434895833333332,0.3689735243055556,0,True,True
24019,2,1.0,0.34044270833333334,0.43929253472222224,0.18779947916666667,0.36248480902777774,0,True,False
24020,0,0.0,0.3551171875,0.4720138888888889,0.3551171875,0.5112912326388889,0,True,True
24020,1,0.5,0.28184895833333334,0.4276258680555555,0.28184895833333334,0.4363932291666666,0,True,True
24020,2,1.0,0.2405859375,0.4174435763888889,0.2405859375,0.41153428819444443,0,True,True
24021,0,0.0,0.2695182291666667,0.3568576388888889,0.2695182291666667,0.3509309895833333,0,True,False
24021,1,0.5,0.24587239583333334,0.3526215277777778,0.24587239583333334,0.34810329861111106,0,True,False
24021,2,1.0,0.23467447916666667,0.35855034722222223,0.23467447916666667,0.3472721354166666,0,True,False
24022,0,0.0,0.3671875,0.42203993055555555,0.195234375,0.3963606770833333,0,True,True
24022,1,0.5,0.3124869791666667,0.4140668402777778,0.19680989583333333,0.3923155381944445,0,True,False
24022,2,1.0,0.300078125,0.3961371527777778,0.22296875,0.3935264756944444,0,True,True
24023,0,0.0,0.2502083333333333,0.29651475694444446,0.14522135416666668,0.30639322916666667,0,True,False
24023,1,0.5,0.24481770833333333,0.2931553819444444,0.1094140625,0.29787109375,0,True,False
24023,2,1.0,0.24032552083333333,0.29191840277777775,0.09096354166666666,0.29061197916666665,0,True,False
24024,0,0.0,0.3316015625,0.3953732638888889,0.1818359375,0.36172743055555556,0,True,False
24024,1,0.5,0.2962109375,0.36864583333333334,0.233828125,0.3575889756944444,0,True,True
24024,2,1.0,0.330625,0.37677083333333333,0.330625,0.40148003472222227,0,True,True
24025,0,0.0,0.30227864583333336,0.4135894097222222,0.236328125,0.3783355034722222,0,True,True
24025,1,0.5,0.319375,0.41651041666666666,0.24065104166666668,0.38343315972222225,0,True,True
24025,2,1.0,0.34770833333333334,0.42069878472222216,0.2899609375,0.3993467881944444,0,True,True
24026,0,0.0,0.17858072916666667,0.3898828125,0.17858072916666667,0.3545746527777778,1,True,False
24026,1,0.5,0.18587239583333334,0.33814670138888886,0.18587239583333334,0.33922743055555554,1,True,False
24026,2,1.0,0.17561197916666665,0.23966145833333333,0.17561197916666665,0.29432725694444445,1,True,False
24027,0,0.0,0.22928385416666666,0.40799479166666663,0.22928385416666666,0.45428602430555554,0,True,True
24027,1,0.5,0.42194010416666666,0.46374999999999994,0.42194010416666666,0.4998046875,0,True,True
24027,2,1.0,0.42352864583333333,0.4889366319444444,0.37765625,0.47907986111111106,0,True,True
24028,0,0.0,0.4777604166666667,0.5869574652777777,0.4777604166666667,0.5781966145833334,0,True,True
24028,1,0.5,0.44981770833333334,0.5749262152777778,0.44981770833333334,0.562599826388889,0,True,True
24028,2,1.0,0.4077604166666667,0.5477430555555555,0.4077604166666667,0.5837304687499999,0,True,True
24029,0,0.0,0.2677994791666667,0.31908854166666667,0.1853125,0.28642578125,0,True,False
24029,1,0.5,0.2540625,0.3181553819444444,0.181875,0.28250000000000003,0,True,False
24029,2,1.0,0.2515104166666667,0.3302821180555556,0.18290364583333332,0.2898394097222223,0,True,False
24030,0,0.0,0.3273828125,0.45166232638888887,0.3133984375,0.40829861111111115,0,True,True
24030,1,0.5,0.3558072916666667,0.47384548611111116,0.33966145833333333,0.43003689236111114,0,True,True
24030,2,1.0,0.38990885416666665,0.5001345486111112,0.3729427083333333,0.45677517361111114,0,True,True
24031,0,0.0,0.38361979166666665,0.5065060763888889,0.38361979166666665,0.5361827256944445,0,True,True
24031,1,0.5,0.38875,0.48056423611111115,0.38875,0.5320355902777778,0,True,True
24031,2,1.0,0.3493359375,0.42825954861111115,0.3493359375,0.4439192708333333,0,True,True
24032,0,0.0,0.22364583333333332,0.29174913194444446,0.20057291666666666,0.31206380208333334,0,True,False
24032,1,0.5,0.17466145833333332,0.2737803819444445,0.15407552083333334,0.2796137152777778,1,True,False
24032,2,1.0,0.15071614583333334,0.25928385416666666,0.11787760416666666,0.25016059027777776,1,True,False
24033,0,0.0,0.26026041666666666,0.3776779513888889,0.21311197916666666,0.36511718749999994,0,True,True
24033,1,0.5,0.2861458333333333,0.39678385416666667,0.22578125,0.38192491319444444,0,True,True
24033,2,1.0,0.29451822916666665,0.4022482638888889,0.22694010416666666,0.3808984375,0,True,True
24034,0,0.0,0.3000130208333333,0.5169270833333334,0.2211328125,0.4217447916666666,0,True,False
24034,1,0.5,0.3474609375,0.5827126736111111,0.2333984375,0.4883116319444445,0,True,True
24034,2,1.0,0.38798177083333335,0.6374522569444444,0.339375,0.5660329861111112,0,True,True
24035,0,0.0,0.36494791666666665,0.40600694444444446,0.19852864583333332,0.34355034722222216,0,True,True
24035,1,0.5,0.3362109375,0.4066145833333333,0.19680989583333333,0.3428624131944444,0,True,False
24035,2,1.0,0.3183463541666667,0.40859809027777777,0.203046875,0.34561631944444443,0,True,False
24036,0,0.0,0.48118489583333335,0.5070095486111111,0.3595963541666667,0.4605143229166666,0,True,True
24036,1,0.5,0.5068229166666667,0.5300043402777778,0.372578125,0.4805815972222222,0,True,True
24036,2,1.0,0.4842447916666667,0.5400477430555556,0.4026953125,0.49685546875000003,0,True,True
24037,0,0.0,0.167578125,0.21246093749999997,0.167578125,0.3331857638888889,1,True,False
24037,1,0.5,0.17911458333333333,0.22227864583333334,0.17911458333333333,0.34274305555555556,1,True,False
24037,2,1.0,0.1854296875,0.23012152777777775,0.1854296875,0.3480338541666666,1,True,False
24038,0,0.0,0.20256510416666668,0.2729036458333333,0.20256510416666668,0.33748914930555557,0,True,False
24038,1,0.5,0.20772135416666668,0.2598958333333333,0.20772135416666668,0.32947916666666666,0,True,False
24038,2,1.0,0.21317708333333332,0.2621484375,0.21317708333333332,0.3332682291666667,0,True,False
24039,0,0.0,0.3229036458333333,0.3649088541666667,0.12338541666666666,0.33244574652777775,0,True,False
24039,1,0.5,0.3344921875,0.3429513888888889,0.11979166666666667,0.3241189236111111,0,True,False
24039,2,1.0,0.29966145833333335,0.3208463541666667,0.11932291666666667,0.31463324652777774,0,True,False
24040,0,0.0,0.2510677083333333,0.32641493055555554,0.13549479166666667,0.28870008680555553,0,True,False
24040,1,0.5,0.24022135416666668,0.31299045138888887,0.12391927083333333,0.2843641493055556,0,True,False
24040,2,1.0,0.21010416666666668,0.30508680555555556,0.09756510416666667,0.2832790798611111,0,True,False
24041,0,0.0,0.21161458333333333,0.37856336805555557,0.21161458333333333,0.3316861979166667,0,True,False
24041,1,0.5,0.21657552083333334,0.38116753472222226,0.21657552083333334,0.3251128472222222,0,True,False
24041,2,1.0,0.23205729166666667,0.3857595486111111,0.2135546875,0.3232573784722222,0,True,False
24042,0,0.0,0.3169401041666667,0.4305512152777778,0.3169401041666667,0.44718098958333335,0,True,True
24042,1,0.5,0.33184895833333333,0.41156684027777773,0.33184895833333333,0.4564973958333333,0,True,True
24042,2,1.0,0.26860677083333334,0.3522178819444444,0.26860677083333334,0.3743098958333333,0,True,True
24043,0,0.0,0.3143489583333333,0.37231336805555554,0.3143489583333333,0.4126432291666667,0,True,True
24043,1,0.5,0.34208333333333335,0.3958984374999999,0.3336328125,0.42517361111111107,0,True,True
24043,2,1.0,0.3743359375,0.4219661458333333,0.32479166666666665,0.4346332465277778,0,True,True
24044,0,0.0,0.3770572916666667,0.4332769097222222,0.1826171875,0.3877951388888889,0,True,True
24044,1,0.5,0.30359375,0.4217447916666666,0.17735677083333334,0.39380425347222214,0,True,False
24044,2,1.0,0.242109375,0.4436328125,0.17108072916666667,0.40412109375,0,True,False
24045,0,0.0,0.17990885416666666,0.3282204861111111,0.17990885416666666,0.33076171875,1,True,True
24045,1,0.5,0.21442708333333332,0.3390060763888889,0.21442708333333332,0.36325520833333336,0,True,True
24045,2,1.0,0.23822916666666666,0.34085937499999996,0.23822916666666666,0.3777278645833333,0,True,True
24046,0,0.0,0.4049609375,0.4842708333333334,0.2642057291666667,0.4220290798611111,0,True,True
24046,1,0.5,0.40697916666666667,0.4558159722222222,0.2711588541666667,0.4126736111111111,0,True,True
24046,2,1.0,0.4145963541666667,0.45799913194444447,0.32828125,0.4282855902777778,0,True,True
24047,0,0.0,0.2840234375,0.3594357638888889,0.25278645833333335,0.33427734374999996,0,True,False
24047,1,0.5,0.3570703125,0.4441015625,0.29430989583333333,0.42707682291666665,0,True,True
24047,2,1.0,0.4546614583333333,0.49279513888888893,0.3383072916666667,0.48334418402777785,0,True,True
24048,0,0.0,0.3247526041666667,0.37420572916666667,0.3247526041666667,0.4195963541666667,0,True,True
24048,1,0.5,0.324296875,0.37276041666666665,0.324296875,0.42480251736111113,0,True,True
24048,2,1.0,0.3146744791666667,0.3485069444444444,0.3146744791666667,0.4120008680555555,0,True,True
24049,0,0.0,0.32251302083333333,0.5030598958333333,0.32251302083333333,0.47044053819444437,0,True,True
24049,1,0.5,0.2757421875,0.4558767361111111,0.2757421875,0.46484157986111113,0,True,True
24049,2,1.0,0.23821614583333334,0.40856336805555554,0.23821614583333334,0.4219032118055555,0,True,True
24050,0,0.0,0.32842447916666667,0.4186935763888889,0.32842447916666667,0.5131163194444445,0,True,True
24050,1,0.5,0.43669270833333335,0.4754123263888889,0.43669270833333335,0.5259874131944445,0,True,True
24050,2,1.0,0.35184895833333335,0.4390972222222222,0.35184895833333335,0.44794704861111106,0,True,True
24051,0,0.0,0.2823177083333333,0.3853211805555555,0.178046875,0.3162825520833333,0,True,False
24051,1,0.5,0.3178515625,0.3933810763888889,0.24192708333333332,0.34298611111111116,0,True,True
24051,2,1.0,0.2989192708333333,0.360078125,0.23692708333333334,0.34526692708333334,0,True,True
24052,0,0.0,0.451328125,0.49008680555555556,0.3377994791666667,0.47411458333333334,0,True,True
24052,1,0.5,0.3864973958333333,0.4642013888888889,0.29705729166666667,0.43998480902777776,0,True,True
24052,2,1.0,0.35173177083333335,0.4576909722222222,0.2683333333333333,0.42677951388888885,0,True,True
24053,0,0.0,0.33111979166666666,0.3625824652777778,0.26135416666666667,0.3841666666666667,0,True,False
24053,1,0.5,0.42078125,0.42444444444444446,0.25080729166666665,0.41979166666666673,0,True,True
24053,2,1.0,0.3845572916666667,0.41162326388888887,0.2457421875,0.3902690972222222,0,True,True
24054,0,0.0,0.38983072916666667,0.4452126736111111,0.319453125,0.44240234375,0,True,True
24054,1,0.5,0.4199088541666667,0.4428125,0.24532552083333334,0.43873046875,0,True,True
24054,2,1.0,0.4291276041666667,0.460625,0.2238671875,0.4320768229166667,0,True,True
24055,0,0.0,0.3260677083333333,0.5088020833333333,0.21201822916666666,0.42490668402777776,0,True,False
24055,1,0.5,0.3286848958333333,0.4800130208333333,0.21510416666666668,0.4015234375,0,True,False
24055,2,1.0,0.28778645833333333,0.4106901041666667,0.18609375,0.3240603298611111,0,True,False
24056,0,0.0,0.353359375,0.4341753472222223,0.29291666666666666,0.4019531250000001,0,True,True
24056,1,0.5,0.32848958333333333,0.42105902777777776,0.25623697916666666,0.38196397569444446,0,True,True
24056,2,1.0,0.32592447916666667,0.42144531249999995,0.23826822916666668,0.37305555555555553,0,True,True
24057,0,0.0,0.24919270833333335,0.27136284722222226,0.24919270833333335,0.36658203124999994,0,True,False
24057,1,0.5,0.31720052083333333,0.3504123263888889,0.062578125,0.3300911458333333,0,True,False
24057,2,1.0,0.26946614583333334,0.2838541666666667,0.03235677083333333,0.24796657986111115,0,True,False
24058,0,0.0,0.2171484375,0.3186545138888889,0.143203125,0.27337890625,0,True,False
24058,1,0.5,0.21662760416666665,0.32057291666666665,0.14791666666666667,0.27348958333333334,0,True,False
24058,2,1.0,0.21404947916666667,0.3159331597222222,0.145078125,0.27044921875,0,True,False
24059,0,0.0,0.31783854166666664,0.3502083333333333,0.23744791666666668,0.34957465277777783,0,True,True
24059,1,0.5,0.3679296875,0.4160026041666667,0.28489583333333335,0.3936458333333333,0,True,True
24059,2,1.0,0.41734375,0.44704861111111116,0.31548177083333334,0.4214105902777778,0,True,True
24060,0,0.0,0.3283984375,0.3705729166666667,0.09921875,0.2890169270833333,0,True,False
24060,1,0.5,0.3094661458333333,0.3633289930555555,0.1191015625,0.2858159722222222,0,True,False
24060,2,1.0,0.2935026041666667,0.35725260416666665,0.11944010416666667,0.2820464409722222,0,True,False
24061,0,0.0,0.44428385416666666,0.47748697916666666,0.44428385416666666,0.48147135416666664,0,True,True
24061,1,0.5,0.4534375,0.49852864583333334,0.4448697916666667,0.4896549479166667,0,True,True
24061,2,1.0,0.47489583333333335,0.5236024305555556,0.45147135416666667,0.49600477430555556,0,True,True
24062,0,0.0,0.24559895833333334,0.43631076388888895,0.24559895833333334,0.47524739583333336,0,True,True
24062,1,0.5,0.2398828125,0.4334548611111111,0.2398828125,0.4711566840277777,0,True,True
24062,2,1.0,0.23440104166666667,0.4289496527777778,0.23440104166666667,0.4691167534722222,0,True,True
24063,0,0.0,0.3245703125,0.3333029513888889,0.13611979166666666,0.25315321180555556,0,True,False
24063,1,0.5,0.3226041666666667,0.33245225694444447,0.14149739583333334,0.2549457465277778,0,True,False
24063,2,1.0,0.3117578125,0.33237413194444443,0.13686197916666668,0.2561480034722222,0,True,False
24064,0,0.0,0.26403645833333333,0.3885590277777778,0.26403645833333333,0.4117296006944444,0,True,True
24064,1,0.5,0.2784244791666667,0.3933203125,0.2784244791666667,0.42038411458333336,0,True,True
24064,2,1.0,0.2912369791666667,0.3975130208333333,0.2912369791666667,0.42617621527777777,0,True,True
24065,0,0.0,0.39514322916666667,0.46684895833333334,0.3425520833333333,0.43138454861111114,0,True,True
24065,1,0.5,0.3885546875,0.45346354166666664,0.3354036458333333,0.41827473958333333,0,True,True
24065,2,1.0,0.3781640625,0.4365798611111111,0.32390625,0.3997309027777778,0,True,True
24066,0,0.0,0.21638020833333332,0.2303298611111111,0.20983072916666667,0.23231553819444448,0,True,False
24066,1,0.5,0.21809895833333334,0.23018663194444444,0.21809895833333334,0.2349782986111111,0,True,False
24066,2,1.0,0.20645833333333333,0.23139756944444445,0.20645833333333333,0.23889973958333335,0,True,False
24067,0,0.0,0.29899739583333335,0.4232595486111111,0.14658854166666666,0.34010850694444444,0,True,False
24067,1,0.5,0.32298177083333335,0.4625130208333334,0.2534895833333333,0.39803385416666665,0,True,True
24067,2,1.0,0.28708333333333336,0.369375,0.28708333333333336,0.38547743055555556,0,True,True
24068,0,0.0,0.1576171875,0.36540364583333335,0.0780859375,0.3006987847222222,1,True,False
24068,1,0.5,0.1608203125,0.35987413194444445,0.07772135416666667,0.2918815104166666,1,True,False
24068,2,1.0,0.1679296875,0.35629774305555556,0.077890625,0.28488715277777776,1,True,False
24069,0,0.0,0.1817578125,0.2645486111111111,0.1817578125,0.29627604166666666,1,True,False
24069,1,0.5,0.20251302083333333,0.27881510416666666,0.20251302083333333,0.30508897569444443,0,True,False
24069,2,1.0,0.22213541666666667,0.29266493055555554,0.22213541666666667,0.31363498263888884,0,True,False
24070,0,0.0,0.3832291666666667,0.39981770833333335,0.13154947916666668,0.3378472222222222,0,True,True
24070,1,0.5,0.376484375,0.4064366319444444,0.116875,0.3406792534722222,0,True,True
24070,2,1.0,0.363515625,0.41079427083333336,0.10341145833333333,0.34114800347222224,0,True,True
24071,0,0.0,0.44848958333333333,0.49322916666666666,0.4358723958333333,0.4878537326388888,0,True,True
24071,1,0.5,0.4466015625,0.4920963541666667,0.4337239583333333,0.49093532986111105,0,True,True
24071,2,1.0,0.4516796875,0.49370659722222215,0.4393619791666667,0.5065993923611111,0,True,True
24072,0,0.0,0.19697916666666668,0.2821223958333334,0.14532552083333333,0.26817274305555555,0,True,False
24072,1,0.5,0.2727734375,0.32233072916666666,0.13018229166666667,0.28522135416666666,0,True,False
24072,2,1.0,0.24962239583333334,0.3344921875,0.11791666666666667,0.2915538194444445,0,True,False
24073,0,0.0,0.16653645833333333,0.26924479166666665,0.1128125,0.24379991319444447,1,True,False
24073,1,0.5,0.1639453125,0.2795052083333333,0.12575520833333334,0.24934461805555552,1,True,False
24073,2,1.0,0.15240885416666666,0.2927387152777778,0.1284765625,0.2520247395833333,1,True,False
24074,0,0.0,0.2459375,0.3932421875,0.23162760416666667,0.40092230902777776,0,True,False
24074,1,0.5,0.276640625,0.3978081597222222,0.2752864583333333,0.4193424479166667,0,True,True
24074,2,1.0,0.30018229166666666,0.39004340277777777,0.2525911458333333,0.40667968750000005,0,True,True
24075,0,0.0,0.3266796875,0.3539800347222222,0.3266796875,0.4510329861111111,0,True,True
24075,1,0.5,0.24643229166666666,0.35316406250000004,0.24643229166666666,0.44681423611111115,0,True,True
24075,2,1.0,0.19932291666666666,0.34209201388888894,0.19932291666666666,0.4229318576388889,0,True,True
24076,0,0.0,0.21901041666666668,0.3210503472222222,0.21901041666666668,0.34503255208333333,0,True,True
24076,1,0.5,0.21044270833333334,0.3136067708333334,0.21044270833333334,0.3389800347222222,0,True,True
24076,2,1.0,0.20345052083333334,0.3055295138888889,0.20345052083333334,0.3305056423611111,0,True,True
24077,0,0.0,0.20197916666666665,0.2254904513888889,0.20197916666666665,0.32693359375000003,0,True,False
24077,1,0.5,0.22247395833333333,0.22776909722222224,0.22247395833333333,0.3360959201388889,0,True,False
24077,2,1.0,0.21654947916666667,0.22459201388888891,0.21654947916666667,0.3359006076388889,0,True,False
24078,0,0.0,0.3803255208333333,0.5093880208333333,0.3803255208333333,0.54478515625,0,True,True
24078,1,0.5,0.3398828125,0.4957682291666667,0.3398828125,0.5382356770833333,0,True,True
24078,2,1.0,0.295,0.4675564236111111,0.295,0.5214084201388889,0,True,True
24079,0,0.0,0.403828125,0.5220876736111112,0.21596354166666668,0.4378493923611111,0,True,True
24079,1,0.5,0.4053645833333333,0.5103559027777778,0.23756510416666668,0.43338107638888895,0,True,True
24079,2,1.0,0.38799479166666667,0.48794270833333325,0.25515625,0.41662543402777774,0,True,True
24080,0,0.0,0.36841145833333333,0.45928385416666667,0.19515625,0.4076779513888889,0,True,True
24080,1,0.5,0.3458984375,0.4579470486111111,0.19893229166666668,0.4084309895833333,0,True,True
24080,2,1.0,0.29430989583333333,0.4352170138888889,0.16342447916666666,0.37883680555555554,0,True,True
24081,0,0.0,0.2017578125,0.2754861111111111,0.07194010416666667,0.22566840277777778,0,True,False
24081,1,0.5,0.3378125,0.3393706597222222,0.09736979166666666,0.29761935763888886,0,True,False
24081,2,1.0,0.3255078125,0.3719921875,0.12342447916666667,0.32622612847222227,0,True,False
24082,0,0.0,0.26907552083333336,0.34466145833333334,0.20766927083333334,0.3416297743055556,0,True,False
24082,1,0.5,0.24915364583333333,0.3423958333333334,0.23654947916666666,0.36094401041666674,0,True,False
24082,2,1.0,0.21880208333333334,0.30735677083333335,0.21880208333333334,0.34813802083333334,0,True,False
24083,0,0.0,0.38428385416666666,0.4142664930555556,0.35735677083333334,0.4061067708333334,0,True,True
24083,1,0.5,0.3870442708333333,0.42668402777777775,0.3694791666666667,0.4250629340277778,0,True,True
24083,2,1.0,0.38919270833333336,0.4265060763888889,0.34513020833333335,0.4243641493055556,0,True,True
24084,0,0.0,0.3228255208333333,0.4524652777777778,0.3228255208333333,0.44926215277777776,0,True,True
24084,1,0.5,0.3392838541666667,0.47463541666666664,0.3392838541666667,0.47068576388888883,0,True,True
24084,2,1.0,0.38869791666666664,0.5012847222222222,0.38869791666666664,0.4880013020833333,0,True,True
24085,0,0.0,0.36065104166666667,0.4052734375,0.36065104166666667,0.5192773437499999,0,True,True
24085,1,0.5,0.36037760416666664,0.40487847222222223,0.36037760416666664,0.5205338541666666,0,True,True
24085,2,1.0,0.3589583333333333,0.40509114583333333,0.3589583333333333,0.525,0,True,True
24086,0,0.0,0.20264322916666666,0.21760850694444445,0.20264322916666666,0.41399088541666673,0,True,False
24086,1,0.5,0.20329427083333335,0.2172222222222222,0.20329427083333335,0.41157769097222224,0,True,False
24086,2,1.0,0.203671875,0.21823350694444443,0.203671875,0.4124761284722222,0,True,False
24087,0,0.0,0.29106770833333334,0.30475260416666666,0.21686197916666666,0.31915364583333333,0,True,False
24087,1,0.5,0.289375,0.29359374999999993,0.20786458333333332,0.30822699652777774,0,True,False
24087,2,1.0,0.2671875,0.2862109375,0.19372395833333333,0.29786892361111117,0,True,False
24088,0,0.0,0.4463020833333333,0.5284635416666666,0.4301302083333333,0.5001085069444445,0,True,True
24088,1,0.5,0.42890625,0.5304253472222222,0.42890625,0.5001041666666667,0,True,True
24088,2,1.0,0.43752604166666664,0.5526953125,0.4217578125,0.5057291666666667,0,True,True
24089,0,0.0,0.39350260416666666,0.48085937500000003,0.39350260416666666,0.4836653645833333,0,True,True
24089,1,0.5,0.41424479166666667,0.4880642361111111,0.41424479166666667,0.48549696180555557,0,True,True
24089,2,1.0,0.43442708333333335,0.48649305555555555,0.418046875,0.4858116319444445,0,True,True
24090,0,0.0,0.17123697916666666,0.33955295138888886,0.17123697916666666,0.3529513888888889,1,True,True
24090,1,0.5,0.1828515625,0.31082465277777777,0.1828515625,0.3224088541666667,1,True,False
24090,2,1.0,0.19165364583333333,0.30342881944444444,0.17942708333333332,0.3308615451388889,0,True,False
24091,0,0.0,0.21575520833333334,0.30655381944444443,0.078203125,0.288125,0,True,False
24091,1,0.5,0.218125,0.31407118055555555,0.08533854166666667,0.2907248263888889,0,True,False
24091,2,1.0,0.22578125,0.3122309027777777,0.096640625,0.2920486111111111,0,True,False
24092,0,0.0,0.3847786458333333,0.43869791666666663,0.3847786458333333,0.46066189236111105,0,True,True
24092,1,0.5,0.38588541666666665,0.4421571180555555,0.38588541666666665,0.46109809027777776,0,True,True
24092,2,1.0,0.3870442708333333,0.4432161458333333,0.3870442708333333,0.4605403645833333,0,True,True
24093,0,0.0,0.23227864583333332,0.2930078125,0.16807291666666666,0.2917947048611111,0,True,False
24093,1,0.5,0.23247395833333334,0.2962065972222222,0.1660546875,0.29462673611111106,0,True,False
24093,2,1.0,0.22942708333333334,0.2974956597222222,0.1641796875,0.29559461805555554,0,True,False
24094,0,0.0,0.201171875,0.25826822916666664,0.06203125,0.23562282986111113,0,True,False
24094,1,0.5,0.19729166666666667,0.2549956597222222,0.061927083333333334,0.2342578125,0,True,False
24094,2,1.0,0.1987890625,0.2540494791666667,0.06369791666666667,0.23471788194444446,0,True,False
24095,0,0.0,0.27634114583333336,0.3625260416666667,0.27634114583333336,0.4659982638888889,0,True,True
24095,1,0.5,0.29278645833333333,0.38221788194444445,0.29278645833333333,0.4740928819444445,0,True,True
24095,2,1.0,0.2790625,0.36497395833333335,0.2790625,0.46332465277777785,0,True,True
24096,0,0.0,0.48356770833333335,0.5154513888888889,0.44338541666666664,0.5413216145833334,0,True,True
24096,1,0.5,0.3215104166666667,0.36859809027777785,0.3215104166666667,0.48853732638888897,0,True,True
24096,2,1.0,0.24946614583333335,0.26157118055555556,0.24946614583333335,0.40485894097222225,0,True,False
24097,0,0.0,0.32514322916666666,0.38854600694444447,0.21486979166666667,0.33833984375000004,0,True,True
24097,1,0.5,0.26993489583333335,0.4142925347222222,0.20510416666666667,0.3680381944444444,0,True,True
24097,2,1.0,0.24671875,0.43911024305555557,0.22,0.3831705729166666,0,True,True
24098,0,0.0,0.3497005208333333,0.37851562499999997,0.3132552083333333,0.4014366319444445,0,True,True
24098,1,0.5,0.3515625,0.37967447916666663,0.30401041666666667,0.40055121527777776,0,True,True
24098,2,1.0,0.35061197916666664,0.3823828125,0.2997916666666667,0.3993511284722222,0,True,True
24099,0,0.0,0.23486979166666666,0.39598524305555555,0.23486979166666666,0.4004730902777778,0,True,False
24099,1,0.5,0.2547916666666667,0.4507899305555556,0.22640625,0.41637369791666673,0,True,True
24099,2,1.0,0.279453125,0.48397569444444444,0.2378515625,0.43594835069444443,0,True,True
24100,0,0.0,0.2537760416666667,0.33966145833333333,0.15341145833333333,0.2588715277777778,0,True,False
24100,1,0.5,0.2879817708333333,0.34480468749999993,0.1614453125,0.27295355902777774,0,True,False
24100,2,1.0,0.28380208333333334,0.3458984375,0.1801953125,0.2765407986111111,0,True,False
24101,0,0.0,0.21510416666666668,0.24652343749999997,0.10489583333333333,0.21411024305555557,0,True,False
24101,1,0.5,0.22825520833333332,0.27612413194444446,0.12744791666666666,0.24081380208333336,0,True,False
24101,2,1.0,0.247421875,0.31125434027777776,0.1575390625,0.2760243055555555,0,True,False
24102,0,0.0,0.35528645833333333,0.4702604166666666,0.35528645833333333,0.4336219618055555,0,True,True
24102,1,0.5,0.4697135416666667,0.49301215277777777,0.3450390625,0.45904079861111113,0,True,True
24102,2,1.0,0.39423177083333333,0.45875000000000005,0.31494791666666666,0.4463151041666667,0,True,True
24103,0,0.0,0.28963541666666665,0.42810763888888886,0.28963541666666665,0.41059244791666666,0,True,True
24103,1,0.5,0.33662760416666665,0.47717013888888893,0.268359375,0.4317816840277778,0,True,True
24103,2,1.0,0.30328125,0.45751302083333334,0.2046875,0.40197482638888893,0,True,True
24104,0,0.0,0.3399348958333333,0.5055815972222222,0.3399348958333333,0.5061588541666667,0,True,True
24104,1,0.5,0.3321875,0.4143836805555556,0.3321875,0.4884027777777778,0,True,True
24104,2,1.0,0.24881510416666666,0.3087326388888889,0.24881510416666666,0.4351258680555556,0,True,False
24105,0,0.0,0.22434895833333332,0.26104600694444446,0.08640625,0.205078125,0,True,False
24105,1,0.5,0.23497395833333334,0.28122395833333336,0.121640625,0.22268663194444446,0,True,False
24105,2,1.0,0.23673177083333333,0.28634548611111116,0.153203125,0.23266927083333333,0,True,False
24106,0,0.0,0.25484375,0.31930121527777783,0.10575520833333334,0.25462890625,0,True,False
24106,1,0.5,0.28032552083333334,0.37421875,0.13569010416666666,0.29760633680555554,0,True,False
24106,2,1.0,0.3033854166666667,0.4315928819444445,0.1455859375,0.34733289930555555,0,True,False
24107,0,0.0,0.31157552083333334,0.3434722222222222,0.29907552083333333,0.39734374999999994,0,True,True
24107,1,0.5,0.31561197916666667,0.35155381944444447,0.31276041666666665,0.4075086805555555,0,True,True
24107,2,1.0,0.3084895833333333,0.3594227430555555,0.3084895833333333,0.4282703993055555,0,True,True
24108,0,0.0,0.31958333333333333,0.3756640625,0.24149739583333332,0.36218750000000005,0,True,True
24108,1,0.5,0.30609375,0.36953993055555556,0.23436197916666668,0.3558854166666667,0,True,True
24108,2,1.0,0.2849479166666667,0.35733506944444443,0.22873697916666666,0.3463671875,0,True,True
24109,0,0.0,0.24067708333333335,0.2655642361111111,0.24067708333333335,0.3719075520833333,0,True,False
24109,1,0.5,0.17686197916666666,0.19995659722222223,0.17686197916666666,0.33532118055555554,1,True,False
24109,2,1.0,0.2623046875,0.30370225694444447,0.2623046875,0.40258463541666667,0,True,True
24110,0,0.0,0.33100260416666666,0.3775217013888889,0.1920703125,0.38382595486111115,0,True,True
24110,1,0.5,0.3346484375,0.3792317708333333,0.2007421875,0.3856987847222222,0,True,True
24110,2,1.0,0.3370703125,0.3850347222222222,0.21622395833333333,0.39423611111111106,0,True,True
24111,0,0.0,0.382578125,0.4369835069444445,0.32158854166666667,0.39703125,0,True,True
24111,1,0.5,0.2866927083333333,0.4523524305555555,0.2866927083333333,0.40302517361111106,0,True,False
24111,2,1.0,0.2122265625,0.41905815972222227,0.2122265625,0.3829535590277778,0,True,False
24112,0,0.0,0.35078125,0.41655815972222215,0.26794270833333333,0.37314019097222223,0,True,True
24112,1,0.5,0.3989713541666667,0.44882812499999997,0.31690104166666666,0.41489366319444443,0,True,True
24112,2,1.0,0.3141145833333333,0.4469487847222222,0.3141145833333333,0.41739583333333324,0,True,True
24113,0,0.0,0.35196614583333335,0.3802647569444444,0.21928385416666665,0.35174696180555554,0,True,True
24113,1,0.5,0.2806119791666667,0.3588368055555556,0.2806119791666667,0.3958246527777778,0,True,True
24113,2,1.0,0.20287760416666667,0.23985243055555552,0.20287760416666667,0.3398198784722222,0,True,False
24114,0,0.0,0.21755208333333334,0.4525347222222222,0.21755208333333334,0.4386306423611111,0,True,False
24114,1,0.5,0.30799479166666666,0.4514366319444445,0.23861979166666666,0.4332877604166667,0,True,False
24114,2,1.0,0.4448697916666667,0.4610199652777778,0.2649609375,0.43822048611111114,0,True,True
24115,0,0.0,0.33770833333333333,0.4077430555555555,0.3122916666666667,0.39542100694444443,0,True,True
24115,1,0.5,0.33881510416666666,0.40132812500000004,0.31415364583333333,0.3900759548611111,0,True,True
24115,2,1.0,0.33772135416666665,0.39577256944444444,0.3139192708333333,0.38621961805555555,0,True,True
24116,0,0.0,0.29997395833333335,0.3976909722222222,0.2760416666666667,0.38994140625,0,True,True
24116,1,0.5,0.3091796875,0.4063715277777778,0.2873177083333333,0.39715277777777785,0,True,True
24116,2,1.0,0.29173177083333335,0.43156684027777786,0.28174479166666666,0.4109657118055556,0,True,True
24117,0,0.0,0.33166666666666667,0.4030902777777778,0.22200520833333334,0.34481119791666665,0,True,True
24117,1,0.5,0.34533854166666667,0.44527777777777783,0.29673177083333335,0.3736328125000001,0,True,False
24117,2,1.0,0.38002604166666665,0.42040798611111113,0.19549479166666667,0.36143446180555555,0,True,True
24118,0,0.0,0.37755208333333334,0.4002907986111111,0.3372395833333333,0.4264908854166667,0,True,True
24118,1,0.5,0.38,0.4218923611111111,0.34768229166666664,0.4256835937499999,0,True,True
24118,2,1.0,0.4393359375,0.4577387152777777,0.28151041666666665,0.4389605034722222,0,True,True
24119,0,0.0,0.3724088541666667,0.4448741319444444,0.3020833333333333,0.3951019965277778,0,True,True
24119,1,0.5,0.3869140625,0.46081597222222226,0.2923177083333333,0.41042317708333337,0,True,True
24119,2,1.0,0.39677083333333335,0.47583333333333333,0.3019140625,0.42539496527777776,0,True,True
24120,0,0.0,0.20127604166666666,0.35640625000000004,0.20127604166666666,0.3530707465277778,0,True,False
24120,1,0.5,0.374140625,0.4295833333333334,0.374140625,0.4766015625,0,True,True
24120,2,1.0,0.40217447916666665,0.5350477430555555,0.33795572916666666,0.4821853298611111,0,True,True
24121,0,0.0,0.314453125,0.39855902777777774,0.24208333333333334,0.3768446180555555,0,True,True
24121,1,0.5,0.27936197916666666,0.3742013888888889,0.24295572916666666,0.36395833333333333,0,True,True
24121,2,1.0,0.2733463541666667,0.37593750000000004,0.23838541666666666,0.35953125,0,True,True
24122,0,0.0,0.223671875,0.3314930555555556,0.09260416666666667,0.2972243923611111,0,True,False
24122,1,0.5,0.24510416666666668,0.33099826388888887,0.07497395833333333,0.2818511284722222,0,True,False
24122,2,1.0,0.24014322916666667,0.32828559027777776,0.07341145833333333,0.28077039930555553,0,True,False
24123,0,0.0,0.22955729166666666,0.36702256944444445,0.22955729166666666,0.3650564236111111,0,True,False
24123,1,0.5,0.19475260416666668,0.33314670138888886,0.19475260416666668,0.3379578993055556,0,True,False
24123,2,1.0,0.17434895833333333,0.33078993055555556,0.17434895833333333,0.32011935763888894,1,True,False
24124,0,0.0,0.20177083333333334,0.3971137152777778,0.20177083333333334,0.37792100694444447,0,True,False
24124,1,0.5,0.20518229166666666,0.39428385416666667,0.20518229166666666,0.37432291666666667,0,True,False
24124,2,1.0,0.20393229166666665,0.3978428819444444,0.20393229166666665,0.37268446180555553,0,True,False
24125,0,0.0,0.38061197916666667,0.4418359375,0.3327734375,0.4298111979166667,0,True,True
24125,1,0.5,0.40522135416666666,0.432890625,0.27338541666666666,0.4000065104166666,0,True,True
24125,2,1.0,0.37915364583333333,0.43747829861111115,0.29680989583333334,0.4063953993055556,0,True,True
24126,0,0.0,0.29930989583333334,0.36684895833333336,0.29930989583333334,0.37680772569444443,0,True,True
24126,1,0.5,0.3186979166666667,0.36876736111111114,0.31350260416666664,0.3690690104166667,0,True,False
24126,2,1.0,0.32678385416666667,0.3732378472222222,0.30736979166666667,0.37193793402777775,0,True,True
24127,0,0.0,0.306328125,0.3567404513888888,0.306328125,0.4588498263888889,0,True,True
24127,1,0.5,0.4251432291666667,0.471484375,0.4251432291666667,0.48425781250000005,0,True,True
24127,2,1.0,0.34442708333333333,0.48833333333333334,0.34442708333333333,0.4594769965277778,0,True,True
