all_views_flagged,any_view_few_semantic_classes,any_view_mostly_dark,any_view_single_class_dominance,any_view_substantial_clipping,architecture,clutter_prior,count_Bag,count_Bookcase,count_Books,count_Cabinet,count_Chair,count_Clock,count_CoatRack,count_CoffeeTable,count_Desk,count_Display,count_FloorLamp,count_Keyboard,count_Laptop,count_Monitor,count_Mouse,count_Mug,count_Notebook,count_PenHolder,count_Person,count_Plant,count_Printer,count_Rug,count_Sofa,count_StorageBox,count_Table,count_TrashCan,count_WallArt,count_WaterBottle,count_Whiteboard,elapsed_seconds,electric_target_lux,ev100,layout,main_people_present,person_visible,room_area_m2,room_height_m,seed,sun_lux,wood_repeat_m,wood_roughness,zones
False,False,False,False,False,Classic,0.63580495,0,1,1,2,1,0,1,0,1,0,0,0,0,0,0,1,0,0,1,2,0,0,0,1,0,1,2,2,0,0.936981274,350.32788,8.724817,OpenOffice,True,False,52.951129808990004,2.7898877,100000,88517.79,2.011507,0.48011428,1
False,False,False,False,False,Industrial,0.9390563,0,0,2,1,3,1,0,2,0,0,1,0,1,0,0,2,1,0,1,0,0,0,0,1,0,1,3,0,3,0.856605868,238.3527,5.7835,Lounge,True,True,46.956078399999996,4.6444674,100001,8894.474,0.89399755,0.3028199,1
False,False,False,False,False,Contemporary,0.97592103,1,4,0,0,0,2,1,0,2,1,0,0,2,0,0,2,2,0,0,0,0,0,0,1,0,2,0,2,0,0.72697852,247.46002,7.174933,OpenOffice,False,False,105.822150488114,2.7428114,100002,84808.43,1.8470615,0.59744483,4
False,True,False,True,False,Industrial,0.7405316,0,1,1,2,9,0,0,0,0,1,0,0,7,0,0,7,11,0,4,6,0,0,0,0,3,1,1,9,2,1.4224701579999999,492.0556,7.6315794,Conference,True,False,127.302501513572,4.1348457,100003,11965.81,0.38062516,0.37007868,3
False,False,False,False,False,Timber,0.759987,1,3,1,2,4,1,1,1,0,1,1,0,2,0,0,1,5,0,2,4,0,0,1,0,1,3,2,2,2,1.181050285,315.01395,5.535647,Conference,True,True,246.39291744940599,3.997986,100004,12184.36,1.4290628,0.45235756,2
False,False,False,False,False,Timber,0.107174896,1,2,0,1,0,2,1,0,2,0,0,0,1,0,0,1,0,0,0,2,0,0,0,0,0,2,1,1,2,0.721139653,801.54614,6.4667497,Training,False,False,75.24656757388979,3.3155725,100005,19934.088,0.92030823,0.46217322,3
False,False,False,False,False,Timber,0.8129312,0,1,0,0,2,0,0,1,0,0,1,0,1,0,0,1,0,0,1,3,0,0,1,1,0,1,0,2,1,0.854657294,140.71416,5.072788,Lounge,True,True,88.288372647018,4.438025,100006,0.6267782,1.5054556,0.3589211,1
False,False,False,False,False,Timber,0.95130694,0,2,0,0,1,1,0,0,3,1,0,2,1,2,2,4,3,2,0,0,0,0,0,1,0,2,0,2,1,0.647360791,154.13274,6.0563197,OpenOffice,False,False,90.23303876466879,4.118409,100007,6917.1406,1.3709413,0.27694473,3
False,False,False,False,False,Industrial,0.22521073,1,0,0,0,4,0,1,2,0,1,1,0,0,0,0,0,2,0,1,2,0,0,2,0,0,0,1,0,0,0.809423751,476.61108,7.847508,Lounge,True,True,117.141198217146,4.7959538,100008,7892.695,1.4832568,0.30776316,2
False,False,False,False,False,Contemporary,0.59277284,1,2,1,1,0,1,0,0,1,2,0,0,1,0,0,1,1,0,0,4,0,0,0,2,0,1,0,1,3,0.63825485,596.77637,6.94053,Training,False,False,165.82363902565498,2.8240032,100009,53987.21,0.47757334,0.6820208,1
False,False,False,False,False,Contemporary,0.16322531,0,3,0,0,0,1,1,0,2,0,1,0,1,0,0,1,0,1,0,2,0,0,0,0,0,1,1,0,1,0.6489463,418.78186,5.4047923,Training,False,False,111.284187860747,3.9358325,100010,1.671151,1.8355767,0.21289703,1
False,False,False,False,False,Classic,0.5961924,1,0,1,1,4,1,0,2,1,0,0,0,2,0,0,3,1,2,0,3,0,0,1,0,0,2,1,0,0,0.620285973,308.37396,7.431124,Lounge,False,False,98.018801553348,3.4783065,100011,41.905792,0.93222404,0.32309318,3
False,False,False,False,False,Contemporary,0.74484265,0,1,1,2,2,0,1,0,4,0,0,0,3,0,0,6,3,1,1,1,0,0,0,1,0,1,2,2,1,0.744351806,371.57202,6.3482084,Training,True,True,65.9686968924316,3.6161544,100012,0.47541457,1.7267846,0.4077931,1
False,False,False,False,False,Timber,0.66593754,1,2,3,2,1,2,1,0,2,0,1,0,1,0,0,3,2,1,2,1,0,0,0,1,0,2,1,1,1,0.899372788,211.4476,5.747599,Training,True,True,68.011538,4.3805532,100013,3160.3267,2.1442068,0.54232824,1
False,False,False,False,False,Contemporary,0.5043094,1,1,0,0,3,1,0,0,0,1,0,0,1,0,0,1,3,0,1,1,0,0,0,2,1,1,1,2,0,0.747135182,171.8751,5.677814,Conference,True,True,68.98013359999999,3.4482322,100014,3602.5383,1.8912019,0.6752094,1
False,True,False,False,False,Classic,0.8085111,0,2,0,0,7,0,0,0,1,1,0,0,5,0,0,4,5,1,1,4,0,0,0,0,2,1,0,4,3,1.110975118,270.62607,7.363399,Conference,True,False,178.267589651026,4.447917,100015,8952.572,1.7434295,0.61971885,3
False,False,False,False,False,Contemporary,0.44685557,2,3,1,2,4,1,2,1,8,0,1,0,2,0,0,3,5,1,0,5,0,0,1,2,0,2,2,3,2,0.882173634,823.5608,6.272358,Training,False,False,203.41835532198002,3.6712832,100016,5913.554,1.8996762,0.44137794,5
False,False,False,False,False,Timber,0.98309445,0,0,2,0,7,3,0,0,0,0,0,0,4,0,0,9,13,0,5,3,0,0,0,2,3,1,1,9,2,1.264244411,59.42777,8.430556,Conference,True,True,106.68767158425999,2.8134732,100017,62898.78,0.40152687,0.28907698,4
False,False,False,False,False,Timber,0.3981002,0,1,0,0,1,0,0,1,1,0,1,0,0,0,0,0,2,0,0,0,0,0,0,0,0,0,1,0,0,0.574163983,9.4264345,6.1976414,Lounge,False,False,41.371696799999995,3.7183752,100018,3224.7769,1.5869931,0.45265952,2
False,False,False,False,False,Classic,0.38641372,3,6,1,1,6,2,0,3,0,0,1,0,0,0,0,2,0,1,5,6,0,0,2,1,0,3,1,2,1,1.6740401249999999,360.3973,6.078077,Lounge,True,True,254.02221600000001,3.8559432,100019,15228.896,0.49915618,0.73265994,3
False,False,False,False,False,Contemporary,0.16482715,0,1,0,1,2,1,0,1,0,0,1,0,0,0,0,1,1,1,0,1,0,0,1,0,0,1,2,0,2,0.549008304,180.09978,6.077468,Lounge,False,False,58.84760435957921,3.8369253,100020,4842.436,1.4889077,0.19253266,1
False,False,False,False,False,Classic,0.2807102,1,1,0,1,9,0,2,0,10,0,0,0,2,0,0,5,3,3,2,4,0,0,0,2,0,2,1,1,1,1.05747939,3.6150725,5.7917547,Training,True,False,239.844329230638,2.925822,100021,4950.6665,1.9120864,0.7936029,5
False,False,False,False,False,Contemporary,0.3839992,0,1,1,0,0,0,0,0,2,2,0,0,0,0,0,1,1,0,0,2,0,0,0,1,0,1,0,0,1,0.761617111,418.56607,7.5435257,Training,False,False,76.07308813677601,4.6438613,100022,13284.995,0.8561835,0.4056663,1
False,False,False,False,False,Timber,0.35198835,0,1,0,1,6,1,0,0,0,1,0,0,1,0,0,2,1,0,2,3,0,0,0,0,1,1,0,1,0,0.900988511,531.4892,8.371128,Conference,True,True,57.9584165882465,4.5234494,100023,66291.89,0.84569526,0.23421776,1
False,False,False,False,False,Contemporary,0.16561277,0,1,0,1,6,0,1,0,0,3,0,0,1,0,0,2,0,0,0,2,0,0,0,1,2,2,0,0,2,0.759909825,158.23611,6.8752637,Conference,False,False,97.39755721475,4.48542,100024,3689.4758,0.2937835,0.46211067,2
False,False,False,False,False,Industrial,0.38970843,3,1,0,0,1,0,0,1,0,0,0,0,0,0,0,1,0,0,0,2,0,0,0,2,1,0,1,3,0,0.595960387,498.72995,6.84217,Conference,False,False,96.648820253469,4.4202,100025,41022.688,0.484703,0.6715697,4
False,False,False,False,False,Industrial,0.5710501,0,1,1,1,1,0,1,0,3,1,0,0,1,2,1,2,2,1,0,0,0,0,0,0,0,1,0,0,2,0.70158158,4.575387,7.797273,OpenOffice,False,False,48.812931541755,3.4241471,100026,86474.12,1.1348879,0.43982202,1
False,False,False,False,False,Timber,0.7346285,1,1,1,0,0,2,0,0,6,0,1,0,4,0,0,2,6,1,0,3,0,0,0,2,0,1,0,2,3,0.753596346,275.88068,7.3650713,Training,False,False,94.879441311884,4.423685,100027,3145.899,1.9809455,0.65954596,2
False,False,False,False,False,Timber,0.2924575,0,1,0,0,2,0,2,0,8,2,0,1,2,2,0,3,2,1,0,4,0,0,0,2,0,1,0,4,1,0.856307834,155.48027,6.071645,OpenOffice,False,False,188.31942678919202,3.8524609,100028,1.0367886,1.2177175,0.47750962,3
False,False,False,False,False,Timber,0.70764536,0,1,0,0,4,0,0,2,0,3,1,0,1,0,0,2,1,2,2,5,0,0,1,2,0,2,0,1,1,1.233734203,318.76324,6.3674555,Lounge,True,True,161.11348918258,3.7497935,100029,1003.4402,2.1573856,0.21511689,2
False,False,False,False,False,Timber,0.85127574,0,1,1,1,2,0,0,1,0,2,1,0,0,0,0,0,0,1,1,3,0,0,0,1,0,2,2,1,2,0.882412375,362.64246,6.2025585,Lounge,True,False,101.816941009779,4.237385,100030,4089.0452,0.8653946,0.4519716,1
False,False,False,False,False,Industrial,0.94841397,0,0,0,0,2,1,0,0,5,0,0,0,3,0,0,6,5,0,1,4,0,0,0,2,0,0,1,3,2,0.883387223,419.36957,6.155208,Training,True,True,73.58933782061999,4.409506,100031,6517.8013,1.1284149,0.6737596,2
False,False,False,False,False,Timber,0.7710019,2,1,2,3,3,2,2,0,2,2,0,0,2,0,0,3,5,1,1,6,0,0,0,2,1,2,0,3,0,1.3192811469999999,488.74466,7.299151,Conference,True,False,250.049842171834,4.2430515,100032,9751.355,0.54484487,0.63572806,5
False,False,False,False,False,Contemporary,0.38342074,1,1,1,3,2,2,1,0,2,0,0,0,1,0,0,1,3,0,0,2,0,0,0,0,0,1,0,0,2,0.70790905,585.44495,8.08526,Training,False,False,88.027787071059,4.3928056,100033,77632.305,0.63261175,0.7936846,3
False,False,False,False,False,Industrial,0.24553123,0,1,0,0,3,1,0,0,3,3,0,0,1,0,0,1,2,0,2,0,0,0,0,1,0,1,1,1,0,0.785989077,8.991721,6.152086,Training,True,True,64.1711900756775,4.7987957,100034,21672.861,1.9294707,0.24517854,1
False,False,False,False,False,Contemporary,0.7095092,1,0,0,1,3,1,0,2,0,1,1,0,1,0,0,1,3,0,1,2,0,0,1,0,0,0,2,2,0,0.817230852,660.9096,5.5694523,Lounge,True,False,127.6078392675,4.3612123,100035,0.25719178,2.1054504,0.813635,2
False,False,False,False,False,Timber,0.7029449,0,1,0,0,2,1,1,1,0,0,1,0,0,0,0,0,2,0,0,2,0,0,1,2,0,2,0,1,1,0.504757002,273.11874,6.6940217,Lounge,False,False,54.2986024,3.0298138,100036,1.7302991,1.660546,0.7068244,1
False,False,False,False,False,Industrial,0.08738565,0,1,0,1,0,1,1,0,1,0,0,0,0,0,0,0,0,0,0,1,0,0,0,1,0,1,1,1,1,0.644065688,102.19342,6.1772165,OpenOffice,False,False,51.8237608,3.2872264,100037,24900.246,0.3520449,0.6938806,2
False,False,False,False,False,Industrial,0.00570648,1,1,0,0,4,1,0,2,2,1,0,0,1,0,0,0,0,2,0,1,0,0,0,1,0,1,1,1,0,0.564014497,573.8682,5.7703443,Training,False,False,85.033569947889,2.7527754,100038,3564.1553,0.5672547,0.59407496,4
False,False,False,False,False,Industrial,0.92638195,2,2,2,2,3,2,1,0,5,1,0,1,2,1,1,6,10,0,2,5,0,0,0,4,1,2,1,4,1,1.178776844,123.057724,7.448294,OpenOffice,True,False,217.457372103312,2.8976202,100039,10893.456,0.6553049,0.31198698,6
False,False,False,False,False,Timber,0.9753202,1,1,2,1,0,2,2,0,2,1,0,1,1,1,1,2,2,0,0,4,0,0,0,0,0,1,1,2,0,0.614682487,364.04147,5.8420553,OpenOffice,False,False,89.529642302035,2.691173,100040,5266.3447,0.8572655,0.4121958,1
False,False,False,False,False,Classic,0.1666762,0,1,1,1,2,1,0,0,0,1,1,0,1,0,0,0,2,0,1,2,0,0,0,0,2,1,1,1,1,0.720296664,293.94315,5.875343,Conference,True,True,44.80621831182009,4.175018,100041,6820.755,1.7511389,0.39559442,1
False,False,False,False,False,Timber,0.9662488,1,0,2,1,8,1,0,0,11,1,1,4,5,5,5,14,3,2,4,4,0,0,0,0,0,0,1,6,2,1.476109996,8.889834,7.519959,OpenOffice,True,True,117.448651074937,3.394615,100042,30821.096,0.9350736,0.69745255,2
False,False,False,False,False,Industrial,0.89747626,1,1,2,2,1,1,1,0,3,1,1,0,1,0,0,4,4,0,1,5,0,0,0,0,0,0,1,2,1,0.792944329,946.62805,6.1447487,OpenOffice,True,False,101.540836484414,4.4069977,100043,6.390796,1.0401207,0.57657063,3
False,False,False,False,False,Timber,0.87400305,1,0,0,1,3,2,0,0,3,2,1,0,1,0,0,5,3,1,2,3,0,0,0,0,0,1,2,2,0,0.80618666,850.7969,7.139449,Training,True,True,78.533838237674,3.3870575,100044,281.5957,0.99926853,0.7582476,1
False,False,False,False,False,Classic,0.4485056,2,0,0,1,3,1,1,1,1,0,0,0,0,0,0,2,3,0,1,3,0,0,1,1,0,0,1,1,1,0.877996169,207.4791,7.838593,Training,True,True,112.44766710004299,3.3479204,100045,53009.137,1.4943397,0.75808436,2
False,False,False,False,False,Contemporary,0.41053924,7,2,1,3,7,1,2,0,10,1,0,0,2,0,0,2,6,4,2,7,1,0,0,2,0,2,3,1,0,1.226847717,45.624355,6.030628,Training,True,True,262.65685108818195,4.7012978,100046,16817.078,2.0536315,0.610933,7
False,False,False,False,False,Classic,0.87713045,0,2,0,1,4,2,0,1,4,0,0,0,4,0,0,6,6,2,2,5,0,0,1,3,0,1,1,4,1,1.237289985,34.40734,6.490782,Training,True,True,174.759567152236,3.2465932,100047,18273.193,0.595358,0.69279134,2
False,False,False,False,False,Timber,0.77488667,0,1,0,0,0,1,0,0,1,0,1,0,1,0,0,4,4,0,1,2,0,0,0,4,1,2,1,0,1,0.814727082,101.263626,6.348327,Conference,True,False,58.39003735478099,3.8921785,100048,10651.06,0.33306053,0.32007638,2
False,False,False,False,False,Timber,0.4667535,0,1,3,2,6,1,1,0,11,0,0,0,4,0,0,7,4,3,2,2,0,0,0,5,0,3,1,6,0,1.165607177,261.10803,7.5690355,Training,True,True,227.420610888624,4.379101,100049,76234.945,2.017101,0.20989381,3
False,False,False,False,False,Classic,0.3161547,0,1,0,1,2,0,0,0,0,0,0,0,0,0,0,0,1,0,1,1,0,0,0,1,1,1,1,1,1,0.690824827,270.98557,5.678484,Conference,True,True,39.53325992,4.2721176,100050,3101.3943,1.9078337,0.54081464,1
False,False,False,False,False,Classic,0.86769474,0,1,1,0,6,1,0,4,1,0,1,0,2,0,0,4,5,1,0,3,0,0,2,1,0,2,0,4,2,0.991952001,172.2076,7.912857,Lounge,False,False,194.205535980288,4.008822,100051,28947.998,1.7587788,0.52395654,7
False,False,False,False,False,Contemporary,0.75998616,0,1,1,1,3,1,0,1,3,2,0,0,4,0,0,3,3,2,1,1,0,0,1,2,0,1,0,4,0,1.017569935,636.50586,7.4083776,Lounge,True,True,97.872383364999,4.662405,100052,54379.93,0.45148903,0.64872986,3
False,False,False,False,False,Industrial,0.33982137,1,1,1,0,3,1,1,2,0,2,1,0,0,0,0,0,1,0,0,1,0,0,1,1,0,2,0,0,2,0.866719417,471.093,7.42702,Lounge,False,False,175.505213939169,4.6215005,100053,3.3652883,0.8847475,0.27426147,2
False,False,False,False,False,Classic,0.31197473,0,1,1,1,1,0,0,0,2,2,0,0,1,0,0,1,1,1,2,1,0,0,0,2,0,1,0,0,1,1.024213109,175.53886,7.083124,OpenOffice,True,True,97.08999034998,4.3363953,100054,36608.984,0.6151027,0.2946052,1
False,False,False,False,False,Industrial,0.2070325,0,1,0,2,3,1,0,0,7,0,1,1,0,1,1,1,2,1,1,0,0,0,0,2,0,3,1,1,0,1.011868125,324.9178,5.256267,OpenOffice,True,False,117.684218977648,4.504568,100055,0.68297774,1.219148,0.50945187,1
False,False,False,False,False,Contemporary,0.59765375,0,1,1,1,2,0,0,1,0,0,1,0,0,0,0,2,0,0,2,0,0,0,1,1,0,1,1,2,4,1.037870039,6.325409,6.278904,Lounge,True,True,98.456182879086,3.0930576,100056,19182.496,0.2936196,0.66541183,1
False,False,False,False,False,Timber,0.60429686,0,1,1,2,1,0,0,0,2,2,0,0,2,0,0,1,1,0,1,1,0,0,0,0,0,2,0,3,0,0.957513665,465.43036,5.657936,Training,True,True,101.2026148952,3.7205768,100057,4046.497,1.6902248,0.43224037,1
False,False,False,False,False,Industrial,0.91587496,0,1,1,3,4,0,0,1,6,1,1,0,4,0,0,10,9,0,2,4,0,0,1,2,0,4,1,8,2,1.412805617,46.182396,6.7737737,Lounge,True,True,235.980448906873,4.2931232,100058,3408.0706,1.840774,0.5938883,2
False,False,False,False,False,Industrial,0.98286337,0,0,4,1,0,0,4,0,6,1,0,3,1,3,3,7,7,1,0,2,0,0,0,0,0,1,0,2,1,0.98265189,220.90974,5.5872197,OpenOffice,False,False,109.364351199687,2.8174093,100059,17270.215,0.28439385,0.55525315,1
False,False,False,False,False,Industrial,0.4687357,0,1,0,0,2,0,1,0,0,0,1,0,0,0,0,1,2,0,1,1,0,0,0,1,1,2,0,2,1,1.230559461,413.63892,6.9061537,Conference,True,True,60.3772628444484,4.0848937,100060,63844.465,0.8351847,0.579844,1
False,False,False,False,False,Classic,0.79323244,3,1,1,1,9,2,1,6,2,3,1,0,4,0,0,10,8,1,3,5,0,0,2,1,0,5,0,3,1,2.656657793,733.2135,6.6117597,Lounge,True,True,253.94784166444802,3.2508242,100061,101.20748,1.8237865,0.59960395,8
False,False,False,False,False,Classic,0.7712276,0,0,0,0,4,1,2,0,0,0,0,0,0,0,0,4,2,0,1,3,0,0,0,4,2,2,0,4,1,1.172945717,503.71115,6.7423544,Training,True,True,120.32407642561,4.4543457,100062,289.77634,0.82645583,0.8087791,5
False,False,False,False,False,Timber,0.6827935,0,1,0,0,2,3,0,0,3,0,1,0,1,0,0,2,4,0,1,1,0,0,0,1,0,2,1,2,1,0.956532758,857.15375,7.9913096,Conference,True,False,88.502366789701,4.6375437,100063,7816.8574,0.6729343,0.66341877,4
False,False,False,False,False,Industrial,0.81187224,1,1,0,0,2,1,0,0,0,0,0,0,2,0,0,2,3,0,0,1,0,0,0,0,1,1,0,1,1,0.61959849,760.33057,6.4436812,Conference,False,False,53.878496,4.4456635,100064,6089.0,0.9035895,0.32772195,1
False,False,False,False,False,Timber,0.88103616,3,2,1,1,4,1,1,0,3,2,0,1,3,1,1,5,7,0,0,10,0,0,0,1,1,1,1,4,0,0.893148404,16.464533,7.4096503,OpenOffice,False,False,178.498518096984,2.661695,100065,31233.902,0.8238709,0.563524,4
False,False,False,False,False,Classic,0.6397288,1,1,0,0,0,0,0,0,1,0,1,0,0,0,0,0,1,0,0,2,1,0,0,1,0,2,1,0,1,0.622816384,290.71634,7.5414333,Conference,False,False,65.02772452734001,4.489868,100066,71634.55,1.8457972,0.6267432,3
False,False,False,False,False,Industrial,0.7426329,1,2,1,1,1,1,0,0,2,0,1,1,0,1,0,4,2,2,0,1,0,0,0,0,0,1,2,0,2,0.698480638,554.88446,7.1010914,OpenOffice,False,False,48.37895999999999,4.122332,100067,5047.4863,2.0474393,0.718639,2
False,False,False,False,False,Timber,0.575664,0,0,1,2,8,2,1,0,0,0,0,0,2,0,0,3,8,0,1,4,0,0,0,3,2,1,0,4,2,0.723435292,411.84656,7.090071,Conference,True,False,91.079787036384,2.7622006,100068,33849.61,1.2088133,0.39804208,2
False,False,False,False,False,Contemporary,0.8931881,0,1,0,0,2,1,1,1,1,0,1,0,1,0,0,2,2,1,1,2,0,0,1,1,0,2,1,1,1,0.817743052,207.86113,6.5695424,Lounge,True,False,157.403268645791,3.1756089,100069,30633.377,0.8237834,0.48864976,3
False,False,False,False,False,Contemporary,0.1475595,0,1,0,2,1,2,2,1,2,1,0,0,1,0,0,2,1,1,0,5,0,0,0,0,1,5,1,2,0,0.956649122,10.60708,4.801835,Conference,False,False,143.41002487662402,4.04762,100070,0.26860765,0.8516631,0.61792135,4
False,False,False,False,False,Timber,0.8259891,1,0,4,1,4,0,1,1,5,0,0,0,3,0,0,8,5,0,3,2,0,0,0,3,0,4,0,5,3,1.096466462,45.59404,7.6275444,Training,True,True,131.65415890405802,2.9250805,100071,64210.223,2.1476052,0.40315682,4
False,False,False,False,False,Classic,0.7735906,0,1,1,1,3,0,0,1,0,1,1,0,0,0,0,1,2,0,1,1,0,0,1,1,0,0,0,1,0,0.694673973,196.7482,6.9988937,Lounge,True,True,41.7526158715722,4.224907,100072,1690.0715,0.97677016,0.6341057,1
False,False,False,False,False,Classic,0.7483427,0,1,0,0,2,0,0,1,0,0,1,0,0,0,0,2,1,0,0,1,0,0,1,1,0,1,0,1,2,0.840408494,21.36201,5.6835833,Lounge,False,False,114.59668331598802,4.493884,100073,4550.9614,0.51705015,0.31863922,1
False,True,False,False,False,Contemporary,0.70405304,2,1,0,0,1,2,2,0,3,0,1,0,1,0,0,4,4,1,0,3,0,0,0,0,0,1,0,3,2,0.824630832,620.1771,7.937204,Lounge,False,False,101.01164132718,3.7221537,100074,4292.5796,2.137145,0.35389894,5
False,False,False,False,False,Timber,0.94362205,0,1,1,1,2,1,0,0,2,0,0,1,0,1,1,3,2,1,1,1,0,0,0,0,0,1,0,1,1,0.779982871,34.31374,7.2030582,OpenOffice,True,True,59.946784065767794,4.3888474,100075,51093.742,0.9085045,0.27415437,2
False,False,False,False,False,Timber,0.9713897,0,1,1,0,1,2,0,0,4,0,0,0,4,0,0,3,3,1,1,0,0,0,0,0,0,2,1,1,1,0.702803158,299.62805,5.5608163,Training,True,True,39.29072820280199,2.7086208,100076,56.33018,0.55999345,0.64985,1
False,False,False,False,False,Industrial,0.9122014,0,3,0,0,0,0,0,0,3,0,0,0,1,0,0,1,3,0,0,4,0,0,0,2,0,1,1,4,1,0.703536714,217.88344,7.0942507,Training,False,False,118.329465493512,3.7468026,100077,19861.297,1.2054657,0.44119042,1
False,False,False,False,False,Classic,0.3889918,1,1,1,1,9,0,0,5,2,1,0,0,1,0,0,3,4,0,2,5,0,0,4,1,0,2,1,1,2,1.148303143,705.0119,7.5414066,Lounge,True,False,204.749412,3.0344577,100078,67146.15,1.3287963,0.79763544,6
False,True,False,False,False,Contemporary,0.73399514,1,3,2,1,6,3,2,1,2,0,0,0,5,0,0,8,12,0,2,4,0,0,0,3,2,3,2,2,1,1.193018383,181.338,5.423397,Conference,True,True,170.95817646835198,3.1571124,100079,8546.801,1.7080096,0.3701552,5
False,False,False,False,False,Classic,0.25492856,0,1,0,0,7,0,0,0,4,1,0,0,2,0,0,2,1,0,1,0,0,0,0,1,1,0,1,0,2,0.809489185,3.3553946,7.3909354,Conference,True,True,101.53817307265,2.6725845,100080,72566.65,1.8435868,0.7882751,4
False,False,False,False,False,Industrial,0.92195827,1,1,0,1,3,2,0,0,0,2,1,0,2,0,0,3,4,0,1,2,0,0,0,0,1,1,1,3,0,0.740547577,160.58388,6.718679,Conference,True,True,64.330072465274,3.8904696,100081,23982.717,0.8869562,0.21127388,1
False,False,False,False,False,Timber,0.9433661,1,0,0,0,1,0,1,0,2,0,0,1,0,1,1,3,3,1,0,0,0,0,0,0,0,2,2,3,0,0.628375357,587.5673,6.802283,OpenOffice,False,False,55.53432639999999,4.5478683,100082,22426.354,1.9430538,0.40554625,2
False,False,False,False,False,Contemporary,0.45207763,1,0,1,0,6,1,1,1,4,1,1,0,2,0,0,3,4,0,2,2,0,0,1,0,0,1,0,3,3,1.089681716,12.040156,3.4624932,Training,True,True,126.06908789852,3.593289,100083,16.31344,0.41947854,0.5017805,5
False,False,False,False,False,Classic,0.5772737,3,3,1,1,2,2,1,0,4,0,0,0,0,0,0,2,5,1,0,2,0,0,0,5,0,3,0,1,2,0.828186288,386.79498,7.7337074,OpenOffice,False,False,154.691788755933,2.662719,100084,9094.777,1.7837608,0.18511239,7
False,False,False,False,False,Contemporary,0.89944965,0,1,1,3,4,0,0,0,0,0,0,0,1,0,0,2,4,0,2,4,0,0,0,0,1,1,0,3,3,0.835393659,351.8433,5.15338,Conference,True,True,60.49660176212279,3.8319144,100085,88.71152,0.4790361,0.5662699,1
False,False,False,False,False,Timber,0.75978285,0,2,0,0,0,1,0,0,1,1,0,0,1,0,0,2,1,0,0,0,0,0,0,0,3,1,1,6,1,0.56619511,706.0524,7.553493,Conference,False,False,42.84950152,3.8369827,100086,82886.6,0.91485894,0.76672775,2
False,False,False,False,False,Contemporary,0.9653909,0,2,0,0,2,3,0,1,1,0,1,0,1,0,0,3,3,2,1,1,0,0,0,0,0,2,0,0,2,0.750609383,321.85474,5.9123073,Lounge,True,True,117.9023705170432,3.7905836,100087,5676.8926,1.2328624,0.24474381,4
False,False,False,False,False,Timber,0.40112352,2,1,0,0,2,2,0,1,0,0,0,0,0,0,0,0,0,1,0,1,0,0,1,0,0,1,1,0,0,0.61338371,765.87933,5.7535563,Lounge,False,False,56.631145874272704,3.8355644,100088,48.859947,1.8849112,0.53983974,2
False,False,False,False,False,Industrial,0.69972336,1,2,1,1,1,2,0,0,2,0,1,0,0,0,0,2,2,1,0,2,0,0,0,0,0,2,3,1,1,0.629793703,247.96936,6.08048,Training,False,False,105.1720584946864,2.726929,100089,10324.936,1.2073134,0.65664804,3
False,False,False,False,False,Timber,0.60151464,2,1,0,0,5,0,0,3,3,0,1,0,2,0,0,5,3,2,1,4,0,0,2,0,0,2,0,2,2,0.967482353,12.453079,6.750392,Lounge,True,False,186.05224034362502,4.467072,100090,9717.592,1.2310674,0.32474875,7
False,False,False,False,False,Timber,0.7599974,2,2,2,3,2,1,4,1,7,0,1,1,3,1,1,8,7,0,1,5,0,0,0,1,0,3,0,7,2,1.080659426,188.4372,6.3075743,OpenOffice,True,True,254.880507,4.0211244,100091,37013.473,2.121851,0.6169869,6
False,False,False,False,False,Contemporary,0.98371804,1,1,1,0,5,2,0,0,1,0,0,0,3,0,0,3,4,0,0,1,0,0,0,0,1,0,1,0,2,0.643573293,281.3764,7.416187,Conference,False,False,52.85343279999999,4.010973,100092,21268.451,0.5986253,0.50517386,2
False,False,False,False,False,Contemporary,0.42724562,0,0,0,1,3,1,0,0,0,0,1,0,0,0,0,2,2,0,2,0,0,0,0,1,2,1,0,0,0,1.293560917,17.081553,5.3833213,Conference,True,True,69.989892,2.6993558,100093,17325.908,0.5165466,0.47048804,2
False,False,False,False,False,Timber,0.49725258,0,2,1,1,1,0,0,0,2,0,0,0,0,0,0,0,1,0,0,0,0,0,0,0,0,1,1,1,1,0.584147536,549.56464,5.764259,OpenOffice,False,False,50.0779923157568,4.2459054,100094,3.319495,1.5571014,0.68447423,1
False,False,False,False,False,Classic,0.7501451,0,0,2,2,3,1,0,2,0,1,1,0,1,0,0,2,3,0,1,1,0,0,0,1,0,1,1,1,2,0.8182956,173.7786,7.6922016,Lounge,True,True,63.70150639999999,4.295607,100095,29111.7,1.4258846,0.71507543,2
False,False,False,False,False,Industrial,0.7149891,1,2,2,2,7,0,3,0,3,1,1,0,5,0,0,5,10,1,1,6,0,0,0,2,3,4,0,5,0,1.328772996,319.82123,7.1465044,Conference,True,False,258.350959661157,3.7889073,100096,1.161265,1.9572974,0.39163077,9
False,False,False,False,False,Timber,0.7975399,2,1,2,2,4,0,0,0,5,0,0,4,0,4,3,5,5,2,0,3,0,0,0,3,0,0,0,3,3,0.8861251,649.6574,8.39732,OpenOffice,False,False,130.066499915625,3.7731428,100097,37370.61,0.6142302,0.56054825,3
False,False,False,True,False,Industrial,0.68352526,0,1,0,0,5,1,1,0,2,0,1,0,4,0,0,7,5,0,2,7,0,0,0,4,2,4,1,3,1,1.299780761,151.00227,6.0379705,Conference,True,True,164.585349575398,4.683531,100098,48893.117,1.619978,0.7942339,3
False,False,False,False,False,Industrial,0.6842878,1,0,1,1,2,0,0,2,0,0,1,0,1,0,0,2,2,0,3,1,0,0,0,0,0,1,1,1,3,1.205470077,162.00002,7.5366645,Lounge,True,True,54.5917008,3.8620305,100099,94682.85,0.5027398,0.62428844,1
False,False,False,False,False,Classic,0.22843465,0,2,0,1,5,1,0,0,6,1,0,0,2,0,0,3,4,1,2,4,0,0,0,2,1,1,1,2,1,1.104982467,599.36523,7.4920583,Training,True,True,260.7281952,2.92658,100100,673.86163,2.1505516,0.49930596,7
False,False,False,False,False,Contemporary,0.25436062,1,0,0,0,0,1,1,0,3,2,0,0,1,1,1,2,1,0,1,1,0,0,0,0,0,2,1,0,2,0.81333662,38.38897,3.816419,OpenOffice,True,True,96.14142471752,3.8399649,100101,0.2393562,1.0223151,0.31236526,2
False,False,False,False,False,Contemporary,0.37580714,0,2,0,1,3,0,0,1,2,0,1,0,1,0,0,0,0,0,2,1,0,0,1,1,0,2,1,3,2,1.108805546,178.11192,7.1731186,Lounge,True,True,77.547795915482,3.8912134,100102,5092.0835,1.707168,0.7764694,2
False,False,False,False,False,Contemporary,0.98700273,0,0,0,0,1,1,0,0,5,1,0,1,3,1,1,6,7,1,1,0,0,0,0,1,0,1,0,4,1,1.007651315,773.23004,6.437327,OpenOffice,True,True,64.5921752,4.03743,100103,744.52734,1.4736247,0.54888785,1
False,False,False,False,False,Classic,0.86914617,2,2,1,0,9,1,0,4,0,1,1,0,2,0,0,6,7,0,2,3,0,0,2,2,1,4,0,3,2,1.541247716,439.57202,7.6257067,Lounge,True,True,226.918632253805,3.3366883,100104,3216.0576,1.8895223,0.46250153,6
False,False,False,False,False,Contemporary,0.7728585,1,1,1,3,1,0,0,0,2,0,0,0,0,0,0,5,3,0,1,5,0,0,0,3,0,2,1,5,3,1.08106041,235.68289,7.50865,OpenOffice,True,False,105.04780797274802,4.6003284,100105,5492.157,0.8830384,0.45279786,4
False,False,False,False,False,Classic,0.7827019,0,1,1,0,6,1,2,0,2,0,1,0,2,0,0,5,6,0,3,2,0,0,0,0,2,0,2,7,1,1.438244141,549.8081,6.4676456,Conference,True,True,137.609558697996,4.585641,100106,107.7958,0.76302516,0.27659905,4
False,False,False,False,False,Classic,0.65483516,1,2,3,1,1,0,0,0,2,0,1,0,2,0,0,3,1,1,0,0,0,0,0,1,0,1,0,1,1,0.690688252,555.7188,7.2790537,OpenOffice,False,False,55.16672,4.773752,100107,4260.0234,1.8252667,0.728618,1
False,False,False,False,False,Timber,0.97976255,0,1,0,0,3,2,0,0,1,1,0,0,3,0,0,4,5,0,2,3,0,0,0,1,1,1,0,1,1,1.008612781,316.7964,5.5674515,Conference,True,False,82.55533710381651,2.9557805,100108,8701.004,0.72225714,0.61862075,2
False,False,False,False,False,Industrial,0.9596094,1,1,0,0,1,2,0,0,2,2,0,0,1,0,0,4,2,0,0,1,0,0,0,0,0,2,1,2,1,0.679402907,4.5256667,5.611011,Training,False,False,52.9438616,4.17834,100109,5227.116,2.0088851,0.2626581,1
False,False,False,False,False,Industrial,0.400906,0,1,0,0,0,1,0,0,3,0,0,0,2,0,0,0,2,0,1,2,1,0,0,0,0,2,1,0,1,0.704133735,821.0658,8.065045,Training,True,False,93.170967450484,3.22524,100110,96942.61,1.3523897,0.6580312,2
False,False,False,False,False,Timber,0.8905022,2,0,2,2,5,1,1,0,0,0,0,0,2,0,0,4,4,0,0,5,0,0,0,0,1,1,1,3,2,1.069393971,767.5212,7.12086,Conference,False,False,148.409761496877,3.6680372,100111,4470.013,1.8580831,0.67612267,2
False,False,False,False,False,Industrial,0.63212854,2,1,1,1,4,1,2,2,0,0,0,0,0,0,0,1,2,1,0,1,0,0,0,2,0,3,1,1,1,0.88940665,334.87888,7.583464,Lounge,False,False,95.74536247603601,2.7660983,100112,81928.6,1.5578281,0.3669839,3
False,False,False,False,False,Contemporary,0.6547061,0,1,0,1,3,1,0,0,0,0,1,0,0,0,0,2,3,0,1,1,0,0,0,0,1,1,0,2,1,0.807855996,388.76794,6.7748446,Conference,True,True,44.371179275503074,3.7203403,100113,4921.5415,1.5807174,0.56569946,1
False,False,False,False,False,Contemporary,0.44860962,0,0,0,0,3,0,0,2,0,0,0,0,1,0,0,0,2,0,1,3,0,0,2,0,0,4,0,0,2,0.865260634,3.0815082,6.8241467,Lounge,True,False,133.782320892465,3.653737,100114,83381.72,1.4494237,0.7523554,2
False,False,False,False,False,Timber,0.26537517,1,2,0,0,1,0,0,0,1,1,0,0,0,0,0,1,1,1,1,0,0,0,0,0,0,2,1,0,0,0.652624137,351.54477,7.3893166,OpenOffice,True,True,46.4056712,4.490151,100115,47681.504,1.1144725,0.21800461,1
False,False,False,False,False,Contemporary,0.93040234,1,1,1,1,2,2,0,1,0,1,1,0,1,0,0,3,2,0,0,0,0,0,1,2,0,2,0,1,4,0.844551312,214.10632,6.063502,Lounge,False,False,191.42692860129998,2.8402765,100116,0.19227122,2.1908798,0.34270814,1
False,False,False,False,False,Contemporary,0.15630521,3,2,0,1,5,1,1,1,9,1,0,0,2,0,0,2,1,3,1,1,0,0,0,1,0,2,1,2,0,0.967273984,269.50238,6.7504225,Lounge,True,False,190.14799955639097,2.9792485,100117,5589.2007,2.1346643,0.5817624,10
False,False,False,False,False,Timber,0.4862549,0,1,1,2,1,1,0,0,1,0,0,0,1,0,0,0,1,1,0,1,0,0,0,1,0,1,0,1,1,0.628180273,798.03906,6.258148,Training,False,False,68.0299372474238,2.8409455,100118,1.3222039,0.47513938,0.7078917,1
False,False,False,False,False,Industrial,0.7101539,1,2,1,1,2,2,1,1,0,0,1,0,0,0,0,2,0,0,1,1,0,0,0,0,0,1,0,3,1,0.847319432,466.629,7.95991,Lounge,True,True,109.8444485229264,4.186088,100119,25268.838,1.5924121,0.305148,1
False,False,False,False,False,Timber,0.6359558,0,1,0,0,1,1,0,0,3,1,0,1,1,1,1,2,0,0,0,4,0,0,0,0,0,2,0,1,0,0.766445065,421.0475,7.8372726,OpenOffice,False,False,90.7205514461987,4.3979616,100120,95407.26,1.1665491,0.31361535,2
False,True,False,True,False,Timber,0.80237794,2,4,3,3,3,3,0,2,4,1,0,0,5,0,0,6,7,0,0,2,0,0,2,3,0,3,0,6,4,1.248900934,448.60745,8.030453,Lounge,False,False,245.31788322915997,4.2378483,100121,74171.84,0.6168376,0.23803094,4
False,False,False,False,False,Contemporary,0.20824422,1,1,0,1,1,0,1,0,1,0,1,0,0,0,0,0,2,0,2,1,0,0,0,2,1,1,1,0,2,1.122515682,385.44708,5.888488,Conference,True,True,77.2259058499905,4.425907,100122,44.002834,1.2260046,0.56861246,2
False,False,False,True,False,Classic,0.54657567,0,1,0,0,5,1,1,0,2,1,0,0,3,0,0,4,3,1,2,2,0,0,0,1,1,3,1,2,1,1.049940827,299.6969,6.80783,Conference,True,True,116.153581364302,3.3512428,100123,9971.993,1.8256919,0.2584691,3
False,False,False,False,False,Timber,0.56438094,0,2,0,1,2,2,0,1,0,1,1,0,0,0,0,2,1,0,0,1,0,0,0,0,0,1,1,2,1,0.682531019,7.061845,4.5138006,Lounge,False,False,38.357085786167495,3.510743,100124,1196.5547,0.28394112,0.67400503,1
False,False,False,False,False,Timber,0.5419218,0,2,2,3,4,1,2,1,4,0,0,0,1,0,0,6,4,2,1,2,0,0,0,2,0,1,3,3,1,1.090084935,371.94678,8.566743,Training,True,False,214.47683435014198,4.070625,100125,64033.617,1.5830156,0.3946321,2
False,False,False,False,False,Classic,0.4744977,2,0,0,1,2,0,0,1,0,0,0,0,1,0,0,0,2,0,2,1,0,0,1,0,0,1,1,1,1,0.995959983,191.77794,7.342411,Lounge,True,True,49.4877824,3.9495525,100126,75577.29,2.073115,0.7475289,1
False,True,False,False,False,Classic,0.51233244,0,1,0,1,8,1,3,3,0,1,0,0,1,0,0,2,4,2,0,4,0,0,3,0,1,1,0,1,2,0.860816124,306.7338,5.4925423,Lounge,False,False,200.367606505252,3.8531637,100127,40.901955,1.476367,0.34822938,4
