baseline,seed,mean_reference_baseline_m,mean_path_length_m,min_pairwise_baseline_m,min_reference_baseline_m,max_reference_baseline_m,min_horizontal_spread,min_relative_motion
0.0,24000,0.2409686081317049,0.199097505,0.15763680734768915,0.1978805942236606,0.3254046656860133,0.26887465780129927,1.5778765861143231e-06
0.0,24001,0.26455565059565495,1.8067825,0.09779958295054214,0.18839704693398343,0.34962492996754624,0.36546147370197796,7.58900202867809e-08
0.0,24002,0.11835883532117365,0.438644955,0.08680676691353041,0.08680676691353041,0.1472678205250895,0.8798608775056096,1.0011658485390012e-06
0.0,24003,0.15441805626666213,0.5548238,0.08969736469713915,0.1318264972538524,0.18939586351773785,0.6388745831922013,4.119452264860969e-07
0.0,24004,0.14307832182986877,0.58232349,0.10801651238819933,0.10801651238819933,0.16558423928484242,0.6329314505740048,9.528129446968986e-07
0.0,24005,0.22458000626730554,3.7200196,0.11963937868970274,0.18394025476182096,0.2588238973479729,0.4166398859730023,4.373980837074713e-08
0.0,24006,0.22568897582676786,3.396456,0.16431700066569424,0.16431700066569424,0.31611374635154943,0.6061148878029842,1.9377077530496053e-07
0.0,24007,0.18895814138380215,1.9473948,0.06489594043536166,0.06489594043536166,0.29888252988706127,0.5166166591891972,2.2993599039980513e-07
0.0,24008,0.18487614729434373,2.0113673,0.09798651102202591,0.09798651102202591,0.24191395038885208,0.5739347204559326,1.251109866258517e-07
0.0,24009,0.11321907973657656,0.791564885,0.08810055858628196,0.08810055858628196,0.15667599038038213,0.340053231420331,2.1967342704529913e-07
0.0,24010,0.1265146834170811,0.0886872425,0.07531809314131699,0.07531809314131699,0.15419384358777133,0.5767867970624845,3.0145124767759182e-06
0.0,24011,0.1749774541959254,0.117372717,0.13470981397541112,0.13470981397541112,0.25339427508738227,0.425970654416886,5.99532813389649e-06
0.0,24012,0.14545285494134674,2.9440408,0.10493066749096809,0.10493066749096809,0.1903306293871012,0.20925692567793253,1.1807556594805931e-07
0.0,24013,0.2740974237510313,2.099664675,0.1555233794533571,0.1555233794533571,0.3354492374738387,0.6619968060721084,3.2221844228798665e-07
0.0,24014,0.1653631305465165,0.2737276525,0.10824494698289601,0.10824494698289601,0.26464828723097744,0.3731105265804614,1.500957686138713e-06
0.0,24015,0.2337559696570459,0.2888001575,0.18567731602998813,0.18567731602998813,0.2778438784692225,0.793451968372582,1.7792871945487554e-06
0.0,24016,0.29527185944792317,1.258355575,0.12063443947683851,0.2658706825066594,0.32358622479977844,0.3140892669461597,3.110544565997679e-07
0.0,24017,0.16308372574944913,1.4300596,0.1067314166787363,0.14233048991885067,0.1747969801823818,0.88921418953429,2.55178111443931e-07
0.0,24018,0.14866206391822875,0.26675624,0.08197806076205759,0.08197806076205759,0.2054596657146111,0.9145102102675846,8.847261671721502e-07
0.0,24019,0.13263351458921302,0.1060840345,0.08512406614854848,0.08512406614854848,0.21232467408199213,0.5387253797306775,3.3628923160642065e-06
0.0,24020,0.2618311848799868,2.305369,0.1691600589977138,0.19494192607060082,0.31208040149238775,0.22462419061162484,8.216767946773753e-08
0.0,24021,0.15186688501636555,0.2446187325,0.06489891050489596,0.06489891050489596,0.2757582531554224,0.2931143523435181,9.058687028031245e-07
0.0,24022,0.18410043919110713,0.3692263175,0.07791460365714485,0.0855020388205193,0.3038934872097624,0.37720377443267655,1.496680657248748e-06
0.0,24023,0.28255793619741765,2.4806736,0.22338633534612512,0.25379878192353494,0.32057273247009055,0.42192642895032156,1.743240828341716e-07
0.0,24024,0.2065486997457095,2.68797545,0.11311483125010621,0.11311483125010621,0.26631417919722206,0.752270445603458,2.125650939212204e-07
0.0,24025,0.17924148441434895,0.40201837749999997,0.1251622231233307,0.1251622231233307,0.22934764190352533,0.5604646632988488,1.8294296522711657e-06
0.0,24026,0.17533701247522346,2.6672095250000005,0.1421978769342218,0.1421978769342218,0.21372457906204856,0.5142409797963883,2.817698167153361e-07
0.0,24027,0.12874743628606827,0.61995878,0.0919679110931201,0.0919679110931201,0.18666996822273596,0.6848153217705839,1.8689391665772637e-07
0.0,24028,0.14646391151651894,2.3907287,0.08356498242168814,0.11303689569781408,0.18973445237563372,0.5445310720452056,2.0039930056397598e-08
0.0,24029,0.24093674117313033,0.29018432,0.11428840184687565,0.15853189368624707,0.30860273397789606,0.366509895439992,1.2317889260875744e-06
0.0,24030,0.22522712889190044,0.246139535,0.09187715447427634,0.09187715447427634,0.3088987847697852,0.4107234753157358,3.043792889205879e-06
0.0,24031,0.18618651522433455,2.4540937,0.07598267184779721,0.07598267184779721,0.24136794117704818,0.6570349374119632,1.3395286382808724e-07
0.0,24032,0.13184775742473165,0.45845813,0.08140462600601034,0.08140462600601034,0.2099987358255189,0.24507539671950337,5.616784527090456e-07
0.0,24033,0.17350455889887026,4.6958494,0.07830747753656733,0.07830747753656733,0.3068595207179299,0.36640368573818705,7.681028867029258e-08
0.0,24034,0.15250410929161137,2.2056737,0.041702042658963906,0.0858701134720346,0.2745953093956625,0.25237595039867156,2.3218251054550587e-07
0.0,24035,0.16676628142102085,0.3375390125,0.12652064752426762,0.12652064752426762,0.19246303851248944,0.6145548343005419,2.0241637738424723e-06
0.0,24036,0.22348889449417256,0.6259640375,0.12395179333450577,0.12395179333450577,0.275975741820291,0.6291363781038514,9.171701267066434e-07
0.0,24037,0.14555162603462732,0.23626058,0.1270404911894237,0.1270404911894237,0.16915368141279105,0.4020701371301021,3.915118265017936e-06
0.0,24038,0.13774689258532843,0.207665975,0.07356500210079495,0.08774507005735388,0.16988916507299703,0.2100321058183253,3.7573133067757e-06
0.0,24039,0.10354070853665868,1.108115075,0.070690270999976,0.070690270999976,0.14610066932772764,0.5672781380072537,5.418262414957252e-07
0.0,24040,0.22705370491401114,0.6756749799999999,0.0992379324653334,0.0992379324653334,0.34352945830335474,0.8093234017973536,8.743111451666563e-07
0.0,24041,0.18239256288206804,0.13197678000000002,0.16961886174800853,0.16961886174800853,0.19066652352494928,0.556605736287509,2.8218052922923665e-06
0.0,24042,0.12355397888141478,2.2788265,0.07578481871522821,0.09650458640551779,0.17488904711116143,0.30312498517158615,1.1293838355263108e-07
0.0,24043,0.16349788201848373,0.160025905,0.14607176857768778,0.14607176857768778,0.18918829495283926,0.7723076551036944,2.4987288555688826e-06
0.0,24044,0.2033549429970394,2.1575718,0.09275430760740995,0.09275430760740995,0.34204146869801466,0.3137098121798628,8.393221758599278e-08
0.0,24045,0.18382447078723213,0.3851236925,0.10128273881817164,0.10128273881817164,0.31416842122264566,0.31294390146878726,7.413284100938692e-07
0.0,24046,0.20551452423288244,0.6893220125,0.11071516804851089,0.11071516804851089,0.33245470319750325,0.4922030029963526,1.1827112829260425e-06
0.0,24047,0.14636779336539665,7.504124750000001,0.11009288630788146,0.1182970659075849,0.19990953030958777,0.3745211761293369,5.338501975992509e-08
0.0,24048,0.19226700449812012,0.275015755,0.10040540049368654,0.10040540049368654,0.34018804482877196,0.4475795041224937,1.0325512063625027e-06
0.0,24049,0.2773595776944289,4.9227217,0.24005384563747362,0.24005384563747362,0.3332316015713393,0.7018038779212166,6.643359148530191e-08
0.0,24050,0.2876550045152884,1.4131278,0.23615935370617827,0.23615935370617827,0.3207429930916345,0.6118621069397918,7.749936485547716e-07
0.0,24051,0.13037014450279072,1.8905903,0.07752775807870943,0.07752775807870943,0.20608231011918543,0.4120402509997741,1.2754474048051208e-07
0.0,24052,0.20687764581546486,0.858791545,0.11429111071618826,0.15774399098095623,0.2607052786978617,0.536362737320501,7.053302775286834e-07
0.0,24053,0.2976694144018571,2.7144568,0.1410434718712924,0.24132507085972427,0.3333478989264731,0.44238625754158933,1.1196256728779158e-07
0.0,24054,0.28611690450394955,3.5054593,0.18690804493418703,0.23260335175600017,0.34579369829451634,0.41514048918054547,5.518033500382902e-08
0.0,24055,0.17130256475559477,2.68400515,0.07053582150007168,0.07053582150007168,0.3333917599572312,0.20311114507682865,1.4107776809601414e-07
0.0,24056,0.17700991372127378,2.372493075,0.09637495429446381,0.09637495429446381,0.336019326487723,0.41504809164481776,9.027737764720737e-08
0.0,24057,0.150496302701717,3.6198423,0.06878474536908591,0.06878474536908591,0.26529262540245996,0.2595085425673614,4.7145844011633284e-08
0.0,24058,0.2666439491961568,0.09746774,0.17214541621983423,0.2349890451185665,0.32057101496940166,0.35787113413536736,3.605771133302167e-06
0.0,24059,0.2289345017156632,1.0641900499999999,0.15432596844348506,0.15432596844348506,0.33715881939598735,0.5150947302784932,3.2161157079392553e-07
0.0,24060,0.20470877687846664,0.124887204,0.13210546946939802,0.13210546946939802,0.24975611549377547,0.661594801976935,3.797576682147757e-06
0.0,24061,0.22197183625053563,2.0084623500000003,0.08685336197914315,0.08685336197914315,0.33067549381091116,0.4515412088424249,2.288385872016966e-07
0.0,24062,0.21667010225939193,0.2938699275,0.12219147137824304,0.12219147137824304,0.2837062783230043,0.36230484701606086,1.8339119058638334e-06
0.0,24063,0.10337035365873654,3.1660333,0.06596528140471246,0.07322796637885362,0.13934576846754293,0.542996535282666,7.120578653455708e-08
0.0,24064,0.12883478362941242,0.111402905,0.07197068623828722,0.07197068623828722,0.22816552387939784,0.2710310332375211,2.8756086445130073e-06
0.0,24065,0.24866176309007765,0.130148865,0.18089048713739933,0.18089048713739933,0.31301076410921347,0.22782276359802456,2.2484593380228752e-06
0.0,24066,0.1725847968881513,0.2209961525,0.10305655459253231,0.10305655459253231,0.21794359353684276,0.46909855080481444,1.1660175888731997e-06
0.0,24067,0.16804739080117684,2.5626967,0.1005359915954483,0.1005359915954483,0.28691917304279274,0.47891449594253854,1.414193475242223e-07
0.0,24068,0.09786953454082087,0.07780519799999999,0.07476901040996128,0.07476901040996128,0.11694475747485975,0.5114466713059368,2.4774483182433e-06
0.0,24069,0.20789850605497748,0.102822289,0.16593882875412258,0.16593882875412258,0.28287372912112196,0.7757999866710183,4.491170024498505e-06
0.0,24070,0.2400444433519432,0.26913117750000004,0.165381959888496,0.165381959888496,0.3289988176424044,0.2706923940934715,1.3100525523104994e-06
0.0,24071,0.11201332060174662,0.856731745,0.06473986905709658,0.08656204817903973,0.1313808772468049,0.3789817952042501,2.891071259056442e-07
0.0,24072,0.22788662287135047,2.2264898,0.1455884406660432,0.1455884406660432,0.33513864516577296,0.33778601302495415,5.957228133898164e-08
0.0,24073,0.1624157841061639,0.35013250500000004,0.11119987017029276,0.11119987017029276,0.25272224231167784,0.4177178223854166,2.572092148711753e-06
0.0,24074,0.14981938390805719,0.3424377475,0.07768649410347987,0.07768649410347987,0.2472303423546758,0.4881260766402351,2.548308209833868e-06
0.0,24075,0.22979800033001885,0.72105915,0.04971548925093663,0.21063388401902536,0.243653234638184,0.437048658419594,7.977976454175804e-07
0.0,24076,0.1565031948422856,2.11173,0.10088957741656017,0.1495799285933454,0.1618738773684798,0.2787651027875277,1.8141491700853913e-07
0.0,24077,0.22463962813034966,0.2005048775,0.1254417892162336,0.1254417892162336,0.3037713430350996,0.6724508395491364,1.6311029994479274e-06
0.0,24078,0.23122853431399343,0.1370064175,0.0634877976154981,0.0634877976154981,0.3497741235322158,0.7268121178343223,5.694937474453853e-06
0.0,24079,0.13957247800398678,2.0973868,0.06621246953958188,0.06621246953958188,0.1886998333588919,0.455731952078853,1.6792418792700083e-07
0.0,24080,0.23551659084065654,0.5224253075,0.06455756133730309,0.06455756133730309,0.328884741213339,0.3750575294156108,1.2320505641297644e-06
0.0,24081,0.24670846294272017,2.4070497,0.10896203444996627,0.10896203444996627,0.3499445239160919,0.33583313266423664,1.1409395438301769e-07
0.0,24082,0.12964666894130078,2.894113,0.062488072743604586,0.062488072743604586,0.2381906461471777,0.2508882264423923,7.90236978343477e-08
0.0,24083,0.15533481061100204,3.1812851,0.09211780499454232,0.09211780499454232,0.2555091472539879,0.32301339501614307,1.1669873509870101e-07
0.0,24084,0.19193220049998216,0.30338901,0.06371702255174817,0.1389950076583328,0.22028910272646285,0.5376995686006172,1.6643483545182342e-06
0.0,24085,0.23873762129666343,0.14049625249999997,0.1348876073114209,0.1348876073114209,0.3456728566250615,0.45884639136064326,4.477276288727347e-06
0.0,24086,0.13243701971945276,0.0712149135,0.07391198785454227,0.07391198785454227,0.1853797443545543,0.7543051583574505,5.3760333638903204e-06
0.0,24087,0.1904408027894358,5.669964225,0.0699751797122383,0.08416704772474146,0.33801560001208514,0.3002531088442367,4.409440871455708e-08
0.0,24088,0.152583639081559,0.18696137000000002,0.06681769094846723,0.06681769094846723,0.22754102381915123,0.5190999056246871,2.3062741951513897e-06
0.0,24089,0.11434746162921988,0.047303294249999996,0.04746881602104693,0.0649571404261302,0.20771367915527372,0.2505515775464862,8.251490338826262e-06
0.0,24090,0.12154875359097929,2.3555163500000003,0.060880603959142895,0.060880603959142895,0.15275788114297084,0.6748290040889638,1.29529153803157e-07
0.0,24091,0.20433265175802737,0.19388576,0.1123990830843943,0.1667368267131137,0.27633956655154823,0.522446014240428,2.350811740046168e-06
0.0,24092,0.2195291357276781,2.2724642250000002,0.14714487917742844,0.14714487917742844,0.336491970254878,0.5515414068793494,2.9409672316588096e-07
0.0,24093,0.08579234298682352,0.08117901375,0.06860947265993078,0.07511144626217042,0.09367273973684874,0.28260294779309314,4.012631175472846e-06
0.0,24094,0.23839689349212723,0.15528029999999998,0.13997183869196644,0.13997183869196644,0.3027606276139618,0.25130651238111484,4.891790369406329e-06
0.0,24095,0.180410509050387,0.18811905,0.11797118796591793,0.11797118796591793,0.2368029343924606,0.7754894047490936,2.1159804871134853e-06
0.0,24096,0.09298095733173803,2.182174,0.07959114542065342,0.07959114542065342,0.11677742623178329,0.459692036915027,7.616758580336631e-08
0.0,24097,0.10753228981162455,2.7519403,0.06931643176051404,0.06931643176051404,0.12908413596352558,0.3432059328146088,7.129887796345903e-08
0.0,24098,0.22114372878293756,0.1318376675,0.09666155375798594,0.18206226702372125,0.25771079900916066,0.6033236056885549,4.9598240503416644e-06
0.0,24099,0.11228275777169422,2.5658233,0.060672380763883045,0.060672380763883045,0.20549469299696194,0.26846845671366537,9.464526233526391e-08
0.0,24100,0.20842223337638588,0.8735820000000001,0.10182834445612098,0.13181360876423184,0.2969943421075316,0.2070662957121653,3.003289480667933e-07
0.0,24101,0.17520498193154363,0.1286938025,0.0643013297595974,0.0643013297595974,0.2968893188071105,0.5601621388535549,2.0856250561343147e-06
0.0,24102,0.22930089219680272,2.1353652,0.15792117755541898,0.15792117755541898,0.2818417452049818,0.8758453676879442,3.1203668595506917e-07
0.0,24103,0.3004502794370298,0.5399447175000001,0.05615338878580701,0.2746873536299223,0.3279971221216888,0.8904561013184676,5.640636237605852e-07
0.0,24104,0.21125015079846246,3.2739499,0.10986951983324512,0.14204239366614602,0.34014290044279977,0.39404834404629063,3.040758210220674e-08
0.0,24105,0.19118086803349582,0.16821984,0.1426007518330812,0.1426007518330812,0.23125256035899364,0.46855665805238605,1.7124560447307014e-06
0.0,24106,0.2505123707101264,1.857526925,0.07413655584365889,0.07413655584365889,0.3499593229479678,0.6815076646303563,3.043238200486392e-07
0.0,24107,0.29755101678224244,0.698013715,0.23331256562476413,0.23331256562476413,0.3423474293033908,0.4695787114478371,9.412712049215916e-07
0.0,24108,0.1859263374281564,0.24607645250000001,0.11468464394760954,0.14673474881279788,0.20695894201478704,0.6337243931386715,2.6095018915465704e-06
0.0,24109,0.26857330714716965,1.7420916249999998,0.192487938670185,0.192487938670185,0.3285225876228355,0.45671981604633705,2.6359294957609754e-07
0.0,24110,0.11478535752782151,0.11044488625000001,0.08817628167893893,0.08845331536538359,0.15332078375054164,0.5292249696050034,8.34781451532094e-06
0.0,24111,0.18499871446141306,1.9759189,0.0842748072604142,0.0842748072604142,0.24980620346471322,0.7252250295555951,1.5063260524008182e-07
0.0,24112,0.21847322754046952,2.4894838,0.14435289065789442,0.19524154669498509,0.23618537215917926,0.4640609452569495,7.715680921343923e-08
0.0,24113,0.17324150780253678,3.838033575,0.07391522407359956,0.07391522407359956,0.29236287014155077,0.42350681895086123,8.428579660926756e-08
0.0,24114,0.2927137002191963,1.96883465,0.26962281057008136,0.26962281057008136,0.33731240434010706,0.8086198066104824,2.924498847028476e-07
0.0,24115,0.1136674016996052,2.8419728,0.06817790961491862,0.06817790961491862,0.18786654719978754,0.37915230349611223,6.806239571042948e-08
0.0,24116,0.10502286926805453,0.21111881500000002,0.060669658552937225,0.060669658552937225,0.17520543124975457,0.3529930580858299,1.3235506937582926e-06
0.0,24117,0.2325314715230958,2.001314975,0.1394158160566437,0.1394158160566437,0.3161025787543342,0.5492501051611662,2.2473758159994155e-07
0.0,24118,0.18652844926400036,3.1565306,0.11994666217182381,0.11994666217182381,0.2671580114596283,0.6340879358562305,3.0779511082484844e-08
0.0,24119,0.17704213905157973,0.636374115,0.08435851878209148,0.11834695498959481,0.2599989587891909,0.54638937220884,4.5652424436112085e-07
0.0,24120,0.18804686843046464,2.8602111,0.15012822820765562,0.15012822820765562,0.2632667849128143,0.7599744377017054,1.0769408016558754e-07
0.0,24121,0.23734889167032938,0.44903163749999997,0.20794516662569973,0.20794516662569973,0.2737867036155884,0.4809131695667166,6.146493635870448e-07
0.0,24122,0.22432313429588496,2.6391199,0.06409345399602039,0.06409345399602039,0.33898779066636,0.8086567793985218,6.967143690259507e-08
0.0,24123,0.11705692856556617,0.36141377750000003,0.06210550120513955,0.06210550120513955,0.17287650820713724,0.39771033057549193,6.765809562940784e-07
0.0,24124,0.21746990096992044,0.18309573750000002,0.07089135672999157,0.1774125035588725,0.2598032197361111,0.34508621864396033,6.911108355442891e-06
0.0,24125,0.19819894749536981,0.9477595050000001,0.07313234932292263,0.07313234932292263,0.2637476532639678,0.9579090779473032,8.708469411777945e-07
0.0,24126,0.19640992713258745,0.352548285,0.154790105533367,0.154790105533367,0.2265696441009803,0.5592611247679521,4.5953791281786356e-07
0.0,24127,0.317507023001777,1.8402123,0.17781453623523735,0.27809221057130035,0.34706845335400344,0.7141217024278037,7.644565616296861e-08
0.25,24000,0.7786515894681968,0.179454535,0.652686838515432,0.652686838515432,0.8559036607050596,0.5176533229945328,0.09477738063691264
0.25,24001,1.0919401989080986,1.6737985000000002,0.5493379599040175,0.8394032619102013,1.529884449254404,0.45232700902689216,0.15100737699500164
0.25,24002,1.449484305619835,0.46340943,0.7672539778240075,0.8082932988228345,2.669312668708891,0.3000284051024138,0.22059496127311212
0.25,24003,1.2000742865071605,0.5404642125,0.6779590904938647,0.6779590904938647,1.7469328600848393,0.6213777159868836,0.0889510252915261
0.25,24004,1.9736357248492056,0.6324817,0.7706137109347001,1.3121654681686261,2.6758790262154415,0.4321604417347161,0.09493802323397897
0.25,24005,1.5830359894113588,3.77325075,0.5149535355306245,1.218540776395891,1.9384145146807612,0.5106799513774976,0.06302860048449124
0.25,24006,1.1427546817360923,3.5669809999999997,0.6062823897844964,0.8369453670486919,1.4943138960893123,0.6222952020178595,0.04190422532763646
0.25,24007,0.992330559218267,1.9257092000000002,0.6434945201143286,0.6777183649846963,1.2462255656902044,0.51717139080278,0.05496509632292758
0.25,24008,1.7373055187457644,0.18814983000000002,0.9113673607606979,0.9113673607606979,2.659562406886161,0.34411321401309797,0.1487582492843059
0.25,24009,1.6802113276600175,0.8448746025,0.5653439372152236,0.9039504815530973,2.200670420300014,0.34285401512816915,0.10749294235734591
0.25,24010,1.7881322212181887,0.0853870025,1.084908093421678,1.084908093421678,2.177139505392883,0.7885104367736226,0.07961270038425453
0.25,24011,1.3662536670304641,0.111908936,0.6403411231644736,0.6403411231644736,2.0703212415639993,0.6380756290537964,0.084303697046494
0.25,24012,1.505056814673734,0.16065569000000002,1.3241773880599004,1.3241773880599004,1.7066977868600253,0.7203407637696665,0.07184514962679914
0.25,24013,1.0212235270042456,1.9944404,0.6462698468580597,0.6462698468580597,1.6000167362692461,0.23386463619523448,0.07828836470684628
0.25,24014,1.4021248790111063,0.30265126000000003,0.7347782211080327,0.7347782211080327,2.136340170415594,0.5500419237739481,0.09169836269411018
0.25,24015,1.2244587391458184,0.28366315750000004,0.5970315173536318,0.7719758690371998,1.5755540678379434,0.6393544217804057,0.10563246571755328
0.25,24016,1.8741654255330373,1.3108061,0.9448853793923419,1.3676376866657574,2.465227644810341,0.3720663981363878,0.06320010702323302
0.25,24017,1.906886018760327,1.5418246249999998,0.5766009845680891,1.4575607982600314,2.2619111021905383,0.4511432249692251,0.06654478705413848
0.25,24018,1.9922710946377435,0.23996488249999998,0.8282985398163455,1.5469665914257862,2.2533449393734895,0.65430106591136,0.05373075983029404
0.25,24019,1.7667493045923282,0.10295834499999999,0.9317635480646721,0.9317635480646721,2.7413684697284224,0.6720784958855313,0.1477072374321476
0.25,24020,1.4199685950189131,2.367469625,0.6769059489873168,0.6769059489873168,2.3888898108737684,0.250809788227339,0.1280050483036831
0.25,24021,1.2356479179867224,0.24033810500000002,0.6949148566484391,0.6949148566484391,1.978163804094922,0.40928092667339366,0.10723612659614287
0.25,24022,1.9110961384839689,0.35732902,0.8775796255469701,0.8775796255469701,2.6304841925408304,0.4421039396215092,0.07084622707248812
0.25,24023,0.9690186001350535,2.6475722250000002,0.3408749378689199,0.7382695337815925,1.3498379844721253,0.6465864162602677,0.07317551464803596
0.25,24024,1.7351459543282857,2.56138045,1.0246626346357246,1.0246626346357246,2.6476729330256044,0.30429656994439896,0.06382454664608887
0.25,24025,1.6384422612184282,0.3966552475,1.1130446934092495,1.1130446934092495,1.9049649533381687,0.6026635147090026,0.04915887582428175
0.25,24026,1.6696302111609174,2.6772251750000002,0.6001209040334289,1.1467706092318422,2.1877578245137284,0.4218854245956818,0.10806858535670746
0.25,24027,1.3307790231961665,0.2773086925,0.7526644196768504,0.7526644196768504,1.95487987553674,0.5337541190760825,0.12822157758487318
0.25,24028,1.791549164232567,2.361471225,0.8155722287130001,1.3522936982698914,2.140917271794981,0.43967708792095045,0.1413801620751186
0.25,24029,0.871598321906468,0.28605186,0.36312760002243505,0.7774211020139984,1.04493492122292,0.3379856212424293,0.09902081471584895
0.25,24030,1.277835896431049,0.2665603975,0.6404812960912517,0.8688656085880139,1.9744621546389463,0.3073830275547799,0.0387230293595973
0.25,24031,1.264415418512966,2.686318075,0.7042196707508318,0.7042196707508318,1.8688781141166122,0.6960492128654082,0.04779282713950995
0.25,24032,0.8045201208391554,0.4648662925,0.3046390682648443,0.6866860631027908,0.9851709308909586,0.612061460797939,0.05026508197585809
0.25,24033,1.0937954346381666,0.3732095325,0.7970432741021172,0.7970432741021172,1.5955076199875258,0.26876084714667825,0.0966112393594537
0.25,24034,1.8780394418530881,2.14694145,0.5032104466391497,1.3215991835912466,2.387804088802134,0.4119554896212869,0.07747197978769967
0.25,24035,1.3816087514180808,0.3199787725,1.0771888677309844,1.0771888677309844,1.6072616408634564,0.5246034026692898,0.0705788229202197
0.25,24036,1.4045632273453315,0.6172868425,0.7323328984899354,0.7323328984899354,2.154302252982422,0.6204540464301462,0.1520470125212125
0.25,24037,1.2619893236478652,0.23002741249999997,0.3063996143555178,1.1268275411425872,1.3828962238349627,0.3293548113138867,0.08446432628203705
0.25,24038,1.433276132490903,0.19556456249999998,0.7590719161674488,0.7590719161674488,2.092982698339063,0.6850429252073175,0.0993448483909718
0.25,24039,1.2081340460003067,1.1367178,0.4743363928969923,0.9024705111135211,1.9622773554474582,0.3104065566026803,0.08069829345611006
0.25,24040,1.1483541182723638,0.6536972925,0.6906650302585059,0.6906650302585059,1.9437311690559325,0.3425190931287026,0.16246659189216156
0.25,24041,1.3415382400687708,0.13821711,0.8013321383003802,0.8013321383003802,1.629169247880299,0.6744045046248333,0.05226461219240062
0.25,24042,1.1451644262789682,2.508175175,0.6689399833614598,0.6689399833614598,1.613731401242961,0.37868268864343785,0.08403829800885267
0.25,24043,1.016378450818834,0.16382795500000003,0.23808000179099637,0.8110293928561175,1.349415189600399,0.7045790884291219,0.17773470788958443
0.25,24044,1.2271894871245295,2.05558995,0.7184252040447899,0.7184252040447899,1.830297309077056,0.7583863270002545,0.04753930336282889
0.25,24045,1.2594714488182028,0.3887788975,0.5624015112446623,0.844987137551537,1.5917651109964528,0.874962481740169,0.15107579147989317
0.25,24046,0.9055961740605609,0.7030933075000001,0.3611923844529531,0.6720932447052046,1.1551599001163604,0.45775997226528803,0.10424935497165004
0.25,24047,1.7389530837747658,7.683372250000001,1.0115065257817422,1.0817495569999374,2.611202747448405,0.29645405020575233,0.046956945885331544
0.25,24048,2.6082215507676936,0.257543625,0.8052647374587998,2.5461685316712757,2.6757633345511858,0.5327621090108556,0.10092339880952858
0.25,24049,1.6040207987437003,4.746877850000001,0.8032411492633641,0.8032411492633641,2.368796945329686,0.32929965939067796,0.04141630474787562
0.25,24050,1.1295813893147468,1.345185975,0.44268384416631906,0.8838801000485815,1.4759690064252284,0.3594206146494008,0.18366561475165258
0.25,24051,1.136529054199406,1.75086695,0.1638836240046268,0.6953252138242068,1.891362721534999,0.49291471960953465,0.10041888058303222
0.25,24052,2.053702601986605,0.8242972425,0.19438011975186661,1.7491332153175592,2.286085011600463,0.6044932297300208,0.07215146692923405
0.25,24053,0.9383251220542553,2.16158135,0.4736797991680666,0.7138410465051235,1.3405405762538523,0.2543030393029984,0.09373575646100789
0.25,24054,1.7062640637368058,3.365110025,0.5872449605132766,0.7815465502454475,2.2608402130364382,0.2462234022635786,0.06378128400034701
0.25,24055,2.108778579535254,2.641713775,1.7326723280635181,1.7326723280635181,2.4747772275432878,0.508782008607224,0.050960702146939436
0.25,24056,1.2625233171432793,0.2006555325,0.7339938857270705,0.7824533916616954,1.585020530569024,0.6545015209574888,0.17729905940769689
0.25,24057,0.9999092186281364,3.6165815500000003,0.18292985581150392,0.7788917115674423,1.2200976616227797,0.4243341910831429,0.058176440879032114
0.25,24058,1.732357672150173,0.08928968749999999,1.2901022425949313,1.3938902415200962,1.997658825356363,0.6159934002040833,0.09778665664021226
0.25,24059,0.8157736636801527,0.9739459675,0.2697223512943634,0.7242949032116792,0.9771798760368222,0.22900864747088207,0.13212040671257935
0.25,24060,1.1552521944054,0.10825179875,0.7071414157227183,0.8388431682377642,1.4553726919925252,0.5892346807715063,0.09009102850326724
0.25,24061,1.5982246129171556,1.9442156750000001,0.9462920064166287,1.2257084500731252,2.0170394637153954,0.6685427021499445,0.060248842861568404
0.25,24062,1.9552275664591072,0.270379825,0.6267614223965995,1.5255824667927218,2.1799453759245435,0.2566976217177541,0.08460836716444597
0.25,24063,1.3370847078087718,0.17539364500000001,0.38376324806888423,0.8477501963736509,2.190357524574033,0.4121355683477615,0.08838510172126558
0.25,24064,1.0293589550633955,0.1034604485,0.6810457431034936,0.6810457431034936,1.5726119192607193,0.25226365677833484,0.052667261577926096
0.25,24065,2.118075667203301,0.1430095875,1.3915297468182284,1.3915297468182284,2.505863254514182,0.5699121376035085,0.07255216872435195
0.25,24066,1.540972742534172,0.240826855,0.8594728940102183,0.8594728940102183,2.465537438840959,0.392388793760808,0.0427263784006068
0.25,24067,1.709829866959477,2.567050575,0.9994700577776952,0.9994700577776952,2.526284351363142,0.5099413239826234,0.0709014332904941
0.25,24068,0.8876677839001255,0.07693406525,0.636256834615419,0.733178683978835,1.0704304959867714,0.3055731353802302,0.07276145009018768
0.25,24069,1.4188044662114325,0.11010478825,1.0557526544161515,1.0557526544161515,2.0419217086955648,0.43133398919129,0.05595200849962121
0.25,24070,1.4902796446703008,0.2596848325,0.7874346021019055,0.8164652767914566,2.6121595429307725,0.280238841063599,0.05472972990050648
0.25,24071,1.2507471896799296,0.8419654974999999,0.5739504913946687,1.169893716801048,1.314721638030105,0.756773091812273,0.09705534614024058
0.25,24072,1.257981358078347,2.0819842500000005,0.36007831082880415,0.9802591728310122,1.6341478296613376,0.6607786630362935,0.04971631757941336
0.25,24073,1.3167463356645996,0.3507887275,0.7891748068597032,0.7891748068597032,2.3349352969106807,0.24892417691591906,0.09351576217575602
0.25,24074,1.374770725477935,0.329624935,0.7603215027155611,0.7603215027155611,1.8930067248551683,0.6480129961156239,0.11783598102070918
0.25,24075,1.0611508752301424,0.7943097699999999,0.703926193855585,0.7414060590362412,1.3634114028675053,0.5385301500991425,0.15301272616734754
0.25,24076,1.2178193355025342,1.9846234000000003,0.5086945949875298,0.6360253018459171,1.6524990771297878,0.32750019409133474,0.07261659574110392
0.25,24077,1.3355135404980158,0.20442397499999998,0.8022403140121955,0.8022403140121955,2.003749436246514,0.4339338030284301,0.10061680017142612
0.25,24078,1.1185853921242843,0.14724048750000002,0.6605958803173777,0.6605958803173777,1.7051839511183426,0.2652184787348059,0.05261482222031234
0.25,24079,0.9277568323530004,1.9045659499999998,0.5623135616541044,0.6551386130514573,1.2145250430289622,0.6007160845052036,0.12436266164634986
0.25,24080,1.1764655040900873,0.5682792750000001,0.32445663469880665,0.8909467301062455,1.5172151109794483,0.5005133210320468,0.08329587382316835
0.25,24081,0.9299630400614972,2.268342975,0.2669125611656762,0.6925450604350305,1.1519559396617085,0.5501337342709143,0.07230520939648467
0.25,24082,1.2728477570487227,0.4263194875,0.7100044603777216,0.7147317605239744,1.5771449486666627,0.4881319429277078,0.03841280827969831
0.25,24083,1.5878085175829377,3.029979725,0.7890734142769453,0.7890734142769453,2.0421476964218597,0.7697757588209325,0.08684287204658364
0.25,24084,1.676390361204783,0.276698415,1.1870456076683629,1.2250827524827292,2.459001998674462,0.4373240640147827,0.054933594460930324
0.25,24085,1.6754618719482228,0.15484106749999998,0.9388302634691272,1.1337663368290933,1.9718810593231455,0.6443220432196466,0.04321399899701055
0.25,24086,1.0443521600222023,0.07062367250000001,0.7322223943456403,0.7322223943456403,1.5593165680665457,0.33783486569069116,0.09778574754757884
0.25,24087,1.0930646948836087,5.491538125,0.3491789809286923,0.8367709622111719,1.553765156264363,0.24088917640168847,0.04929865282746737
0.25,24088,1.7834233283328065,0.18494239,0.811019291230326,0.811019291230326,2.3086611232950975,0.9277735380441214,0.051838089379391175
0.25,24089,1.376820998701847,0.047470582250000004,0.6669335754723481,0.6669335754723481,1.8667290649042565,0.4003167579393965,0.05731515296958627
0.25,24090,1.6672735606510085,2.32470745,0.3539737148843959,1.0464070910217063,2.3989261131097064,0.22908208757996112,0.05995777441786305
0.25,24091,1.943207155620111,0.2120916225,0.8208741247736597,1.4711134090693554,2.2539550957594985,0.287924138160694,0.0857795625504283
0.25,24092,1.139874713380939,2.0378261500000003,0.18654519756372712,0.7978315216329882,1.5741773029088433,0.4923887889937043,0.13343539814912664
0.25,24093,1.303686251010119,0.09327183750000001,0.7423441940543002,0.7423441940543002,1.9550780246331145,0.2317312600347003,0.10507173623462927
0.25,24094,2.1566768908369927,0.150711075,0.7214142974153204,2.0754230090204495,2.2699711786132046,0.6507570462591851,0.14830072036248299
0.25,24095,2.0928147733443976,0.1799131625,1.3408351416003519,1.9987001959495,2.1719849450089543,0.6335202538409401,0.06291781652162355
0.25,24096,1.1539163969536141,2.3332574249999998,0.670430131499122,0.670430131499122,1.8382340806403077,0.2900331290083067,0.058737748741325514
0.25,24097,1.3250274958179926,2.6572655000000003,0.8330389787391222,0.8330389787391222,2.0544072757676135,0.4661778243840615,0.044465912003352176
0.25,24098,1.0920373348784984,0.12034534350000001,0.5655008034117808,0.862268510900874,1.2306720254837435,0.6937656609538795,0.05233797688593051
0.25,24099,0.8121461435579239,2.5314433750000003,0.23777239668771805,0.6399338727282372,1.1559111335834995,0.457149230033225,0.04679640496870645
0.25,24100,1.679747666035973,0.7854285375,0.7007436018412583,0.7007436018412583,2.40313134356542,0.24784737936068973,0.2240050643641173
0.25,24101,0.8817723003273591,0.137474665,0.34972938029614214,0.6655704455179857,1.1444269392304258,0.519797141216506,0.11306814074312532
0.25,24102,1.4663695539556874,1.5777662000000001,0.3884778541759362,0.8741758586195916,1.879567898624386,0.7266458976769864,0.14119303412812143
0.25,24103,1.4440724728408183,0.5744171975000001,0.9326102032355531,1.2914872827573525,1.5738888227650931,0.5069786693502469,0.054438907770271834
0.25,24104,1.186152666376457,3.3633118,0.7231262715279345,0.7231262715279345,1.5438316021197749,0.5743971349430838,0.05000343143614542
0.25,24105,1.074328042681419,0.141442095,0.5118859827458159,0.7475027806334233,1.483722517587214,0.3993148455061161,0.07755398567510088
0.25,24106,1.2612493114958894,1.817738325,0.6596485191655175,0.6596485191655175,1.6195068540246287,0.3214996525412769,0.04111321811093168
0.25,24107,1.8278914944544262,0.6177373825,1.150506205535029,1.150506205535029,2.551472739103103,0.7784954719993669,0.12791704609886417
0.25,24108,1.532343101216729,0.2140073425,0.9262078973379031,0.9262078973379031,2.297743457920281,0.3682043067252661,0.08221420937662621
0.25,24109,1.3466677246083782,1.729942675,0.3507537921012863,1.0218662759773658,1.5782340196384508,0.7377311586930637,0.06976746928140289
0.25,24110,1.0209403085275697,0.23063137250000001,0.6152316027984255,0.6992768369702158,1.506729238682269,0.44285965964215224,0.09020606866274354
0.25,24111,0.7999631225672162,1.880366,0.6506744405768907,0.6506744405768907,1.0490323656423042,0.5891531371220152,0.050776097459407796
0.25,24112,1.6856066975716262,2.484143,0.5134793856264268,1.4136526117549815,1.8466319164218854,0.5198335964622716,0.04947004620922602
0.25,24113,1.2692482724278271,3.706903125,0.5860562480425406,1.0110424413283008,1.5090926653998786,0.3661459283169874,0.03865262390474811
0.25,24114,2.184544012702744,1.917296775,1.326616146494913,1.326616146494913,2.754087657152308,0.42951846190769233,0.07654014292360711
0.25,24115,0.8644518148750154,2.897814725,0.3401317498852907,0.7370794184942147,1.1526435607145298,0.3306186473046861,0.09066330119401556
0.25,24116,1.3293709263733051,0.23160095,0.7631103243095785,0.7631103243095785,2.2815278469574483,0.5218716779496683,0.09894027212169117
0.25,24117,1.2681226671910668,1.7587756749999999,0.6964737946053967,0.6964737946053967,2.160822103610848,0.36776555356860613,0.06203605452301153
0.25,24118,1.6278918046138993,3.165215025,0.8362178677474489,1.0486407600527696,2.0900717469429133,0.5848675777868386,0.09672298215070986
0.25,24119,1.6518920755979423,0.55290577,0.8679762999276315,0.8679762999276315,2.2460369496656267,0.6402687998310798,0.11807616502729947
0.25,24120,1.2675378282417895,2.861997875,0.4425214263164782,0.695190851061383,2.1403239035766273,0.36857970833417514,0.09699927135206754
0.25,24121,1.1627949776160986,0.4803389425,0.7453161163154396,0.7453161163154396,1.5813873266300922,0.5916609381461305,0.17688815350542555
0.25,24122,1.2152079649399385,2.699155625,0.6405884807341133,0.6405884807341133,2.37731703097666,0.295072137615131,0.07101179744445793
0.25,24123,1.5884019031847685,0.40324202,0.8751733339666526,0.8751733339666526,2.4360889698459793,0.398343946651254,0.08764124341526662
0.25,24124,1.0900289259358469,0.20334614750000002,0.5523564012540165,0.654472995202823,1.5384092556552846,0.5171139074578124,0.0883778626468576
0.25,24125,1.0301038654907975,0.9837942375000001,0.70050500797317,0.70050500797317,1.4432852778658731,0.5823657268249954,0.07494262393532469
0.25,24126,2.0066329874821665,0.35707921,1.2846415205284836,1.2846415205284836,2.3909676178390593,0.6193893921565536,0.20806840242082802
0.25,24127,1.6844933524923398,1.859809125,1.2371354556474567,1.2371354556474567,2.2577625024150714,0.7568264221511856,0.04693425755211182
0.5,24000,1.3799901709853448,0.21074282499999997,0.6222160946783913,1.2164964991321672,1.5105522421235715,0.6660222903995051,0.18885587169121437
0.5,24001,1.489411401157997,1.664045225,1.292353499466698,1.292353499466698,1.8689196977955338,0.4933543881605614,0.18790865438827564
0.5,24002,2.321101355229354,0.372563945,1.4165408414093017,1.6466362148964535,2.7386141560800183,0.6782320376031898,0.14932930944409453
0.5,24003,2.3942900168117025,0.5120072075,1.2900622793967285,1.2900622793967285,3.640992875703976,0.3510279942805087,0.17677697287015715
0.5,24004,1.697873180922865,0.6101065124999999,0.4121240435371492,1.2329711797001621,2.4141831204927207,0.6245890023887016,0.1821813402691516
0.5,24005,2.397036823716133,3.86031745,1.1854928261520183,1.7197114772189668,3.2047238632255635,0.47728261838184993,0.1859090047309138
0.5,24006,2.439343003827235,2.6839324749999998,1.5270930901189952,1.8601124608929493,3.759234889513668,0.5148146488842291,0.17669354793667166
0.5,24007,2.9893391674952747,1.580643325,1.2691126079746105,2.0853812268211533,4.613086363896632,0.3849503748095612,0.11793511058209998
0.5,24008,1.5177863142057297,0.2374684125,1.2426683886864507,1.2662177805351615,1.6764539793107671,0.4166348194302391,0.1017027432326093
0.5,24009,1.5950733820379588,0.7183308125000001,1.2232300783182533,1.2819375037317746,1.7747241294483012,0.699038753715498,0.12857531914984166
0.5,24010,2.033131660799748,0.08818937925,0.574111481877675,1.565427417217218,2.8131397966429996,0.574719336343498,0.10845273768529787
0.5,24011,3.315375045688433,0.134108606,1.5277766237210604,2.6011574114550817,4.248249758825441,0.38892705138033595,0.15996422863263726
0.5,24012,1.345190258486548,0.223538825,0.5573133053168313,1.278997581940451,1.3978637059460155,0.3946476417413182,0.17265462653929417
0.5,24013,2.550848872767297,0.5344191975,1.3392286383767185,1.5000975236737912,3.6465132381578096,0.44963961173124467,0.26075519337192615
0.5,24014,2.6850029444862615,0.33159873,1.3214532535247778,1.3214532535247778,4.00803230597725,0.43702098893446945,0.09664179462420178
0.5,24015,1.8003947541624554,0.2250362975,0.7825916677097705,1.3611709929535267,2.3056483699031345,0.40258084101266695,0.13148650365672593
0.5,24016,1.986217348865428,1.006231175,0.9506594783039505,1.515374967579568,2.5491275430925273,0.40485338356470224,0.28600066470930424
0.5,24017,2.5561821222262266,1.3369545749999998,0.6052064932415283,2.1680562927008538,2.855359931698086,0.5350020626015748,0.22578173423836265
0.5,24018,3.103401079796884,0.19363645499999999,1.2890186157905903,2.334176611733921,3.6742859534322285,0.6463846504308042,0.19040749851818314
0.5,24019,2.445525955909647,0.12810454599999999,1.468941933166079,1.6553140351210438,3.904414429611288,0.41088214973698184,0.181323838516864
0.5,24020,2.014610302737595,1.816332225,0.3307935233244866,1.4030203285070382,2.498387782000711,0.7917105481780881,0.27177856198464584
0.5,24021,1.519239809135654,0.2046218225,1.237109654504541,1.237109654504541,1.9612096874750875,0.5883719539332876,0.21384368629868666
0.5,24022,3.073757010266384,0.3674241925,1.4344451139056116,2.2793108987867297,3.5970707469960623,0.7966123874957111,0.21381617200858652
0.5,24023,1.400825983464471,0.5516162625000001,0.5983895442293921,1.2538801342717016,1.6303931562545944,0.25211302728574003,0.14176709895872286
0.5,24024,2.626584328076257,2.4589556249999998,1.2347282602297882,1.2347282602297882,4.041841892036693,0.35838365083770113,0.12400280309777639
0.5,24025,2.3462453816577495,0.3329629025,1.31928851544129,1.31928851544129,3.5768211534671317,0.4103820845863584,0.24992663453396088
0.5,24026,1.502281078192431,2.6700059499999997,0.4967974881199475,1.2542486386130105,2.15317215452317,0.6026816024967258,0.24927874669210653
0.5,24027,2.285258479492257,3.4302917,1.0252867036311648,1.3425205076398423,3.0039744279655842,0.4914937140855707,0.18688492899797007
0.5,24028,1.8564705387196676,2.8803349000000003,0.6569848320551149,1.5227774726639016,2.2803467861718705,0.4672723352019938,0.15493478182361115
0.5,24029,3.443715961397214,0.35975993,1.2177310389415803,2.5608909116320357,4.0430840811182,0.2801317917068101,0.13309437442397973
0.5,24030,2.560762716281927,0.3016873575,1.206361396641463,1.6458520911785666,4.168948519146653,0.33555311386485354,0.1608030631832971
0.5,24031,2.0350223224954958,2.6820255500000005,0.6962575963486934,1.333752388416787,2.8623023379890498,0.39647269064388874,0.13013771267119803
0.5,24032,1.9689692103033718,0.5454733975,1.338501961618874,1.338501961618874,2.874765664479996,0.5461474063672719,0.12941170521409273
0.5,24033,2.3728752741621046,0.41441598,0.539635635031201,1.5072243238787866,3.0000882826171447,0.27108613473768256,0.18202556855697058
0.5,24034,1.4340482090701074,2.1214564749999996,0.4461280192752189,1.2671580405981446,1.8676767248081263,0.5682408570422072,0.08344409664234742
0.5,24035,2.3576663296085845,0.2824790825,0.9817805424765759,1.527310927737404,3.0222152173309214,0.3011622974267225,0.14183571998546884
0.5,24036,2.1375898976150123,0.678378685,1.2233494605453583,1.3913982001437188,2.4991743611682358,0.7236306011208551,0.30470944399980526
0.5,24037,1.8706112428294586,0.23700665750000002,0.7746449428970926,1.589630027712628,2.145441005784594,0.5174019522916486,0.12761224926505263
0.5,24038,2.245844327697037,0.23509744999999999,1.3606542351436421,1.4417891968766479,3.1753656776474264,0.44087190516428354,0.09180064097698923
0.5,24039,1.832855082421194,0.03688578425,1.1908479014222608,1.7749492544980119,1.90204314115247,0.7833222366750902,0.08467216106517718
0.5,24040,2.9793483095971074,0.6259354374999999,1.3970773526162392,1.3970773526162392,4.040772140675614,0.8570518536774316,0.20711698562511816
0.5,24041,2.249809687999635,0.13536878375,1.515187057540191,1.515187057540191,2.981882063644356,0.5239454087692308,0.30528304068378787
0.5,24042,3.4357300540228195,2.21969475,0.9165402724612126,2.4317554649748647,5.055027679420138,0.4963713166547631,0.2521469344339375
0.5,24043,2.202298808901902,0.1732437775,1.116118839768482,1.3682312631985207,3.091873217996323,0.3183316547575443,0.25904762388121044
0.5,24044,2.479256710531049,2.1487398750000004,0.5075206647523378,1.7055473314473781,3.438344149099999,0.4272474028827817,0.3482856962197406
0.5,24045,2.269938083401193,0.38391901249999993,1.3986820897685028,1.3986820897685028,3.8691120670007733,0.3057675386629048,0.2000257892278769
0.5,24046,1.7085191415904089,0.7155233375000001,0.6592032897612939,1.2571122509148913,2.179643759631782,0.4595267105178336,0.20934675263987162
0.5,24047,2.7936589918598167,0.054168311000000004,1.803983020714015,2.223421160157519,3.899902585177988,0.2734329508145042,0.20565451727402398
0.5,24048,2.411439133635121,0.3179257375,0.42892984310684196,1.8479792947132887,2.890620948181163,0.48961752532459896,0.19739375451393146
0.5,24049,2.3812870404060087,4.9866721,1.193762594267984,1.5057769407976735,3.4243959837819093,0.8010765751983141,0.19890243968824886
0.5,24050,1.9657590455976928,1.589009275,0.8403887645383354,1.2226609998851066,2.538831645844599,0.4872254465574272,0.2671746064720076
0.5,24051,2.3542658474230236,1.422336975,0.7642587205657781,1.6293326546437348,3.6247157345399597,0.4411013023735088,0.10780043655309554
0.5,24052,2.7966983533423373,0.73812495,0.7551051568878406,1.4712615899993877,3.9541182386762808,0.2618439301559681,0.1470142295936255
0.5,24053,2.172188892474,2.242022025,0.7392690755893825,1.3969602005014397,3.007892635821049,0.3421352725291151,0.15026034652800202
0.5,24054,1.931166083836758,3.14515835,0.5299425575585435,1.5247314221396073,2.4075437490746703,0.5987701553651533,0.21099053721443797
0.5,24055,3.0782371197939375,2.664146525,1.0279826570836483,2.2061466910700025,4.207506037566976,0.42653105625788296,0.17894074238662006
0.5,24056,1.915782293185143,2.315818075,0.7712352646372637,1.5571619875210374,2.5640496494424516,0.5895447871826441,0.17556502768949298
0.5,24057,2.2027673211588534,3.491182375,1.3133085075838438,1.3133085075838438,3.5893396074263775,0.5804219964738038,0.13723311116869807
0.5,24058,3.0347717881491305,0.11551216875,1.4987967942856568,1.4987967942856568,4.196432797942504,0.3682318767954045,0.1561098862549916
0.5,24059,1.661287980254268,0.8071295925,0.513200358655964,1.3821238053753815,1.9294231457659075,0.39080033179367113,0.2544930465167909
0.5,24060,2.392411410579719,0.110793609,0.8699905457439234,1.3921438283880334,4.0629296340828285,0.318792620222284,0.15009252298447404
0.5,24061,3.636850960508037,1.8574096,0.6400244947534273,3.4636703161260263,3.785692658911217,0.5545851271197365,0.13448478035809547
0.5,24062,2.0617184336829197,0.2791763325,1.562288197052568,1.562288197052568,2.3816561827414926,0.5246879030087838,0.21439489609172813
0.5,24063,1.8768054392062434,0.1881742375,0.5378528799345221,1.2739416336194094,2.7457645304464795,0.3047794588726962,0.18583583356892278
0.5,24064,2.2849027380775864,0.13690743249999998,0.8083954177275537,1.905459450225623,2.5266224408325315,0.6628431562186016,0.11048937275132341
0.5,24065,1.8208381524896946,0.1435535525,1.479568234714816,1.479568234714816,2.271547758787025,0.4574103437029484,0.2853811665897157
0.5,24066,1.793278985488061,0.2502936625,1.2787182240246908,1.3747395588446563,2.4323421486933987,0.6594023287949052,0.11641648011400614
0.5,24067,2.1250910325179255,2.0149505249999997,1.1051369174951762,1.915265745288285,2.905541889125096,0.31228935237707306,0.14795372378743282
0.5,24068,1.6802531016348055,0.077327695,0.7911119706015015,1.3929341847845265,2.1143999113790612,0.4876505077198308,0.24667480365995217
0.5,24069,1.5887557053901151,0.09755008975000001,0.7134235299043397,1.4274955749314846,1.798596891683572,0.47684880738042557,0.14325101479877647
0.5,24070,2.4274171148209254,0.285897895,0.7832857832314525,1.521492896216138,3.2163030809117616,0.4125226526730092,0.11483479458399466
0.5,24071,1.6708089423079577,0.43434238000000003,1.0500986383645814,1.4687071595585077,1.9032554492782359,0.587747994554413,0.29270336372032185
0.5,24072,2.9611798075689784,1.9828890499999998,2.0390768078540566,2.412975889132415,4.039393206100128,0.40369889898638067,0.2511029760025906
0.5,24073,1.588436833474424,0.04612604525,0.5991406689326643,1.3334444363000966,1.9203900261037163,0.519273590569707,0.3705428863790767
0.5,24074,1.9338371025662981,0.3015078275,0.893176479616822,1.339155698500895,2.9794569395404524,0.40797483243479693,0.18449002567847156
0.5,24075,2.5282198223711014,0.87358321,0.6175380304069705,1.798121621093732,4.107984262518536,0.4465633571899054,0.10664104310050135
0.5,24076,3.4952572251647696,0.24751090250000002,1.494161078414232,2.5714918633414747,4.343742641747835,0.47891035240519386,0.1613500370743332
0.5,24077,2.339257180973326,0.21922429250000003,1.7513905982902658,1.7513905982902658,3.1659391491921536,0.2900443941129757,0.22714016466574788
0.5,24078,1.6849862421367057,0.12547324899999998,0.7657050008764534,1.4432381670056411,2.1453264729011874,0.3128983535683607,0.20436089554449066
0.5,24079,1.7040975814542245,0.6202928225,0.5421082245794193,1.3662888744239483,2.077202242427162,0.2659006136157177,0.3581528378883424
0.5,24080,2.020784974250963,0.4965900325,0.9299957864406162,1.5906946702170193,2.3776971849028317,0.5604057732136342,0.2145521676109198
0.5,24081,2.1877400735042576,1.89617595,1.0682970779571026,1.4152580875612035,3.0523422115287993,0.40358982388814435,0.1449355221163594
0.5,24082,2.223696655907038,0.4254136625,0.7013113802642688,1.3454138910309683,2.9690417023102427,0.3738833431425317,0.18042577455777578
0.5,24083,2.1812221266331266,2.31180625,1.1305250475996762,1.7203780696370963,2.7176077874713465,0.6166908942877475,0.10214642300326389
0.5,24084,2.515083718664856,0.306108,0.43787856327652386,2.306727733844773,2.6899185413998987,0.5639968350297879,0.10995586920599482
0.5,24085,3.0540243638234066,0.1403687685,1.3266694668633212,2.7410368879789506,3.3502882367599405,0.8899252137615012,0.09707134794224666
0.5,24086,3.2393049056602865,0.07017576925,0.42477263689194955,2.6033519193501187,4.176643349967447,0.62708610570303,0.19541104232187792
0.5,24087,2.1209506082996796,0.2860992875,0.4667035323400606,1.222826256882232,3.56504524927753,0.38819918596968317,0.0906063479044237
0.5,24088,2.172611444158124,0.22759384000000002,1.4477135189341295,1.6550825319933928,3.031434372727762,0.5239301626189699,0.1682752917713656
0.5,24089,2.0884497064297967,0.05230699425,1.2697165661219556,1.2697165661219556,2.531882075951048,0.5815296695696763,0.11252535577172464
0.5,24090,2.2273909319010956,2.321355725,1.2854426911484491,1.2854426911484491,3.5949461779748235,0.40639650647550996,0.1551129490157866
0.5,24091,2.9207414992550613,0.22259364250000002,1.572734982239099,1.686345071578012,3.9482164814252894,0.36414733068358224,0.1711193467859826
0.5,24092,1.8081865340307666,1.811691875,0.6099522085448167,1.6024620889600505,2.115632720096425,0.5870877232199064,0.11421535105919664
0.5,24093,2.0255011967054037,0.08440561325,1.1010807723032716,1.2944112560695913,2.6926954695070737,0.34306038174885495,0.2454845732626112
0.5,24094,1.6579345941267167,0.17434504499999998,1.2391268003567895,1.2391268003567895,2.315952338089861,0.584273797571754,0.1124982131030276
0.5,24095,1.9231731034828445,0.19955912250000002,0.6009398888307133,1.2216048153880086,3.2742766163217683,0.3484240132978356,0.25265584355857135
0.5,24096,2.3853165254017763,1.9471994000000001,1.250828847593095,1.250828847593095,3.3851809603107217,0.37983027854572965,0.21202493625908375
0.5,24097,1.8080479289054585,2.32279205,0.8031889648642716,1.2268509544142883,2.273567860332218,0.3508094482031461,0.2514287903477468
0.5,24098,1.8961826675264701,0.12670350600000002,1.281341727103625,1.3747781328420972,2.3908594128484015,0.7529029583467913,0.22561009519969996
0.5,24099,2.1619082416733377,2.084913125,1.2563137044442603,1.356040597065711,3.2546493760076483,0.4870921734842391,0.19467517996900655
0.5,24100,2.493904885812856,0.8269192975,1.014523111498708,1.3007412308112307,4.172901267473981,0.4237542796731626,0.30945466181757997
0.5,24101,1.9786443581169113,0.1222415575,1.2987819933142322,1.2987819933142322,2.598657265352546,0.4171867991946806,0.258627695803581
0.5,24102,1.705406487054701,1.9165391999999999,0.3127341568109247,1.3513446098247957,2.067002096974154,0.4163045354084844,0.20234916863005936
0.5,24103,1.9508761673778987,0.568882275,1.114682077758528,1.2660187955591378,2.585559771176747,0.5251382601326973,0.10286499289882903
0.5,24104,1.4670801712206,3.190449375,0.8541342002550103,1.2888800710330057,1.9030265741979977,0.3821377212068868,0.11412058223372891
0.5,24105,2.234220914616569,0.13135022125,0.9033022352158607,1.9299430398329325,2.793822218991253,0.37702303461798775,0.16283174566518016
0.5,24106,2.0654639721965102,1.9332930249999998,1.3047871302959848,1.3047871302959848,3.490340086182612,0.30054458924225663,0.23954858998726708
0.5,24107,2.919099339528711,0.5892585475,2.1648827113507956,2.1648827113507956,3.4127980158429225,0.5930211455732828,0.2555995303662068
0.5,24108,2.406587921458435,0.22768418750000002,1.341462921016921,1.7547669644384798,3.182125147912764,0.2558406942920831,0.2209950577017223
0.5,24109,2.50906805318602,1.8198675250000003,1.1442406495477584,1.513008496770289,3.166954934057763,0.2755617217206183,0.20082269093812044
0.5,24110,1.9655744668944608,0.10836825500000001,1.3384063721795412,1.3384063721795412,3.0207980136230668,0.3013719669862733,0.19172278491848938
0.5,24111,1.7136793520038474,1.842484325,1.2280663657860433,1.2692172223339375,2.0688040013775812,0.4293471793407428,0.14099678324009426
0.5,24112,3.0373400246929627,2.136563975,0.6776489802637896,2.4191675733008373,3.6412867400044506,0.30420715804160353,0.3105566949649726
0.5,24113,2.3770911601060485,2.114412175,0.42845087214285155,1.6452847000349027,2.8757764016656444,0.38122160086439394,0.0992822277593022
0.5,24114,2.3421589730936128,1.731817975,0.5952558686357406,1.834462801007513,2.7342901348975097,0.5337263015725285,0.09170871200920833
0.5,24115,2.1915540470093884,0.2216156725,1.3559063074218436,1.891547064922896,2.597493556901957,0.2590358244434785,0.17867873338096477
0.5,24116,3.90343669357488,0.1496094225,0.6447982433496756,2.9872839978099246,4.67562463717562,0.4835290230978885,0.15580874019418323
0.5,24117,3.0369617330667875,1.7746633,0.42459742654906196,1.68375488164443,4.283754505121195,0.256343768361775,0.2594075030718321
0.5,24118,2.2483437166662137,2.97651915,1.5195032400856603,1.5195032400856603,3.3358474234902395,0.5973902437428223,0.17621877636640534
0.5,24119,1.8455643711884735,0.6776348525,1.003661062756119,1.6441955731301006,2.077277540293776,0.8377420241723358,0.23511056548303474
0.5,24120,1.4597967573337811,4.237571525,0.35923879144197407,1.2317120330118265,1.7855971174463823,0.34994310158344444,0.18240295450487176
0.5,24121,2.1682538308392467,0.5236577874999999,1.4155949316526744,1.4155949316526744,2.8505926938781903,0.5746820224388217,0.32545445178849686
0.5,24122,2.133248275043573,2.6278417999999997,0.8458274611162793,1.2279049366583654,3.156038463567083,0.5313914221916315,0.1219144896361407
0.5,24123,2.147292344418958,0.428315675,0.9537791563549757,1.5650350544035014,3.137044341953817,0.3563920579756698,0.1415558912714313
0.5,24124,2.2595978389389524,0.1735828925,0.6969362680420069,1.6265691333259051,2.8955410217388957,0.3831408631684201,0.15552494645843162
0.5,24125,3.1965023764703915,0.846327445,0.9282208613382109,2.5666289212178004,3.7717152602618946,0.29645020478015277,0.14706760449233985
0.5,24126,1.6237596847381317,0.3213252175,0.8524460204739536,1.4507039650133235,1.890425470143903,0.6223173974725594,0.07768550191630368
0.5,24127,2.1561658630230998,1.74137245,0.5364165675070822,1.6628008926087272,2.953349474698369,0.6039668366650991,0.149188840658937
0.75,24000,1.9225538684458632,0.21480812,0.845862362898521,1.7902630033797744,2.0481384492746466,0.7192519096508333,0.25929326315071394
0.75,24001,2.3469316710238672,0.920226925,1.5365030069684384,1.898930440172175,2.9278473392975055,0.3576901732546879,0.17375611928318485
0.75,24002,2.713400279373671,0.307810625,1.1061413566123957,2.2113909645651724,3.465446710968167,0.5972326821026609,0.27200656141359575
0.75,24003,2.8079443183907444,0.5273285025,1.0944034875625352,1.8248923469244502,3.483990043898584,0.41261688083580705,0.2706637096905693
0.75,24004,1.9919433579557613,0.491578925,0.8335160877918291,1.8125355706938773,2.181604312879724,0.7952627566775468,0.3447694545175437
0.75,24005,2.771256309971986,3.30321315,0.9458404899700356,1.9245935957396776,4.704138699232636,0.5494581101622668,0.26360417791999324
0.75,24006,3.6098809797065585,2.9493304,1.4701130806930502,2.7476136363245,5.209402531171522,0.36939391239781605,0.2484078538647571
0.75,24007,2.563220971086601,2.220649275,1.4168471447762634,2.0849123901760165,3.5517726248467816,0.4891897664103167,0.2219540920457158
0.75,24008,3.030668688344369,0.0487588,2.0537733377935647,2.0937417763874255,4.52220065976725,0.4606576412626956,0.3610491953840193
0.75,24009,2.2583977468647376,0.904514525,1.8520441836205963,2.027559237911173,2.6746099605431803,0.4655838143488186,0.12954819091526268
0.75,24010,2.8014287140712506,0.08965688050000001,0.7551040624150486,2.222308919745887,3.7656079149267816,0.6081801566126778,0.15396266424890998
0.75,24011,4.046806245891616,0.1331628535,2.010902650814507,3.7531930501868964,4.572292304802673,0.3530813023582245,0.2185449701236294
0.75,24012,3.4011743028256225,0.1311806565,1.5400608650882246,2.402198805389631,4.486462873665033,0.4713206688180019,0.23557616331102738
0.75,24013,3.2041282698644875,1.0570735,0.6492268313004708,2.5416725806851477,3.734264764694621,0.37325384031048964,0.26523864349906656
0.75,24014,3.891860785601255,0.3149155175,2.0600985741847255,2.0600985741847255,6.913141158664576,0.32689302169751516,0.27166373657007625
0.75,24015,2.6490550108639885,0.2117114525,1.1333793994441579,2.011543492970075,3.3892718488519447,0.40301334958717283,0.21977322548032777
0.75,24016,2.607125182644213,1.333969025,2.033812402393114,2.033812402393114,3.4533189426340942,0.5986149133679073,0.26591835471524305
0.75,24017,2.822254103639783,1.2363376650000002,0.6348624396520398,2.0172830850499475,4.0807875114693015,0.5852326304709626,0.3012390378878107
0.75,24018,3.1411108085126336,0.20210258749999999,0.8591241880892851,2.6937067355703,3.602878880032084,0.4601215113438535,0.15685948762108942
0.75,24019,2.7637057337303186,0.09732448425,0.6844955075261222,2.0626627447199612,3.633214762543901,0.711766175364671,0.3491131864084647
0.75,24020,2.1753090045517167,1.8306839499999998,0.6979968955909903,1.88932397676167,2.572641817986037,0.3670776398271538,0.3609676198699187
0.75,24021,2.662057426386166,0.16490805500000003,1.2730247710222453,1.8207854710853222,3.1565793521251417,0.41184631079020145,0.5278552548947919
0.75,24022,3.1008048132341473,0.34223219250000003,0.8760182335070444,2.290980764011224,3.8335464684019884,0.3586514183435669,0.19712218821743538
0.75,24023,3.401913011157152,0.05151841925,0.8231707917830481,2.739918487855969,4.31303890354539,0.4824714383482653,0.21221721250943731
0.75,24024,2.9131369179547337,2.122379,1.1962974217735942,2.350396553591782,3.880187025132854,0.35215841264653097,0.21761953753314384
0.75,24025,4.954630748430556,0.42639282250000005,3.088808930460125,3.088808930460125,6.510630127037497,0.46552163637714933,0.37708893707676194
0.75,24026,3.7115652901878975,1.847464325,2.0472027749406805,2.0472027749406805,6.544893713695435,0.5210194475992158,0.11501491196056644
0.75,24027,2.665414272589727,3.60148405,0.8849665630241518,1.829269615008966,3.626499985867549,0.5957405316386326,0.16640326464062016
0.75,24028,2.2305589430731145,2.29854675,0.6421683341882098,1.9369653451385236,2.9080433381037105,0.6384209180188339,0.16095107924420576
0.75,24029,3.5221223217677524,0.3549190675,0.871890092585396,2.717682623201897,4.392092033677769,0.7911724963927947,0.14721493494868454
0.75,24030,4.885931451818484,0.2986548075,2.3602207652496934,2.750939099670781,6.112485564038246,0.41242764822076466,0.20770050241346472
0.75,24031,2.4889445761957703,2.238340775,0.6209886694672779,1.8334585554297325,3.92222848197381,0.42907121316104296,0.3010485247339183
0.75,24032,3.091248953044468,0.5608053199999999,1.491597144605047,2.2508528511884274,4.156724778687198,0.49911444560557683,0.12485593932434781
0.75,24033,3.1248467286549744,0.39719087500000005,0.8892814770658951,2.541754072459042,3.7406983826810354,0.3869259441465812,0.20235457801730694
0.75,24034,2.2682528964695168,2.12121935,0.6681012906809267,1.9165355347300692,3.1947226363847787,0.459321427138588,0.12448086758173596
0.75,24035,2.4426795195588027,0.26399861,1.4257615274155109,1.9351345469405223,3.149851022614773,0.3248861833418146,0.27911875788919954
0.75,24036,4.55121614237138,0.7005577749999999,2.0504637410984694,2.0504637410984694,6.010832916292994,0.8865020189021356,0.3367546491859517
0.75,24037,2.6146272378255166,0.16843571625,1.0674629355264054,2.0534627431430454,3.3949095556813287,0.31713133121322507,0.3729816177065442
0.75,24038,2.2125634903837867,0.2050208025,1.3909686767317018,1.876842557353147,2.7075757044291118,0.33078069855085834,0.14139542740162947
0.75,24039,2.8510012711135673,0.364808425,1.090368705042817,2.397766073822551,3.3950342322853078,0.40273903441923764,0.14691203617176998
0.75,24040,2.7270371550268533,0.7410776475,1.8608043580978897,2.345731486268389,3.172615783057181,0.5555348987873983,0.30387666254893175
0.75,24041,2.6129755993984656,0.12103962500000001,1.9446343310789722,1.9446343310789722,3.017801722473196,0.32694929707100234,0.16685077939179904
0.75,24042,2.8644932311534106,2.966264025,1.3156997811176,2.3244801595064146,3.7890504059819854,0.3824343818476149,0.25432752862684915
0.75,24043,3.2381167174106387,0.1785058825,1.6211294440508777,2.02456579464004,4.538989952382836,0.3188362552556057,0.338345911054638
0.75,24044,3.109298405961508,1.7481026675,1.0672434995415103,2.4219346479525243,3.959134408122903,0.5084735383955666,0.2801101961561068
0.75,24045,2.473637681543681,0.4381309625,2.1187955133365937,2.1187955133365937,3.095913247020987,0.4921323277753141,0.23038386343601808
0.75,24046,2.291863191805575,0.7372026375,0.8248747269635697,1.8317419711254923,2.5625625786582678,0.5195035842635176,0.31418919227930553
0.75,24047,3.128707262971744,6.079826725,0.4926774454881071,2.0997047589822606,5.154951455482296,0.4206233561907393,0.237549671952917
0.75,24048,3.2856327185570464,0.30889345,0.780701067236756,2.71863788384603,3.7185691732513595,0.6274260448643028,0.3685007078014819
0.75,24049,3.288805616285137,4.293291600000001,1.256801375605912,2.278216662422904,5.065731812248492,0.49070656192343226,0.21362436375401522
0.75,24050,2.623031790473829,2.072112375,0.4814871232073084,2.077903125658241,3.1991586079798937,0.31812360839638176,0.31748783047977897
0.75,24051,3.1031501881129633,1.0590336375,0.5993909515044334,2.0478441206674054,4.327876048203924,0.33472757824334154,0.5971401690721585
0.75,24052,4.2223371074513825,0.9391680325,1.8414487078415294,3.064436144737047,5.066206624110179,0.39444404587058624,0.11963705996155255
0.75,24053,2.65557038612834,2.1032748,1.0569480504280417,2.0232449187023875,3.4757271525930413,0.2887159833742853,0.22020450282049547
0.75,24054,2.879525167082093,1.007712625,1.393019827827111,1.786179402116882,3.742511629694806,0.41732478235565024,0.1491615122250106
0.75,24055,3.5706938853803996,2.202646,2.106084125186327,2.106084125186327,4.5326789239337675,0.4886363326913403,0.22279268135650107
0.75,24056,2.3331617467829884,0.21230586,1.4838635514638663,2.141390549260559,2.6614293582370094,0.6757261104262723,0.2174133615757799
0.75,24057,2.6681787545113607,2.30510155,0.7317574005191192,1.9832583687143264,4.468093309930927,0.46116227401095505,0.11674587253303727
0.75,24058,3.1025989639796427,0.11841544975000001,2.0855138023686877,2.0855138023686877,4.988836551024043,0.5578759241752536,0.13351154280775024
0.75,24059,2.720878704034439,0.7528249175,1.8858084481306951,1.8858084481306951,4.011389427034508,0.8102327235820428,0.5234984638693996
0.75,24060,3.183147203035744,0.13067953100000002,0.8678071117875464,2.051153140095856,4.171805108246571,0.290440553188437,0.17579919020048124
0.75,24061,4.520978730496966,1.6595059,2.5498510899563214,2.5498510899563214,5.476932874042119,0.5731646742152704,0.2613273131249667
0.75,24062,2.8013795539979953,0.21111893999999998,2.2660938664812478,2.2660938664812478,3.275262028760365,0.6017876650885489,0.3135819742365779
0.75,24063,4.1557650341841175,0.14027609000000002,0.8997648575986782,3.8793686601875073,4.587342568877276,0.5443106201759328,0.2433116256780439
0.75,24064,2.4137590838826894,0.12966957,1.2131972054666906,2.1500048799079887,2.6139081076531703,0.6369196258586569,0.36616303668726247
0.75,24065,2.6489500210105077,0.12433495874999999,1.9931976770949889,2.0114410408992316,3.6764272637687987,0.3802827949255396,0.3335155194691152
0.75,24066,3.7029769216903508,0.282001695,2.308542485862991,2.308542485862991,5.925267958321046,0.4026061482368219,0.13996744075284254
0.75,24067,3.101340360640247,1.850626725,1.6000706958712905,2.821832170922559,4.098377909632975,0.3150896757520247,0.22013679950001389
0.75,24068,2.476526549435479,0.06854020425,0.9375165891204421,2.1057520582829423,3.0730188833751058,0.5647471329889967,0.30651627964395894
0.75,24069,7.079681784951182,0.08789967625,2.93262422663925,6.674354122841124,7.313193447865213,0.830523814608457,0.19260429836436851
0.75,24070,3.0032681818311664,0.31391879500000003,0.8165253854045263,1.9848017644912233,3.5767569287702488,0.4218397690636035,0.1765884306080988
0.75,24071,2.186638609323705,0.22884347,0.4405002042238455,2.000557585235661,2.565198394608936,0.6138641210191444,0.26753386506969906
0.75,24072,3.446410421253398,1.559385225,1.2402762039921829,2.4043924604240194,4.688724475273399,0.3494675225523934,0.4116569471394823
0.75,24073,3.237314764446312,0.39281982000000004,2.0266146379950634,2.4056715090135428,4.460142779946177,0.43452261592787367,0.3375322865376275
0.75,24074,2.0672964064389583,0.31865357499999997,1.2557097734026001,1.9153408271662258,2.2193387587210607,0.7019383334876542,0.2533003660796588
0.75,24075,3.2038247477210042,0.7801195400000001,1.9864678658234192,1.9864678658234192,4.439359975690829,0.4707610050773907,0.24786152810707512
0.75,24076,2.951129417492979,0.12320714875,0.8447560467751747,2.060562342497756,4.691866300000532,0.37061824802119137,0.3969656775082545
0.75,24077,2.4544266757669315,0.21766966249999997,1.8273928089158151,1.8273928089158151,3.3375562619425923,0.44439701563999373,0.13686140957631304
0.75,24078,2.3208183502304673,0.13172632225,0.6214025504237489,2.0285465070995152,2.769168065882509,0.32992713069130225,0.22298247911279304
0.75,24079,2.9898021840958493,0.320230505,1.6146811635122615,1.958600191025685,4.182772645378619,0.4475323353415788,0.26970470568845145
0.75,24080,2.3725065408132155,0.44928475500000004,0.635160550727326,2.2304999752500447,2.6953797640651134,0.4861280732842745,0.35686724233266826
0.75,24081,2.4433480798878042,2.1546351,0.7357021644725736,1.936178520465855,3.784015987103509,0.5004217728733553,0.196218065641859
0.75,24082,4.773381527018737,0.983530875,0.7882229646202715,4.252559966280242,5.3688137872707795,0.5002228584321894,0.3197294167363702
0.75,24083,3.093120208397303,2.300961525,1.590966214745615,2.205216831274758,3.817237684232811,0.615149539410622,0.15299378797112606
0.75,24084,2.4727345327703856,0.28928341,1.7017850422796472,1.871363630828784,2.7711467301164006,0.456652281647657,0.2534149959216998
0.75,24085,2.496476927676533,0.097623234,0.6062815216101448,2.2877374560155395,2.674808203000159,0.7037669438471327,0.16910165372840372
0.75,24086,3.3230335220064573,0.07925152125,0.84607552377614,2.5265103723163795,4.307819461173931,0.6345877856548046,0.23803737779891465
0.75,24087,4.767705486739902,0.17805423125,1.0035525119972648,3.722696380835597,5.661503749913068,0.43777896864194954,0.22429998983236224
0.75,24088,3.188651253800666,0.24214138,2.1320526199804757,2.435370187229202,4.451048334564297,0.5312093226452178,0.23563800246200522
0.75,24089,2.5402009803027434,0.05409547475,1.5031825855832783,1.832544190872532,2.923326629928269,0.6337203106886269,0.16374190795278123
0.75,24090,2.716674511613262,1.673735475,0.9848417350609253,2.1317002196824912,3.7163428766040427,0.3195934156722992,0.17236578767241037
0.75,24091,5.177516712961545,0.23338206,0.6386340450030987,3.522037094371824,6.219944114575068,0.33943246218105844,0.2537507238644057
0.75,24092,2.695723142446041,0.078330038,1.1517190581044363,2.3647959249398354,3.0423194328868064,0.6690105899582343,0.24752288299680164
0.75,24093,2.4576813786156624,0.08931249025,1.365474607279275,1.9079706103945087,3.3772173210029384,0.4615721874076102,0.1587108938365215
0.75,24094,3.820557742991194,0.17959731750000002,1.831619301500679,1.831619301500679,5.367795408638636,0.7081306994386911,0.18570151265461288
0.75,24095,2.499630774592851,0.1830624025,1.4739415263937756,2.1261618565302367,2.986800111033576,0.7124588685895544,0.23209627017018714
0.75,24096,2.470695607835808,2.73077845,0.5218343520902876,2.008840866249185,3.28751089093296,0.41561253221549516,0.16404355724347722
0.75,24097,3.2386008886636843,1.759207375,1.775626066603358,2.0823654095272643,5.645747748088115,0.3355533353598802,0.18062256189709527
0.75,24098,3.013786467794787,0.13292480375,1.5070500691457802,2.220573268912454,3.513104743933634,0.8509120625521469,0.2740292867318767
0.75,24099,2.490107321922294,1.738463375,0.770591326764769,1.9987203810296574,3.238165602986765,0.64316298129701,0.3189908318976693
0.75,24100,3.5907611015679626,0.7067438025,0.5579782674001827,2.6825883704100493,4.1083418151802205,0.41492646516115583,0.34541808376622757
0.75,24101,2.298369932422669,0.11660187875,1.274471160060615,1.8313253887799457,3.124032776124991,0.518845005848908,0.3018774463267801
0.75,24102,2.4541571090264944,1.401807775,1.5628433303446574,1.9392139080555293,3.2506472193439353,0.4361153629494847,0.17021947112411664
0.75,24103,2.462539538364522,0.5959541500000001,1.0923805657471766,1.849042184742679,2.9404954221197537,0.6687396948353734,0.28284705644834984
0.75,24104,2.3748666935058074,2.325700275,0.811625102039711,1.9068616228790767,3.1328306027247987,0.34898610038556044,0.18079093743644795
0.75,24105,3.6747931736395705,0.1586392625,1.9996868244679493,2.734806858317329,5.109989182575304,0.5282147635021754,0.24351723445968299
0.75,24106,2.925871358666319,1.6321099250000002,1.9083896587489328,1.9083896587489328,4.338820284182155,0.4740834961706746,0.2908821447269726
0.75,24107,3.6001497696435174,0.5622914999999999,0.5614587180904687,2.6322450592726057,4.289039909926979,0.449092288212851,0.3232282564031221
0.75,24108,4.803377650600834,0.182461775,2.4831130094057445,2.5828552648708887,6.595717952559352,0.4280895639749914,0.12950539827418625
0.75,24109,3.8966335167811588,1.2966458250000001,0.6876127761325415,3.127353351361965,4.561501585088351,0.38798130690101007,0.3441246027447306
0.75,24110,2.9390319639065,0.10496560699999999,1.3934285745397716,1.9323240765189826,4.0490870648367165,0.27812156884322997,0.4480576345459419
0.75,24111,2.9493168650866757,1.7613234500000001,1.7903768314757258,1.8594195350829046,4.831783540869169,0.2888974728090387,0.242874596986466
0.75,24112,3.4649600277741546,1.95336125,1.8460329977869978,1.8460329977869978,5.343018423522622,0.6040876614750842,0.2500944421021065
0.75,24113,3.26182391174241,3.0163285999999996,0.6866852380712648,2.509844600584295,4.13160940899809,0.4418444606057169,0.38712200743465863
0.75,24114,2.6701336392522874,1.7625858925000002,0.960890397090849,1.9975297260214504,3.254365668862987,0.6085880143227105,0.41276668300674135
0.75,24115,3.759012884766004,0.07012879799999999,1.074726300775854,3.076463924828466,4.314197984449642,0.33520240484149216,0.1879603842739823
0.75,24116,4.76634284727925,0.23321774500000003,1.608632491379861,3.5016690345837462,5.940168006788069,0.3890092647454186,0.2183621281087593
0.75,24117,4.804640275212831,1.984083675,2.328693089573078,3.159502883105562,6.633555736398811,0.285180031150582,0.4061316591668578
0.75,24118,3.7101752991461026,2.8891736999999997,1.4164317114159255,2.6156789132302567,4.869592633104442,0.34419545130603635,0.2946333265614766
0.75,24119,2.8403317514916604,0.529045055,0.40644217331674626,2.172331220687941,3.832172475463416,0.6576794270203845,0.2977031957324711
0.75,24120,2.5825177789586746,2.4397351,1.0713265169659014,2.1132024373823226,3.521580049596131,0.418442678911495,0.20171328135861205
0.75,24121,3.186207671535669,0.328660955,2.254094476781236,2.254094476781236,4.738204427650346,0.5870938311681537,0.20364837588592763
0.75,24122,3.6137690244065275,2.45261525,0.9921911288734696,1.8491088697870044,4.615242207611363,0.3427016131432595,0.29560825128532
0.75,24123,2.7285159799101364,0.4162639425,1.3457084526655883,2.414885958788463,3.002587995610563,0.9273721523461597,0.4169546682906769
0.75,24124,3.047341505973666,0.21621962249999999,1.1953164897531239,1.8443628393488427,4.251949297296806,0.3671421159249663,0.33292940323898895
0.75,24125,3.435442750288573,0.7676267174999999,2.5386949648028496,2.5386949648028496,4.0413886880737415,0.5506376506679572,0.21533715911758103
0.75,24126,2.756015413323976,0.3981302175,2.0366207935841025,2.0366207935841025,3.494735774713125,0.4723829986453574,0.15858784411539303
0.75,24127,3.92400956477781,1.44193625,1.0426953235418004,2.341690263818823,5.6337221731830365,0.31189947659752415,0.37303815146765784
1.0,24000,2.4668872429493396,0.2160033575,0.9966301155006003,2.3640297872423353,2.584342414430083,0.7475971053457915,0.29965498314981515
1.0,24001,4.3370611172884415,0.2805426775,2.623365468956809,2.623365468956809,6.119193581363909,0.6650031029696662,0.23569693705121048
1.0,24002,3.1965254099829195,0.305976275,0.9371628131377702,2.7354034530303313,3.8433436659608278,0.6536700765710113,0.3257001024316643
1.0,24003,3.677092964441607,0.1691982415,1.1414665295612922,2.4436947551136585,5.039944040955416,0.4827189511643554,0.4676961179332253
1.0,24004,2.8657055484324276,0.4764184575,1.1258950263565806,2.3918651165957687,3.66844980005833,0.42837367681238103,0.23475116299222964
1.0,24005,3.839994760115599,0.6410542975,2.762892560242476,2.762892560242476,5.650185964876462,0.6592920219725512,0.1758792131600887
1.0,24006,5.154884274461617,2.16932295,2.7024907936148392,3.063939697100515,7.430401049449683,0.4438581448623373,0.5315810533646108
1.0,24007,3.336518633078435,2.05683815,0.7155031149293082,2.6797420777970946,4.641956360621662,0.39237937452627325,0.24224253937520912
1.0,24008,5.092971115171534,0.42376745000000005,1.2076589097316222,3.2618327426117744,6.464910482373285,0.40755960701891764,0.4306483004252087
1.0,24009,2.87388967224273,0.73710745,0.7765801642309569,2.4197143766045994,3.2823195342112985,0.778509668267699,0.22805736747031569
1.0,24010,3.2579291710506593,0.09213334749999999,0.8584679169915378,2.7422076448071584,4.11299945125259,0.6828158459307018,0.1955401613156501
1.0,24011,4.65030898332874,0.1524667185,3.174737676890086,3.2867461606496997,6.0224213259856425,0.45607416161740616,0.3874190605509437
1.0,24012,5.233074001048579,2.239132475,2.461058829912432,3.0262245378575514,6.960128922247014,0.412025185117289,0.19472459126102598
1.0,24013,3.9859277306608862,0.6818584099999999,2.4685987346404072,2.4685987346404072,6.372181745878283,0.31753928133367076,0.3241389445235024
1.0,24014,3.497308578692023,0.3055307475,1.331117613039032,2.7334510542927712,4.165111838929985,0.5809136967396749,0.2926839253920132
1.0,24015,2.753999549527397,0.27699362,1.2547729237388991,2.560662291764164,2.8860607113296535,0.6270780839848109,0.20594283982493122
1.0,24016,3.605125308687252,1.22763854,1.27797517804524,2.6546467339965654,4.559662054932072,0.6055855329792317,0.35842401810386393
1.0,24017,4.2559993363773145,1.01104496,0.6446408837671407,2.58785716936747,5.504581709329764,0.4451139403362127,0.3999648677763997
1.0,24018,3.58557987991463,0.252073295,2.9117481090035864,2.9117481090035864,4.303015793711634,0.5147168132400252,0.31897952772924004
1.0,24019,3.288547947747028,0.098975935,0.6891986051713852,2.6214368495969644,4.11760188343547,0.7702078769354793,0.3800459199167462
1.0,24020,4.080839418543953,0.19538389750000001,1.8271412901153237,3.703438197121228,4.501247056581949,0.3482444787676673,0.3167847359509754
1.0,24021,2.9282768183598993,0.21526888,0.9132975294977755,2.379132340785741,3.5263333703972655,0.3414315382118703,0.23005617421855315
1.0,24022,4.124128178957893,0.44344388749999997,0.9875441183463401,3.41586202056171,4.879012460946226,0.34695146517562897,0.3993647537249849
1.0,24023,4.647991515973335,0.206418365,2.6691098033831038,3.9997527023149906,5.529777945536298,0.6992574328850998,0.2905713585230235
1.0,24024,3.454947281661514,2.12669445,1.338669645175585,2.7146869457644067,5.021965032647883,0.42152099530895554,0.21105042525636744
1.0,24025,6.523390006083203,0.427009925,3.8273311809318744,4.076691525786004,8.582114938967557,0.4657494212508621,0.4195050602747235
1.0,24026,4.5003146386383674,1.9003044750000002,2.175866305053018,2.814480613268487,7.036539724902371,0.3557667920264905,0.3389510071661532
1.0,24027,3.2113965949036003,0.1834116825,2.500178249524116,2.500178249524116,4.6149589013275705,0.6604019572562004,0.2633432446706352
1.0,24028,2.7960527725303965,0.18929502499999998,1.045387640079382,2.4090616294834506,3.1884481369787805,0.7047057721171126,0.17888626200001792
1.0,24029,3.76059757844749,0.3600658175,1.3087662768200312,2.9974601748740466,4.760801588880293,0.4751388852103887,0.2718069726807641
1.0,24030,7.429826614756649,0.2961859475,1.7343918250099997,6.595828928062674,8.049014031600938,0.4594068295896769,0.21726547665187632
1.0,24031,4.253962324471748,0.1999525515,2.045735654080915,2.8138194771139964,5.661300317727173,0.6579859791586035,0.25690838735893573
1.0,24032,3.7234715980430377,0.37223006,1.322808950682559,3.05998769653514,4.528530258841521,0.46557364109093097,0.49637647682601854
1.0,24033,3.3008271234111852,0.40520569500000003,1.9309665960773112,2.391201282187031,4.518267267489926,0.40611796422278307,0.2120060444363928
1.0,24034,2.916870284341062,1.4295868,1.1118182234081477,2.462069810036139,3.794268730034105,0.5919633418383313,0.24196062114902978
1.0,24035,4.690457716747388,2.3062802000000002,0.7939821458381414,3.871336426430227,5.659071328029697,0.37628951711711367,0.21620989467593438
1.0,24036,4.984899604974657,0.7061985075,2.3142473318600425,2.709529387056673,7.931198940975341,0.41793969394079483,0.3197069081704377
1.0,24037,3.602461187001411,0.24035958,1.095703632436618,3.1554194631822154,4.164057620968987,0.4355020826818458,0.3610231813451043
1.0,24038,4.528716282824979,0.245247995,2.2663213172748167,2.665546162575329,6.527553592106195,0.3018390014282321,0.379096638486655
1.0,24039,3.255207244205505,0.39363865499999995,0.5846007013927456,2.8720565116191166,3.56138365904009,0.3448531340783219,0.1958339986555
1.0,24040,3.6232487851070463,0.768349065,2.6368858715760495,3.1397179628830143,4.15637648277747,0.5708515337057855,0.3624351376633403
1.0,24041,3.4278100915549254,0.11056671750000001,2.1317417184180196,2.499752624236416,4.347816519268955,0.4828857288720392,0.31738303614839714
1.0,24042,4.617767244728873,2.96908145,1.2710729019132654,3.3125556589131917,5.975634386839372,0.3705175397972663,0.23248273026862998
1.0,24043,3.034308138272153,0.1798123725,2.46091171436791,2.46091171436791,3.3681353480961764,0.7081228152833074,0.2388980269918675
1.0,24044,3.2903642941441986,1.523053875,1.1079077095218006,2.5945989624582135,3.9973524505074067,0.5240302173291693,0.5095327650206184
1.0,24045,3.60113639702192,0.42249818499999997,1.5179228742766602,2.882824106678642,4.049529368856804,0.6136909348237093,0.30948469970944786
1.0,24046,3.5030267048814867,0.2579501125,1.7122606602369816,3.029023554451323,4.318142184163182,0.66499745264661,0.32113229183689745
1.0,24047,3.4485971154915105,4.9233559,0.764961778644881,2.484174383050799,4.700749493583611,0.6094068905690051,0.3346383203959076
1.0,24048,2.743028239092991,0.3280960525,0.9250577892616441,2.4488693793888476,3.017661031649037,0.7017400790987393,0.333706809782221
1.0,24049,3.739618343000484,3.8575805750000005,1.2369449454690111,2.4477291400726022,5.928540819716291,0.5800938810598778,0.3032832231505357
1.0,24050,4.169654933436643,0.5397305225,0.7633828963209616,3.1951375866229283,5.9399207726242755,0.4063547236903759,0.3379951919189291
1.0,24051,3.567279462436106,1.466375125,0.9199513559032676,2.9667311465336,4.364738431426694,0.4565667214720454,0.1514497919545136
1.0,24052,4.590582161566379,0.8058207074999999,1.141818661180737,3.6354586269846005,5.631006293285422,0.4150989515710066,0.3035755004565872
1.0,24053,3.7213719819314073,0.18229279250000002,2.4235619448881947,2.5278237827003025,5.1894592558166694,0.4539514429020514,0.3075850248243152
1.0,24054,3.3910505514662797,1.020893375,1.514013015409889,2.3610562491456104,4.113096761153984,0.47251045288885046,0.20734123902571247
1.0,24055,3.6122984739744957,2.226876975,0.883094598482202,2.53219207589799,5.039393824587561,0.5886446881882362,0.19800712526172254
1.0,24056,2.986986107144924,1.1371152675,1.3862349184578815,2.542699688006141,3.6914908143776484,0.6519076016224526,0.2290595129175389
1.0,24057,5.077613854000912,0.51162775,0.7899858060897424,4.189396359287295,6.186590759399149,0.8176884371997672,0.38302073986570356
1.0,24058,3.087891907146545,0.08770580575,0.6056512699518842,2.4332745638185416,3.4697557886963164,0.5472287065782202,0.4765419507416381
1.0,24059,3.7041212894352524,0.8547825425,1.116125292448724,2.798359576327795,4.3748747177584395,0.9553106606229966,0.5833436345529581
1.0,24060,5.104116456380128,0.17829377150000003,1.3680789184193722,3.807951487831963,6.139036963660791,0.3163137548350967,0.19602288619649
1.0,24061,4.444921516975716,1.749665925,2.0550347724754587,2.5698441617923002,6.3685882085659875,0.48614330740456757,0.1850740956301259
1.0,24062,3.503778309623972,0.20251122,1.626316592670277,2.789524779864735,4.123000133575192,0.6625989058623242,0.5732897908566282
1.0,24063,2.8530549560681666,0.16093025,2.216403236284134,2.5258412323421893,3.100337038364197,0.44271705533911443,0.2802698148564772
1.0,24064,2.9053106712060823,0.137260585,0.7181894233333994,2.6336359272313605,3.105585986044966,0.4131048887371709,0.40600333411661327
1.0,24065,2.790803361174392,0.09810401,2.1997584164261084,2.4015752958859986,3.2262104732858394,0.33463020459755916,0.4199126869862723
1.0,24066,6.146459779835287,0.261048015,1.4620887906603788,5.495754514699166,7.170996276372212,0.467486039661252,0.17937367712060137
1.0,24067,3.743304118585166,2.106861725,0.7000366587801027,2.529783067885047,5.2936633525069245,0.5213653328300835,0.3678431706668261
1.0,24068,3.527928803798129,0.07070236925000001,0.9766281454010043,2.6480909013163467,4.4273903900263445,0.47183533275986406,0.19808200734335502
1.0,24069,7.81017678481094,0.09840754225000001,3.826297937509037,4.96706161028893,9.643809403870472,0.4297981421948733,0.31219485274482006
1.0,24070,3.2484670497038435,0.21350955249999998,1.6235997352152436,2.6722963096944823,3.600386180725085,0.9359136033373481,0.47146976863707407
1.0,24071,4.098238407022218,0.8669970574999999,1.247387842768435,3.8405305301595085,4.412652660188117,0.4064450194163843,0.3517461827088932
1.0,24072,3.4732459783292335,1.53802495,1.5046956688291522,2.9123735179758814,4.243186215797312,0.5806119669748969,0.2489177185973515
1.0,24073,2.9983316173467602,0.4744082325,0.6775214070150257,2.674486051640582,3.3025772399337443,0.4651519439880143,0.2539885160443214
1.0,24074,3.2345297192749016,0.28945975,1.3522679320126578,2.553508216810158,3.9799681929009885,0.7640862382652581,0.500072986870871
1.0,24075,4.332576426783231,0.654617425,1.5996149145864111,2.671570803365482,6.848270540778441,0.41251882396759476,0.23658460887897645
1.0,24076,2.8411341296998147,1.444597425,1.04179077733974,2.568310187837255,3.2464264312952817,0.647840694780635,0.2784540160343427
1.0,24077,3.0321770739620626,0.22094946000000001,1.6985989876718866,2.635859122451303,3.363673420164991,0.6404107801979977,0.37035682386765945
1.0,24078,5.254696876656595,0.06974194,0.592769136782044,4.289473034007116,5.892805764820596,0.3120627726169876,0.384703870854755
1.0,24079,3.4116532984708976,0.2910304025,1.7690895455641806,2.514777330398262,4.453099076231494,0.5772001821788367,0.4829167588356173
1.0,24080,3.607492364012555,0.6146381299999999,2.719983977821671,2.719983977821671,5.2812560183301205,0.8584525870530823,0.4186165756290086
1.0,24081,4.523134148180301,1.654301075,0.5975508189675897,3.5460643850287856,5.8533390711335835,0.3668798438302081,0.24360952452813533
1.0,24082,5.721983763948389,0.18706787149999998,1.445842323476369,4.473012197045168,7.090981347716246,0.3940311884350102,0.2809995177382118
1.0,24083,4.501752793841285,2.691837125,1.8290047220556849,2.913288408423433,6.399786773298634,0.5800240158096543,0.5696198057845709
1.0,24084,2.789275272812526,0.3281917325,0.686970062442957,2.432172691915944,3.2578650016300523,0.6011771659037223,0.34714180050572035
1.0,24085,3.092750691579785,0.1339888025,2.0324900997066946,3.023543222323011,3.1479669288785135,0.8462280377054204,0.340303322004176
1.0,24086,3.795106915520068,0.07207244075000001,0.6664855144474935,2.8250208527797405,5.313905463421987,0.5891796946657921,0.30064226819129364
1.0,24087,3.466989316265498,0.290054135,1.2717950974062056,2.8093746596758074,4.268298319141991,0.5178358476463316,0.21183821391709162
1.0,24088,2.873874651392304,0.20298878250000002,0.7841211555321232,2.3966854344839352,3.245166264672221,0.9500527715804681,0.2926169049869174
1.0,24089,3.1022838145500793,0.054998672750000005,1.3783937688198655,2.3959794557534964,3.661951345918344,0.3094268729750585,0.40112192307648803
1.0,24090,3.296278777660534,1.6853292,0.7546646387845296,2.5876186301489312,4.122273046903353,0.338978878968217,0.20678824852830877
1.0,24091,4.022710316608528,0.20818689750000002,1.4522937657461659,2.8956762612741507,4.986831451159814,0.32175391619964533,0.1936244550902321
1.0,24092,3.402819176026401,0.07397497224999999,0.8227523119796504,2.8577921029726254,3.931958652229712,0.448217984878251,0.25580665816854314
1.0,24093,2.9184423331922766,0.0938392495,2.477641448760778,2.477641448760778,3.6234432579013043,0.40027866829461467,0.3406554692297414
1.0,24094,3.602957826935493,0.1882989075,2.42622565593975,2.42622565593975,5.623712153535,0.3808721710012858,0.20993528566209826
1.0,24095,3.1263778707963183,0.19617247999999998,1.1896522745053615,2.6551628593859866,3.41643853239655,0.7311136465117414,0.24572718041175515
1.0,24096,6.423871622870125,0.4610910375,0.9270525248032173,5.8352183449054795,7.246286719419489,0.3295564326908197,0.3318641571310498
1.0,24097,3.1251650444194716,1.8438122750000001,2.1856201696353392,2.4235956391712836,4.192853165832687,0.44787523203148977,0.3322024388788851
1.0,24098,6.245182912605692,0.1462076825,2.0294312358841577,4.618120204920134,8.053640527881663,0.4612169711608909,0.2734818914131294
1.0,24099,3.52686775275054,2.0250080500000003,0.9946516515958664,2.6301886664454073,5.1274307217704305,0.41870704751041293,0.4040114391696209
1.0,24100,3.6972960385586084,0.7382427524999999,0.9478970464996134,3.0453383532544978,4.428170947498176,0.5143597138000546,0.3759008107112787
1.0,24101,2.7471621947991887,0.144112615,0.6744802660841159,2.484374050918796,3.188908235623175,0.39696286767208694,0.33944614082063695
1.0,24102,3.105272716815021,1.5832426,0.6489180852519936,2.7034524737786585,3.654294007923847,0.4012301803548282,0.2569737303114061
1.0,24103,3.0914364943220893,0.0419503935,1.214034308554927,2.7266874772455223,3.4070863552974107,0.4918923862647977,0.2061332190413002
1.0,24104,3.1024606165397475,2.6475653,0.5802016067467547,2.6419961725163543,4.000565832746814,0.5546151375920599,0.19622338436688244
1.0,24105,5.712851643672942,0.15514068125,1.9264918401161244,2.96484771671258,7.939448437270557,0.319487217885778,0.27570975115514873
1.0,24106,3.3037722947734394,1.82219955,1.357744152088386,2.4079054300538982,4.345848178051243,0.6285418209254794,0.2916623685457229
1.0,24107,3.799517750420349,0.4725686425,1.2183804790733068,2.862163025019424,4.793249842191822,0.6094046946013393,0.6686597967570603
1.0,24108,5.765892084158615,0.26509228,2.3003669502523825,4.991388364524215,6.912012559143093,0.6545818447062682,0.22348982633599696
1.0,24109,4.04304852222629,1.6174550124999998,0.7764280163256538,2.8995917000908737,4.75132495570298,0.3771993150155375,0.4467540400704777
1.0,24110,3.6956875074101276,0.15745491,0.9381572938576284,3.168912972779321,4.243504319073187,0.6652497289788118,0.27097104014864465
1.0,24111,2.923461165975619,1.59874025,2.3153449998409132,2.425832160987223,3.5202626416328955,0.5644195093168097,0.40182942012120615
1.0,24112,5.166302635883302,1.983997375,2.3116091212268106,3.3566298956232705,6.37783797590244,0.3241805179080809,0.28204078053028314
1.0,24113,4.590736466084455,3.2578037,1.3892484995716068,3.1333498445485817,7.4294031863065575,0.5054350591731037,0.34366715019886673
1.0,24114,3.5458759659529275,1.965518675,0.7994632925118429,2.545740611272216,4.234119999416632,0.3304861543436812,0.23953465813015873
1.0,24115,4.202363876867571,2.22811585,0.8461579752529135,2.5919729240505447,5.31999013760413,0.39230983859790564,0.23405002901226096
1.0,24116,2.9315106466949974,0.14164445625,1.3003305554958748,2.369066509431438,3.319271759334983,0.8529723722035285,0.4789625158654798
1.0,24117,5.9277092969929575,1.5439329749999997,3.485280939900809,4.322114590985574,7.374464490235939,0.4247973686452598,0.389644396895943
1.0,24118,3.466901991353797,2.331498925,2.6719140868451436,2.6719140868451436,4.447636936044479,0.5392955236268134,0.38633499654532377
1.0,24119,3.2707156304615665,0.595047825,0.9533269890196541,2.684364543832311,4.07437384344219,0.6327208819165838,0.28244651309486757
1.0,24120,3.244117020672324,2.458555575,2.3119066593505586,2.495684074550068,4.396455381876105,0.4729845663479973,0.17513570473214393
1.0,24121,2.9878601012448156,0.46181535500000004,0.6539259090081789,2.758748614939184,3.160386034433063,0.6663133149708382,0.2563914694857548
1.0,24122,3.1253218244327208,1.741392525,2.3612736586578333,2.3612736586578333,3.794396446236535,0.4104338503754455,0.5057411084020895
1.0,24123,3.6728885629219343,0.434735815,1.8691629823894877,2.9287245301575426,4.969794602047318,0.5515309896542794,0.4551938276881648
1.0,24124,4.055154435014004,0.21794179,1.0392813827998266,2.856755465355714,5.444542411257893,0.541148156318079,0.2027067221412568
1.0,24125,3.7208578915282606,0.9013850075000001,1.356115737681341,3.1493362346403857,4.642959095160377,0.4863673048489701,0.3053250944981028
1.0,24126,2.980179392723109,0.460429085,2.045588909431876,2.571959841790468,3.833144893309571,0.3880061129416141,0.17273794326827033
1.0,24127,4.153868056558978,0.3111200375,2.225453463170812,3.287984534502451,4.856786414552428,0.8798088869302201,0.37340538531381123
