seed,reference,camera,time,reference_to_view,view_to_reference,baseline_m,mean_triangulation_degrees
0,0,1,0,0.42735043,0.5811966,1.3281088,28.624826
0,0,1,0.25,0.41025642,0.5726496,1.3332235,29.195053
0,0,1,0.5,0.42735043,0.5982906,1.333101,29.85572
0,0,1,0.75,0.46153846,0.5982906,1.327781,30.897001
0,0,1,1,0.47863248,0.60683763,1.3173434,31.432175
1,0,1,0,0.8717949,0.32478634,2.0780926,17.680569
1,0,1,0.25,0.8717949,0.32478634,2.0716457,17.364105
1,0,1,0.5,0.8803419,0.33333334,2.0722454,17.240501
1,0,1,0.75,0.8803419,0.33333334,2.0797768,17.445555
1,0,1,1,0.8888889,0.34188035,2.094136,17.881218
