seed,layout,camera,start_x_m,start_y_m,start_z_m,end_x_m,end_y_m,end_z_m,target_x_m,target_y_m,target_z_m,vertical_fov_deg,horizontal_fov_deg,fx_pixels,fy_pixels,cx_pixels,cy_pixels,near_m,far_m,path_length_m,yaw_deg,pitch_deg
0,Lounge,0,-2.2709086,1.4868355,1.0038705,-0.3725592,1.4868355,1.8669349,-0.06884614,0.99839634,-0.1497525,99.84702,115.49346,161.5444,161.5444,256,192,0.1,50,2.0853324,62.35072,-11.1158905
0,Lounge,1,-3.292529,1.4620271,1.3169403,-2.0144873,1.6121403,1.7962999,-0.73692906,1.0154753,-0.65769196,33.201275,43.355648,644.0251,644.0251,256,192,0.1,50,1.4000765,52.30786,-7.8723035
1,Lounge,0,1.9222806,1.519266,-2.4592159,1.9538349,1.6581037,-2.569725,0.32696134,0.75,0.57083285,93.57635,109.66385,180.37459,180.37459,256,192,0.1,50,0.18588313,-152.23323,-12.661034
1,Lounge,1,2.0386918,1.2367201,-4.740086,2.0636773,1.2974939,-4.770984,-0.2561984,1.2295109,2.3489764,32.789726,42.83931,652.576,652.576,256,192,0.1,50,0.07650214,-162.06206,-0.055434298
2,Conference,0,2.2775269,1.2528418,3.0208938,2.291472,1.0455691,2.6083474,-0.7739094,1.0578381,2.7076435,70.74492,86.856445,270.44547,270.44547,256,192,0.1,50,0.4627672,-84.13874,-3.6374822
2,Conference,1,3.00107,0.92515683,2.9096777,4.0291147,0.92515683,0.2453146,-0.58001995,1.1003293,0.5406699,68.002205,83.93529,284.63992,284.63992,256,192,0.1,50,2.85582,-56.514065,2.3361976
3,Conference,0,-1.2466817,1.0054168,2.6559882,2.1955066,1.0054168,3.7183394,3.5032833,0.96544194,2.2566888,62.026,77.42849,319.3775,319.3775,256,192,0.1,50,3.702572,85.19481,-0.48048455
3,Conference,1,2.803606,2.3749852,5.211517,3.1759422,2.241397,5.1242905,6.5375924,0.75,-0.66230756,42.34063,54.621063,495.76727,495.76727,256,192,0.1,50,0.43611893,32.44409,-13.141338
4,Training,0,0.55931515,3.188761,3.1565707,1.3473417,3.188761,-0.18049884,2.3682942,0.75,-3.160939,35.492195,46.216198,599.9486,599.9486,256,192,0.1,50,3.428851,15.978731,-20.36076
4,Training,1,1.6688204,1.7342342,1.7068794,0.9729528,1.6200079,2.0123832,1.8956728,0.98727965,-0.52577424,40.637478,52.552097,518.5222,518.5222,256,192,0.1,50,0.9746142,5.80172,-18.409782
5,Conference,0,-1.6796043,1.706553,0.0119662285,-4.0436993,1.706553,-3.0619435,0.39747962,0.7540368,-4.787724,39.818844,51.55253,530.12177,530.12177,256,192,0.1,50,3.877869,23.400728,-10.322185
5,Conference,1,-2.082047,1.5981017,-1.8360081,-3.73693,1.5981017,-3.4261932,0.9794502,0.8661515,-5.596307,99.39896,115.08256,162.83084,162.83084,256,192,0.1,50,2.2950656,39.151215,-8.583952
6,OpenOffice,0,2.7120795,1.6280235,-0.12431705,2.643567,1.7133137,-0.40189302,0.10194468,1.1792192,4.6786933,37.310738,48.469894,568.6979,568.6979,256,192,0.1,50,0.29902422,-151.4787,-4.6935763
6,OpenOffice,1,-2.7358382,1.2636802,3.3169172,-2.6959958,1.240866,3.2990391,0.5471989,1.0736117,-1.424908,57.35764,72.2094,351.00314,351.00314,256,192,0.1,50,0.051994205,34.697075,-1.8875277
7,Conference,0,1.0365582,1.162005,0.32206297,3.473897,1.162005,-0.84698606,0.554806,1.1208283,-2.6930158,38.68986,50.168667,546.89075,546.89075,256,192,0.1,50,2.703201,-9.078039,-0.77263576
7,Conference,1,3.567492,0.93603885,-1.9808439,3.3091962,0.76301485,-1.9822487,-0.30841237,1.1154209,-2.5699356,50.704487,64.56545,405.2224,405.2224,256,192,0.1,50,0.3835534,-81.357864,2.6197915
8,OpenOffice,0,-7.783765,0.89703786,-2.6658,-7.6981006,0.89703786,-2.6505558,-7.39019,0.98987156,-0.3679929,73.44824,89.696075,257.36157,257.36157,256,192,0.1,50,0.08701008,170.28053,2.2803752
8,OpenOffice,1,-6.359256,2.6007094,2.1232352,-4.280563,2.6007094,2.054256,-1.2833185,1.168472,2.921848,32.171158,42.061844,665.82855,665.82855,256,192,0.1,50,2.079837,98.94122,-15.57493
9,Lounge,0,0.29045534,0.8383548,1.6215615,0.14601584,0.7320155,1.5025227,1.7204572,1.5127596,-2.090245,51.244427,65.19474,400.33655,400.33655,256,192,0.1,50,0.21533291,21.069561,9.622691
9,Lounge,1,1.1339957,1.7505231,-0.9946698,1.2444977,1.6176031,-1.0652013,4.161303,0.75,1.0860513,30.152512,39.513355,712.7579,712.7579,256,192,0.1,50,0.19654265,124.50141,-15.235986
10,OpenOffice,0,4.954933,1.6147211,2.0832968,4.720247,1.8390563,1.8741294,2.0507436,1.0296631,-0.9990782,46.47604,59.583565,447.14987,447.14987,256,192,0.1,50,0.49714825,-43.29514,-7.865501
10,OpenOffice,1,5.237277,1.7993116,2.7020936,4.1841965,1.7993116,-2.1757545,3.652405,0.75,1.0651821,68.82801,84.81909,280.26196,280.26196,256,192,0.1,50,4.9902287,-44.074615,-24.727917
11,OpenOffice,0,5.669072,1.5134137,-0.8514247,5.4301853,1.5134137,1.7507491,3.6514149,1.0273324,1.6104711,63.918564,79.51023,307.75067,307.75067,256,192,0.1,50,2.6396513,-140.66353,-8.682491
11,OpenOffice,1,5.7344956,1.2582331,2.6455855,5.1359577,1.2582331,-0.65790415,4.698323,0.9271675,-2.1144214,63.838226,79.42226,308.23166,308.23166,256,192,0.1,50,3.6539025,-12.280735,-3.8878405
12,Conference,0,2.4618075,1.1507646,-1.8900435,2.4297855,1.0277815,-1.8394287,4.358294,0.97505033,2.5316594,28.14582,36.963387,765.9165,765.9165,256,192,0.1,50,0.13957179,156.78531,-2.0916007
12,Conference,1,1.7645226,0.8328114,2.0567226,1.9607546,0.8328114,-0.14131165,-0.5231115,1.5349456,-2.2178888,100.79379,116.358955,158.85373,158.85373,256,192,0.1,50,2.2103164,-28.154253,8.240401
13,Conference,0,-2.9039078,0.9870117,-5.294126,-2.8483973,0.7923357,-5.258933,-3.4167483,0.75,-3.5053353,71.30093,87.44368,267.68436,267.68436,256,192,0.1,50,0.21024445,-164.00256,-7.258519
13,Conference,1,0.26396298,1.9720647,-5.0825887,0.592787,1.880939,-5.310613,-0.3570339,0.75,1.520838,88.57631,104.88869,196.8311,196.8311,256,192,0.1,50,0.4714212,-174.62761,-10.439789
14,Training,0,3.0190132,2.2164166,-2.8672452,3.3851461,2.3805912,-2.9941056,1.8110578,1.4388368,-5.508696,53.26592,67.5368,382.8649,382.8649,256,192,0.1,50,0.42817065,-24.574974,-14.987255
14,Training,1,2.1925125,1.7817999,-3.005425,2.632249,2.0243306,-3.5658069,0.85371923,0.7843704,-3.7671642,60.977486,76.26671,326.0978,326.0978,256,192,0.1,50,0.90454704,-60.36123,-32.924793
15,Lounge,0,-2.5445232,1.4838836,-1.4890382,-2.6020474,1.701719,-1.4997135,3.0099416,1.3971632,-2.530922,46.796913,59.964924,443.71863,443.71863,256,192,0.1,50,0.22764224,79.376144,-0.8791419
15,Lounge,1,-1.0031972,1.7882164,2.1782537,-0.50442946,1.7882164,0.35655618,7.6002455,0.75,1.6287987,52.52299,66.67862,389.14063,389.14063,256,192,0.1,50,1.8887432,86.345795,-6.8670125
16,Training,0,4.0273967,1.6871233,0.25944805,4.958887,1.6871233,-1.9174466,5.592289,1.55,-3.6408515,99.69859,115.35743,161.96964,161.96964,256,192,0.1,50,2.3678143,21.861822,-1.868829
16,Training,1,4.4389286,1.2201798,2.8702087,4.3859506,1.3921785,2.8798888,3.2927737,0.91750956,-2.6242836,45.93769,58.94254,453.00833,453.00833,256,192,0.1,50,0.18043555,-11.782969,-3.0867052
17,Training,0,-3.6002674,1.1219069,-2.4262006,-0.20557833,1.1219069,0.5562291,-2.422291,1.3130897,2.0863438,72.22171,88.41254,263.19296,263.19296,256,192,0.1,50,5.82428,165.36972,2.3474267
17,Training,1,-0.30246162,0.8250101,1.0291896,-0.052678064,1.0389156,0.04750234,-1.642,1.546397,1.6928,80.786156,97.210045,225.65448,225.65448,256,192,0.1,50,1.218483,-116.35393,25.760265
18,Conference,0,-1.7972252,0.9416145,2.3190536,-2.03459,0.72961897,2.3345184,-1.0801691,1.2785087,-1.246453,60.874416,76.15217,326.7697,326.7697,256,192,0.1,50,0.3622726,11.371027,5.29234
18,Conference,1,1.2360401,2.489306,-1.6109519,1.2944368,2.489306,0.28085148,-1.8720262,1.55,3.6339383,53.52557,67.83602,380.70966,380.70966,256,192,0.1,50,1.8927045,-149.34947,-8.758669
19,Conference,0,-1.5104487,2.680007,4.2265906,-1.3995101,2.6315656,4.4732647,1.2730716,1.3151858,1.1746601,57.601498,72.484985,349.2359,349.2359,256,192,0.1,50,0.27487987,42.366455,-18.284239
19,Conference,1,-1.1137166,1.5763737,0.6050205,-1.1915556,1.5092566,0.5026286,3.2923148,0.75,4.843486,54.75393,69.24662,370.77032,370.77032,256,192,0.1,50,0.14981171,133.88951,-7.697835
20,Training,0,-0.095621824,1.7536006,-1.390997,0.03981416,1.756247,-1.6432362,-0.09887521,0.9869049,0.9628873,83.59563,100.013855,214.75679,214.75679,256,192,0.1,50,0.39150608,-179.92082,-18.041195
20,Training,1,-1.1790813,1.7223747,-2.4453723,0.64362454,1.7223747,-2.914333,2.1719375,0.75,1.972548,39.04675,50.606796,541.4891,541.4891,256,192,0.1,50,1.8820683,142.81946,-9.946242
21,OpenOffice,0,-1.0982077,1.6370257,3.306694,-0.8913797,1.8516161,3.2155268,1.181116,1.014155,2.1365225,69.08966,85.09835,278.894,278.894,256,192,0.1,50,0.383315,62.824696,-13.663807
21,OpenOffice,1,0.48061204,1.3434074,-0.7924974,-1.254147,1.3434074,-2.3794613,2.1349058,0.75,2.7797737,29.63057,38.85166,725.9067,725.9067,256,192,0.1,50,2.3511367,155.15147,-8.572019
22,Training,0,-3.567073,1.217157,1.6214046,-3.568731,1.1367807,1.8259884,-4.2497306,1.0039831,-1.9994237,48.8633,62.40784,422.64093,422.64093,256,192,0.1,50,0.25112763,-10.677001,-3.31116
22,Training,1,-2.1182494,0.8277111,0.47198582,-2.0245078,0.8280498,0.45899028,-3.4460056,1.2114187,-2.9510036,73.82268,90.08633,255.61461,255.61461,256,192,0.1,50,0.10519638,-21.200962,5.966336
23,Conference,0,1.384764,0.931409,-0.5833173,1.0684087,0.931409,-0.36764872,3.5368707,0.9626887,-1.1982738,84.23277,100.64422,212.36847,212.36847,256,192,0.1,50,0.38287538,74.05291,0.8006622
23,Conference,1,1.8094038,1.8684037,-1.8804665,1.6648438,1.7823715,-2.0366032,3.4089932,1.3352304,-1.3559121,103.81429,119.09541,150.50856,150.50856,256,192,0.1,50,0.22952169,108.15591,-17.574226
24,OpenOffice,0,-0.82971334,1.3735534,-5.727624,-0.7418426,1.2716644,-5.6722903,4.913878,1.2698443,-1.5218725,32.51106,42.489258,658.48566,658.48566,256,192,0.1,50,0.17570153,126.21349,-0.83464646
24,OpenOffice,1,-3.0022206,1.7581689,-1.8590555,-0.3954239,1.6605101,-3.2761528,-3.4334686,0.8397555,-5.230519,64.64089,80.299576,303.47415,303.47415,256,192,0.1,50,3.4794214,-7.289191,-15.120602
25,OpenOffice,0,-0.13788986,1.4876665,-1.3642907,1.2370844,1.4876665,-2.91659,-2.6611032,1.028065,-2.0247495,39.945976,51.707977,528.29047,528.29047,256,192,0.1,50,2.0736892,-75.33174,-9.9936495
25,OpenOffice,1,-1.0207233,1.6827499,-3.1057901,-1.5743823,1.8569262,-2.29751,0.93049294,0.75,-2.963732,75.36325,91.68412,248.58371,248.58371,256,192,0.1,50,1.1559497,94.16407,-25.490557
26,Training,0,1.3276517,1.5593574,-1.4440085,1.3956265,1.7489886,-1.4627135,-1.4938912,0.97643965,-1.1156749,71.64184,87.80293,266.00977,266.00977,256,192,0.1,50,0.20265184,-96.637474,-11.596709
26,Training,1,1.6725461,1.300463,-1.0034589,-0.69754195,1.300463,-0.4462632,-2.5134988,1.1643367,1.7492006,34.419838,44.88013,619.8719,619.8719,256,192,0.1,50,2.7600222,-123.328125,-1.5563956
27,Conference,0,2.3051789,1.2718666,-0.07472277,2.335015,1.5079486,-0.088786304,-0.26964003,1.4354837,1.8672948,90.89164,107.11432,189.03511,189.03511,256,192,0.1,50,0.23845874,-127.02487,2.904284
27,Conference,1,1.2334404,0.9768776,-2.2548482,-0.643553,0.9768776,-0.9035764,0.2938018,0.75,0.82008874,95.419464,111.39523,174.64696,174.64696,256,192,0.1,50,2.3127992,-163.0079,-4.0362077
28,Training,0,0.43624735,0.9344219,0.730011,0.5729112,0.9344219,3.8243873,-1.836581,0.9713047,-2.104784,78.14359,94.53628,236.49371,236.49371,256,192,0.1,50,3.0973928,-38.721283,0.5815875
28,Training,1,-0.9573302,2.890881,-1.0685906,0.5098388,2.7441137,-1.8304949,-1.0990065,1.3374783,1.1372851,46.780212,59.945087,443.89612,443.89612,256,192,0.1,50,2.095111,-176.32512,-35.09815
29,Lounge,0,1.2774954,2.1163146,0.81510013,-1.5153604,2.1163146,1.7085617,-0.8092624,0.95990956,2.9666247,90.5673,106.804054,190.10832,190.10832,256,192,0.1,50,2.9322886,-135.87549,-21.097597
29,Lounge,1,1.1834555,1.6264274,3.2567325,1.1804551,1.3771868,3.3030615,-2.0516713,1.2847253,1.0206234,49.68086,63.36814,414.7572,414.7572,256,192,0.1,50,0.25417066,-55.3479,-4.9657946
30,OpenOffice,0,-2.1805847,1.6520187,1.2680035,-3.7174525,1.6520187,2.3819232,-0.32318258,1.2825302,-0.9696695,82.56955,98.99443,218.66618,218.66618,256,192,0.1,50,1.8980991,39.6947,-7.2408824
30,OpenOffice,1,0.34787655,1.4886731,0.7443464,2.0770736,1.4886731,-0.51093817,2.857487,1.0454473,-1.8680784,31.878166,41.693016,672.2804,672.2804,256,192,0.1,50,2.2192247,43.850056,-6.9755645
31,OpenOffice,0,2.2125173,1.7416931,-3.6527882,2.1028473,1.8160915,-3.6055257,-0.65914756,1.0105865,-0.878225,38.160805,49.51805,555.0769,555.0769,256,192,0.1,50,0.14541037,-134.01474,-10.375567
31,OpenOffice,1,0.641538,1.165108,-0.63723326,0.70082784,0.9947229,-0.6463249,0.0767546,0.75,-2.1502035,50.07846,63.83387,411.01038,411.01038,256,192,0.1,50,0.18447874,-20.470327,-14.415296
32,OpenOffice,0,-2.371754,1.2458855,-2.1076949,-2.3079925,1.4112834,-2.111305,0.42748255,1.2536653,0.10570407,105.59894,120.69498,145.73874,145.73874,256,192,0.1,50,0.17763168,128.33395,0.124909446
32,OpenOffice,1,-0.9449549,0.8540741,0.66245556,-0.9079297,1.0070963,0.6387831,-1.7849917,0.82359153,3.171343,48.611885,62.11182,425.11533,425.11533,256,192,0.1,50,0.16125391,-161.4882,-0.66008633
33,Training,0,0.17046866,0.9766908,-0.6935382,0.1427718,0.9766908,-0.6366077,1.7784681,1.1934716,-2.0907784,37.92716,49.23031,558.762,558.762,256,192,0.1,50,0.06331032,49.01162,5.810605
33,Training,1,3.9963772,2.5903144,-1.4774554,2.283845,2.5903144,-2.8719804,3.7177048,0.75,-2.7052732,99.19262,114.89303,163.42613,163.42613,256,192,0.1,50,2.208499,-12.787534,-55.622143
34,Training,0,3.3829765,3.0273633,-1.9029696,3.1040845,2.8829315,-1.9994595,0.24300699,1.211374,1.7717319,48.19323,61.61815,429.2894,429.2894,256,192,0.1,50,0.3713727,-139.48666,-20.5916
34,Training,1,3.7314682,1.5718752,2.3150306,0.7777705,1.5718752,0.3478092,-2.0115933,0.7673514,-0.16388899,55.17455,69.72775,367.4609,367.4609,256,192,0.1,50,3.5488434,-66.653175,-7.328939
35,Training,0,3.3598747,1.5865182,2.533914,2.5903988,1.5865182,4.470392,-4.2992167,1.2377398,2.4072022,37.054153,48.15284,572.9276,572.9276,256,192,0.1,50,2.0837564,-89.052185,-2.6069677
35,Training,1,0.8031721,1.5898182,4.3135433,-0.48993218,1.5898182,2.7455678,-6.108153,1.1993288,3.3834655,49.17411,62.773346,419.6148,419.6148,256,192,0.1,50,2.032404,-82.33558,-3.2049408
36,Lounge,0,0.07291794,1.6036321,0.4650706,-0.78986543,1.6036321,3.468266,-3.5359693,1.0500028,4.093962,28.526785,37.448727,755.2618,755.2618,256,192,0.1,50,3.1246724,-135.15836,-6.1739655
36,Lounge,1,-1.2393103,1.1294792,1.8678052,-1.0451474,1.0412334,0.7501576,-2.0257535,0.75,3.2671587,30.504137,39.958496,704.14764,704.14764,256,192,0.1,50,1.1953423,-150.66382,-13.300838
37,Lounge,0,-1.4926479,1.2113489,-4.1197634,0.36001086,1.2113489,-3.8693562,-1.9983116,1.0318995,-0.17078711,68.45918,84.42483,282.20578,282.20578,256,192,0.1,50,1.8695048,-172.70303,-2.5808022
37,Lounge,1,3.4276552,1.0005329,0.7216358,3.5687237,1.1640688,0.062313914,0.57919824,1.3934191,1.2715503,38.123905,49.472633,555.65594,555.65594,256,192,0.1,50,0.7990023,-100.92692,7.7125764
38,Conference,0,-2.272588,1.0103819,-2.4906445,-2.2730875,1.0103819,-2.4404624,0.82989025,1.2244005,-3.837619,41.20813,53.246925,510.6977,510.6977,256,192,0.1,50,0.050184593,66.5314,3.620662
38,Conference,1,0.5173836,2.8856025,0.059333324,1.548927,2.8856025,2.1778398,2.031299,0.75,-3.2009563,38.739326,50.229427,546.13635,546.13635,256,192,0.1,50,2.3563004,24.907799,-30.714872
39,Training,0,0.5359049,2.4070716,-1.9917808,-0.14054698,2.4070716,2.6672502,-0.8981451,1.2154558,-3.9456306,41.399975,53.480156,508.1136,508.1136,256,192,0.1,50,4.7078824,-36.277225,-26.181675
39,Training,1,0.22663093,1.7886746,3.354926,0.36421457,1.7886746,1.4538221,-2.9172995,1.55,4.4672503,86.430435,102.80319,204.35045,204.35045,256,192,0.1,50,1.906076,-109.48381,-4.0936065
40,OpenOffice,0,1.764222,1.6623487,2.1887767,0.9270132,1.4505513,2.1609106,1.6530659,0.95375955,-1.7474031,42.518623,54.836456,493.48972,493.48972,256,192,0.1,50,0.8701982,-1.6175793,-10.2010765
40,OpenOffice,1,1.2559347,1.6594377,2.0658262,3.0506616,1.6594377,-0.015758991,1.3318186,0.75,-2.4948215,86.671776,103.03885,203.48994,203.48994,256,192,0.1,50,2.7484617,0.95324695,-11.27589
41,OpenOffice,0,0.64837694,1.512546,-1.0235033,1.3104992,1.3482448,1.4930284,-2.4507344,1.0117255,1.1916131,51.241657,65.19152,400.36133,400.36133,256,192,0.1,50,3.2189713,-125.55561,-7.489776
41,OpenOffice,1,1.2079463,1.1961632,1.2934251,1.3354771,1.1961632,-1.6738355,-3.5276487,0.75,1.1531808,35.056602,45.674114,607.89905,607.89905,256,192,0.1,50,3.0380049,-88.30369,-5.3798785
42,Conference,0,-2.9974885,1.2892725,-0.8949895,-3.4841478,1.3467574,-0.35399288,-3.2247076,0.96238875,-3.172343,51.189175,65.13042,400.8321,400.8321,256,192,0.1,50,0.9091081,-5.6977334,-8.128441
42,Conference,1,0.6175275,0.96748024,0.07180309,-5.42842,0.96748024,-0.049788617,-1.2053868,1.2208227,-1.9855411,64.84828,80.52568,302.26202,302.26202,256,192,0.1,50,6.0565,-41.542618,5.2658515
43,OpenOffice,0,0.026900291,0.98229253,3.2683818,-0.0064929835,1.1026099,3.272959,-1.0360873,0.86048245,0.2520187,39.178223,50.768032,539.52313,539.52313,256,192,0.1,50,0.12498984,-19.412817,-2.1811845
43,OpenOffice,1,-1.6105249,1.8647697,3.4738708,-1.962996,2.07139,3.1600604,-3.137848,0.75,1.7819877,43.897232,56.499275,476.44644,476.44644,256,192,0.1,50,0.5318378,-42.07369,-26.06258
44,Lounge,0,1.9523697,1.8913456,-0.8881042,0.91254485,1.8913456,2.875429,-0.9658476,1.2646729,1.2345185,80.502975,96.925224,226.78763,226.78763,256,192,0.1,50,3.9045382,-126.031006,-9.85196
44,Lounge,1,-3.0851672,1.6248405,-0.7520659,-2.8455102,1.6991137,-0.5417899,1.6363001,1.0392652,0.9849045,82.546005,98.97098,218.7568,218.7568,256,192,0.1,50,0.41248494,110.19796,-6.639193
45,Conference,0,-2.402675,1.6745006,-1.7298656,-4.654872,1.6745006,1.1618643,-1.925004,1.0305586,3.66475,42.04161,54.25887,499.63477,499.63477,256,192,0.1,50,3.6653094,174.9399,-6.780767
45,Conference,1,0.7692838,1.5750989,0.27671623,-1.288471,1.5750989,0.41858423,0.09676826,1.2734483,-1.1867311,104.653755,119.84939,148.25064,148.25064,256,192,0.1,50,2.0626392,-24.680767,-10.608229
46,OpenOffice,0,1.6897304,1.7850442,0.6095137,2.2635617,1.7850442,1.906709,-0.368192,1.0080988,1.3915186,79.00751,95.41434,232.88353,232.88353,256,192,0.1,50,1.418449,-110.80665,-19.438818
46,OpenOffice,1,1.2234817,1.2657766,2.8055964,1.8001935,1.4018941,2.5663054,0.54329014,0.75935066,1.0626155,60.290688,75.50243,330.61407,330.61407,256,192,0.1,50,0.65837926,-21.318024,-15.145415
47,Training,0,3.9311385,1.1717283,6.35207,3.900249,1.4047892,6.596999,-3.389347,0.75,5.307628,68.566795,84.53994,281.63675,281.63675,256,192,0.1,50,0.35104015,-81.880196,-3.264145
47,Training,1,1.6050897,0.8369604,4.261074,4.1361594,0.8369604,4.4136667,-2.3895152,0.8109988,5.517862,89.97199,106.23332,192.09387,192.09387,256,192,0.1,50,2.5356653,-107.46469,-0.35520422
48,OpenOffice,0,-3.1849577,1.0179989,-3.4288635,-3.1847014,1.2344642,-3.4699392,2.7559927,0.75,-1.1147517,40.44041,52.311775,521.27344,521.27344,256,192,0.1,50,0.22060879,111.281845,-2.406965
48,OpenOffice,1,1.0401883,1.6223255,-1.089133,1.1103928,1.6287333,-1.1966803,1.0164748,0.9681609,0.7428417,76.18166,92.52787,244.94739,244.94739,256,192,0.1,50,0.15499686,-179.25839,-19.649195
49,Conference,0,-0.42387486,1.8234806,-8.323043,-3.1370275,1.8234806,-7.6976933,0.5704932,0.77235526,-7.3417935,78.09843,94.49027,236.6843,236.6843,256,192,0.1,50,2.784288,134.61955,-36.958324
49,Conference,1,1.1436968,1.5659747,-7.6242423,1.1141701,1.3904184,-7.555477,4.425156,0.75,-6.8550344,54.417965,68.86163,373.44757,373.44757,256,192,0.1,50,0.19723924,103.19253,-13.609427
50,OpenOffice,0,-3.258193,1.7972538,1.9658527,0.6566293,1.7972538,3.5842211,-0.93491936,1.0160947,0.28346655,78.37804,94.77493,235.50742,235.50742,256,192,0.1,50,4.236148,54.090023,-15.233807
50,OpenOffice,1,-2.0766876,1.595617,3.8252406,-1.7476938,1.8453993,4.1016145,-0.85822165,0.87475723,1.810353,30.705809,40.213573,699.2962,699.2962,256,192,0.1,50,0.5707816,31.162674,-17.021526
51,Conference,0,1.7645965,1.6623125,2.7754865,1.7395375,1.7240145,2.7278574,-1.1844468,0.96344185,-1.7779291,29.289654,38.418873,734.74225,734.74225,256,192,0.1,50,0.0970002,-32.92932,-7.340668
51,Conference,1,0.15841484,1.1015015,-2.4613917,0.27074257,1.2863781,-2.3528032,1.1061869,0.9452789,-0.51491886,87.34822,103.69787,201.09836,201.09836,256,192,0.1,50,0.26040483,154.03773,-4.1272955
52,Training,0,1.0233192,1.0648459,2.93435,1.0360398,1.282897,2.7619019,1.4189973,1.4078423,-3.2410204,35.418674,46.124763,601.2772,601.2772,256,192,0.1,50,0.280007,3.6661339,3.1725998
52,Training,1,2.55169,0.82456666,3.2668457,1.3385929,0.79349905,1.9955934,3.4109085,1.491281,-2.2491758,72.86559,89.08734,260.11063,260.11063,256,192,0.1,50,1.9833548,8.853685,6.8104916
53,Training,0,1.9029472,0.881401,1.126879,1.7385966,0.7279777,1.2873001,-0.3328022,0.99519914,3.4208505,55.630295,70.247986,363.92715,363.92715,256,192,0.1,50,0.27889454,-135.7364,2.0346177
53,Training,1,2.2188675,3.2023573,0.12279262,2.1878054,3.12331,0.1686981,-1.7293173,1.55,3.5028348,84.05543,100.46896,213.03029,213.03029,256,192,0.1,50,0.106976256,-130.56683,-17.636536
54,Training,0,1.821352,2.0030348,-0.37266135,1.755982,2.0466247,-0.48115113,0.75014913,0.97131515,2.2257311,73.0513,89.281555,259.23035,259.23035,256,192,0.1,50,0.15679404,-157.5958,-20.157675
54,Training,1,3.1644425,1.6983633,0.64229417,3.1740422,1.6199741,0.72101295,0.628284,1.0003442,2.174364,80.8123,97.23632,225.55019,225.55019,256,192,0.1,50,0.11790051,-121.13578,-13.2559805
55,Lounge,0,-8.012834,1.5806493,-2.2867372,-8.504546,1.5806493,0.11109066,-5.381829,1.2434025,0.5888088,78.827065,95.23126,233.6321,233.6321,256,192,0.1,50,2.4477255,137.54279,-4.945357
55,Lounge,1,-7.966116,1.7073873,-3.6840053,-8.005947,1.4766791,-3.6364098,-4.9301615,0.8848244,-1.444083,78.3364,94.73258,235.68219,235.68219,256,192,0.1,50,0.23988605,126.41985,-12.299308
56,OpenOffice,0,3.9592185,1.6306015,-3.4809346,4.0042663,1.8149371,-3.4635286,3.7777982,0.9791297,-5.9758816,41.10268,53.11865,512.128,512.128,256,192,0.1,50,0.19105746,-4.1589484,-14.597231
56,OpenOffice,1,2.8510294,1.1420733,-3.328763,1.5759662,1.1420733,-5.6150017,3.811295,0.97904265,-5.934632,54.848648,69.35505,370.021,370.021,256,192,0.1,50,2.6177611,20.2289,-3.3596308
57,Conference,0,-1.7969736,1.2580076,-1.690783,-1.8602439,1.1402764,-1.5886422,0.640924,0.95903134,-1.8812896,59.60582,74.73773,335.21146,335.21146,256,192,0.1,50,0.19821632,85.53177,-6.970627
57,Conference,1,-2.1659918,1.0124407,0.07428932,-2.6726031,0.9468791,-0.34213313,0.5250419,1.2636632,-1.786999,37.401527,48.582,567.21466,567.21466,256,192,0.1,50,0.66024065,55.329826,4.390512
58,Lounge,0,2.77392,0.9569934,-1.5011204,3.5581014,0.9569934,0.36218083,-1.167753,0.75,-2.0918922,50.1793,63.951862,410.0689,410.0689,256,192,0.1,50,2.0215914,-81.47605,-2.9729295
58,Lounge,1,1.3805714,1.1693783,1.9409788,4.046872,1.1693783,1.7801174,1.1696718,0.75,-2.224831,76.87851,93.243515,241.90308,241.90308,256,192,0.1,50,2.671149,-2.8982,-5.7413797
59,OpenOffice,0,4.21862,2.6897924,-1.3911068,5.6901965,2.6897924,-2.6397185,0.7449831,1.3047599,-0.1772007,54.44565,68.89337,373.22583,373.22583,256,192,0.1,50,1.9299144,-109.26261,-20.626577
59,OpenOffice,1,-4.2958307,1.4572433,-0.88553596,-4.1946893,1.6536181,-0.8093585,6.2454786,0.75,1.5720488,88.60608,104.917465,196.72884,196.72884,256,192,0.1,50,0.25445727,103.123436,-3.7384093
60,OpenOffice,0,2.6394415,1.6036056,-0.11506367,2.6750505,1.6407979,-0.12833887,-2.7648017,1.3067962,1.1653887,38.16551,49.52385,555.0031,555.0031,256,192,0.1,50,0.05994027,-103.32955,-3.0590892
60,OpenOffice,1,3.8312936,1.5769382,-1.5451117,3.7735095,1.6625504,-1.5302222,1.084002,0.79448664,-0.33671865,101.66493,117.15199,156.4103,156.4103,256,192,0.1,50,0.114030145,-113.74224,-14.611984
61,OpenOffice,0,3.4065962,1.6600546,-2.9564357,1.5660045,1.6600546,-2.977644,-2.4825492,0.99808407,-5.7140665,53.11571,67.36353,384.12057,384.12057,256,192,0.1,50,1.8407139,-64.908356,-5.812549
61,OpenOffice,1,-0.33034778,1.2702066,-5.771864,-2.0665617,1.2702066,-1.6146092,-3.7720714,1.55,-2.4240432,91.183784,107.393364,188.07352,188.07352,256,192,0.1,50,4.640697,-134.20761,3.3350477
62,OpenOffice,0,1.762577,1.0892968,-0.59569454,1.5989861,1.2447236,-0.5258959,-0.6917467,1.4665426,-2.007108,80.590065,97.01286,226.43843,226.43843,256,192,0.1,50,0.2400688,-60.09799,7.5896745
62,OpenOffice,1,1.4595995,0.8972045,2.214661,1.3858961,0.8972045,2.408642,-0.56389046,0.75,2.3736317,72.772156,88.989555,260.555,260.555,256,192,0.1,50,0.20751117,-94.49208,-4.1480775
63,Conference,0,-4.514537,0.9093833,-1.4190962,-4.553749,0.9883992,-1.3987445,0.45452043,0.9891701,-0.59293705,63.96731,79.56358,307.45938,307.45938,256,192,0.1,50,0.09295476,99.4397,0.9074488
63,Conference,1,-4.3252587,2.129434,1.3284664,-1.0904989,2.129434,2.4216197,0.9690598,0.8821124,-0.16745114,39.192184,50.785156,539.31506,539.31506,256,192,0.1,50,3.4144773,74.22229,-12.774143
64,OpenOffice,0,2.2814834,2.493785,3.463871,2.3024886,2.464657,3.1207695,1.0647002,1.2585646,3.0517838,74.19941,90.4782,253.87222,253.87222,256,192,0.1,50,0.38105854,-71.29033,-43.875786
64,OpenOffice,1,3.1893418,1.7684717,2.587357,3.155453,1.7684717,2.5171635,1.4749677,0.75,1.78337,49.99592,63.737255,411.7836,411.7836,256,192,0.1,50,0.07794603,-64.874916,-28.274387
65,Lounge,0,0.9011786,1.5303934,-9.5362625,0.844583,1.6452985,-9.558484,0.5957802,1.3080252,-7.4294605,81.56428,97.99057,222.57439,222.57439,256,192,0.1,50,0.1304219,-171.75195,-5.9632587
65,Lounge,1,1.4861898,1.7266115,-4.27128,-0.39273274,1.7266115,-5.700836,2.3380907,0.75,-7.2832456,78.301445,94.697,235.82909,235.82909,256,192,0.1,50,2.360928,15.792963,-17.328138
66,Training,0,-0.66660905,1.5600986,-5.9994645,-0.72871435,1.5315745,-6.1849117,1.4165102,1.3246539,-6.12791,102.53743,117.94316,153.9932,153.9932,256,192,0.1,50,0.21292758,86.471596,-6.4363747
66,Training,1,-0.12262106,1.3045229,-4.7916207,-0.20493838,1.2186489,-4.960327,0.1565012,0.75,-8.548564,61.00473,76.29697,325.92056,325.92056,256,192,0.1,50,0.21442944,4.2489862,-8.373456
67,OpenOffice,0,0.52018833,1.3191987,-1.1954238,0.46635228,1.5260947,-1.0238626,-1.8346025,1.003223,0.7014853,75.614746,91.94378,247.45917,247.45917,256,192,0.1,50,0.2752837,-128.8533,-5.9655643
67,OpenOffice,1,4.323148,0.9870252,-0.31680965,1.8531244,0.9870252,-1.4524139,-3.9012806,1.0577687,2.1820278,62.10754,77.51858,318.86346,318.86346,256,192,0.1,50,2.9071505,-106.90042,0.47154164
68,OpenOffice,0,1.0866685,0.82147104,0.6845567,1.0312487,0.74364424,0.6843478,-1.5256897,1.0131558,-0.44643956,73.075485,89.30684,259.11597,259.11597,256,192,0.1,50,0.10465431,-66.59025,3.8522727
68,OpenOffice,1,-1.335613,1.8997216,-0.6525755,-2.1733477,1.991885,-0.50391734,1.7800716,0.800403,-0.37603468,42.17719,54.423153,497.87466,497.87466,256,192,0.1,50,1.1710085,95.07215,-19.364134
69,Lounge,0,2.1888359,1.8791137,3.5226207,2.4272676,2.1200635,2.1700268,-0.62356776,0.99095386,-1.7125832,51.22602,65.17331,400.50153,400.50153,256,192,0.1,50,1.4115273,-28.245136,-8.500011
69,Lounge,1,-0.24384499,1.5747505,1.3846459,-0.22870214,1.580376,1.5683341,-1.4418327,1.55,-4.2614202,70.11677,86.19101,273.6106,273.6106,256,192,0.1,50,0.23187575,-11.979408,-0.24569543
70,OpenOffice,0,4.353867,1.7260586,-0.24731135,4.760158,1.7260586,2.5923471,-4.988857,0.96756387,-1.393204,102.453804,117.867455,154.2236,154.2236,256,192,0.1,50,2.8685768,-83.00755,-4.607041
70,OpenOffice,1,-3.8203769,1.5082021,-0.30951405,-3.6743803,1.6147401,-0.52162176,-0.1365962,0.8771857,0.6348487,80.24039,96.66076,227.84431,227.84431,256,192,0.1,50,0.28053558,104.37853,-9.421264
71,Conference,0,0.88503003,1.6557515,3.6145368,-1.0041068,1.6557515,3.205143,-0.66367245,1.55,6.0869756,72.73841,88.95423,260.7157,260.7157,256,192,0.1,50,1.9329876,-147.93753,-2.0759542
71,Conference,1,5.309675,1.1134117,5.590068,3.4439728,1.1134117,5.480145,0.66166794,0.9536291,3.5293462,87.817276,104.153534,199.45734,199.45734,256,192,0.1,50,1.8689378,-66.089615,-1.8000076
72,Training,0,-0.024571896,1.2603906,-2.8810592,-0.06354226,1.2100588,-2.8864799,-0.7910803,0.9895887,1.252014,48.29522,61.7385,428.2663,428.2663,256,192,0.1,50,0.06388888,-169.49345,-3.6860273
72,Training,1,-0.019755602,0.9261725,5.139268,-1.6005838,0.9261725,6.4636865,-0.042568505,1.0239776,-0.89784634,84.11819,100.53099,212.79584,212.79584,256,192,0.1,50,2.0623052,-0.2165069,0.92814064
73,OpenOffice,0,-0.9997616,0.8992936,-2.8440552,-0.11511344,0.8961898,-2.606861,-4.8178124,1.1095697,-1.1704874,105.26343,120.39521,146.62677,146.62677,256,192,0.1,50,1.1548074,-113.669304,2.8876224
73,OpenOffice,1,-5.4676104,1.9239877,-2.2484062,-5.624886,2.0228071,-2.1367235,-0.3525741,1.1769052,0.8461156,85.00027,101.40089,209.53026,209.53026,256,192,0.1,50,0.23264395,121.173325,-7.1231236
74,Training,0,1.3402,1.070215,7.1279955,2.1223543,1.0615345,7.052133,2.0680227,1.472693,3.2029476,68.33854,84.29569,282.84564,282.84564,256,192,0.1,50,0.790114,10.505054,5.757231
74,Training,1,4.955533,1.4613545,2.7261043,4.9768825,1.3172836,2.747678,5.5868626,0.75,8.1710205,63.26434,78.79283,311.69925,311.69925,256,192,0.1,50,0.1502288,173.38618,-7.3943014
75,Conference,0,-1.7032704,1.6790153,2.864594,-1.667771,1.7445347,2.866244,-3.0549266,1.55,-0.18989182,94.14135,110.19623,178.60062,178.60062,256,192,0.1,50,0.07913227,-23.870115,-2.2119594
75,Conference,1,-2.0726616,1.540788,-1.4760835,-2.1390364,1.459481,-1.4144576,0.49584806,0.94559956,0.063236475,40.76617,52.708935,516.7393,516.7393,256,192,0.1,50,0.12357447,120.934456,-11.241805
76,OpenOffice,0,3.1702123,1.5949651,-2.1821556,3.1552806,1.6377757,-1.9803514,0.08843829,0.75,-0.18765642,66.730156,82.56664,291.56982,291.56982,256,192,0.1,50,0.25938353,-122.91062,-12.962589
76,OpenOffice,1,-2.284866,1.2328424,0.11113787,-2.4293942,1.3444259,0.24607229,-0.6342752,0.80740124,2.2593138,42.445026,54.74742,494.42923,494.42923,256,192,0.1,50,0.2279069,142.46246,-8.924992
77,OpenOffice,0,3.950324,1.1780328,-0.99800307,1.9515096,1.1780328,-0.4098673,-0.9974818,0.9656161,-1.2213608,90.71418,106.94462,189.62157,189.62157,256,192,0.1,50,2.083546,-87.41526,-2.4557853
77,OpenOffice,1,0.91349745,1.0159364,3.9042437,0.67735386,1.1818283,4.080368,-0.66141695,0.9688392,0.11356583,103.19789,118.539986,152.18307,152.18307,256,192,0.1,50,0.3554228,-22.561438,-0.65736026
78,Lounge,0,-4.1025248,0.9345059,-2.9160395,-4.0190988,1.1634109,-2.990955,-4.7932553,1.0165436,-0.91925263,38.420815,49.83797,551.0266,551.0266,256,192,0.1,50,0.25490397,-160.91843,2.2235312
78,Lounge,1,-4.633715,2.4336693,1.7401938,-4.625881,2.4713557,1.7892483,-5.371849,0.8384513,1.119442,55.72715,70.35839,363.18304,363.18304,256,192,0.1,50,0.07111558,-49.93702,-58.843185
79,OpenOffice,0,-1.3640239,1.8762438,-0.67999697,-1.7067249,1.9972963,-0.6096537,-0.41682914,0.9725311,1.7750518,87.94309,104.27558,199.01952,199.01952,256,192,0.1,50,0.37076065,158.90263,-18.953999
79,OpenOffice,1,-4.3157206,1.6848079,0.04987192,-4.354995,1.9158082,0.063594066,-0.56375897,0.80583555,-0.0037726164,96.26698,112.1863,172.06927,172.06927,256,192,0.1,50,0.23835826,89.18086,-13.18361
80,Lounge,0,5.693468,1.4765354,-1.761305,3.5031826,1.4765354,-1.8097651,6.6719484,1.0187781,-0.21560076,69.59021,85.63156,276.3022,276.3022,256,192,0.1,50,2.1908214,147.66489,-14.048409
80,Lounge,1,3.3315842,1.6935718,0.020685911,3.2566903,1.6037085,0.03028937,6.531361,1.5361629,-0.22665495,57.172756,72.000244,352.3522,352.3522,256,192,0.1,50,0.12139718,85.57986,-2.8079598
81,Training,0,0.9874215,1.5762478,-2.4803843,-0.3707708,1.5762478,-0.67564523,1.8465587,1.4158188,-0.6681066,60.80503,76.075035,327.22318,327.22318,256,192,0.1,50,2.2587097,154.63602,-4.573362
81,Training,1,-2.3460007,1.0589385,-2.5630407,-3.3555326,1.0589385,-0.4637649,0.5343163,1.1366094,0.6851553,60.73217,75.99401,327.70035,327.70035,256,192,0.1,50,2.590178,138.43521,1.0249759
82,Lounge,0,-0.78822803,1.2791027,-4.9062138,-2.6094384,1.2791027,-5.0982323,1.2188505,1.2592769,-4.7395363,68.84986,84.84243,280.14737,280.14737,256,192,0.1,50,1.8313051,94.74722,-0.56400496
82,Lounge,1,1.2425668,0.98161423,3.4156508,1.306462,0.87302375,3.4988964,2.4166799,1.2730708,-4.180037,99.330154,115.01938,163.02913,163.02913,256,192,0.1,50,0.15723166,8.787024,2.1716702
83,Training,0,-0.4576125,1.0136933,0.33776572,-0.42733648,1.0095501,0.2361928,-3.5717223,0.75,4.4267964,96.44145,112.348755,171.5429,171.5429,256,192,0.1,50,0.10608462,-142.70795,-2.9369223
83,Training,1,-2.2196407,1.9268483,1.6082414,-2.4879682,1.968142,1.9269948,-4.1366954,1.1243355,3.8928142,59.504158,74.624,335.90207,335.90207,256,192,0.1,50,0.4260513,-139.99896,-15.060863
84,Conference,0,-0.7921672,2.383052,-1.4228511,-0.7685274,2.291803,-0.44304997,-0.9395593,0.9788377,2.323768,40.563305,52.461674,519.5547,519.5547,256,192,0.1,50,1.2940109,-177.74715,-20.531195
84,Conference,1,-0.62497544,1.7128416,-1.6044111,-0.54968315,1.7763926,-1.577984,-2.000676,0.83455235,-2.186563,28.33651,37.206394,760.5483,760.5483,256,192,0.1,50,0.113123335,-67.06349,-30.45359
85,Lounge,0,0.59540784,1.772032,4.0100417,1.5187596,1.772032,1.856745,3.3162358,0.9615036,4.1270623,79.04096,95.448265,232.74506,232.74506,256,192,0.1,50,2.3429182,92.46273,-16.57419
85,Lounge,1,3.1950622,1.7951549,5.125396,3.2394261,1.8037114,5.0823703,4.4400063,0.75,3.911554,45.067276,57.902924,462.76038,462.76038,256,192,0.1,50,0.073397025,45.724728,-31.009697
86,Lounge,0,1.353682,1.6595759,5.615962,1.3123507,1.8386985,5.6347175,4.023067,1.0090381,1.38753,104.10283,119.35488,149.72957,149.72957,256,192,0.1,50,0.18756942,32.263985,-7.4122033
86,Lounge,1,2.3222487,1.1299953,-2.7142787,3.3173623,1.1299953,-0.51803994,5.8655143,0.75,2.9692984,72.82217,89.0419,260.31705,260.31705,256,192,0.1,50,2.4111648,148.0597,-3.247257
87,Lounge,0,2.4015946,1.1288713,-0.043702126,2.4998803,1.2613266,-0.5492669,0.23900917,1.0540538,0.24887554,84.57354,100.980545,211.10315,211.10315,256,192,0.1,50,0.5588555,-97.7048,-1.9635595
87,Lounge,1,2.848617,0.92983955,2.2233484,3.3033135,0.92983955,2.6609292,1.7810122,0.75,-0.5215428,47.76269,61.109486,433.65378,433.65378,256,192,0.1,50,0.63105136,-21.253174,-3.4942505
88,OpenOffice,0,-8.336172,0.88787526,1.7053666,-8.887655,0.88787526,3.7351794,-5.6507726,1.0138369,3.4293184,33.243286,43.408314,643.16376,643.16376,256,192,0.1,50,2.1033957,122.69933,2.2604215
88,OpenOffice,1,-3.7798014,2.1348352,-3.5151863,-3.8138537,2.1827548,-3.50661,-6.95009,0.9491925,-2.464089,98.38333,114.14799,165.7787,165.7787,256,192,0.1,50,0.0679046,-108.34275,-19.544043
89,Training,0,-7.5880194,2.5322678,-1.0618901,-7.8697095,2.3974445,-2.0845325,-1.0381788,1.0797361,0.5630634,101.332146,116.84942,157.34012,157.34012,256,192,0.1,50,1.1038896,103.93323,-12.147076
89,Training,1,-4.3416038,1.7859155,-5.312648,-5.400026,1.5523353,-4.7117147,-2.5613122,0.76889205,-1.3299497,51.62462,65.63691,396.9534,396.9534,256,192,0.1,50,1.46062,155.91505,-13.122925
90,Training,0,-2.4336596,1.7168362,-2.6726325,-1.4611887,1.940233,2.143017,1.4086393,1.4754757,0.3008357,73.36834,89.6127,257.73633,257.73633,256,192,0.1,50,4.9550767,127.73548,-2.8440168
90,Training,1,-1.6446965,1.7676111,0.107066154,-1.8972443,1.801433,0.048529062,2.1264048,0.8069853,0.13584188,31.925825,41.753033,671.2231,671.2231,256,192,0.1,50,0.28817347,90.43719,-14.290816
91,Training,0,0.38570118,1.5880618,-2.4980907,0.6151682,1.3824399,-2.3786826,2.2459288,1.028038,-0.2283198,98.210945,113.98893,166.28352,166.28352,256,192,0.1,50,0.3732696,140.66312,-10.803862
91,Training,1,-2.5652773,1.2172538,-2.3420706,0.22988677,1.2172538,0.21972752,1.4639002,0.75,-0.6299825,57.732113,72.63246,348.29492,348.29492,256,192,0.1,50,4.164249,113.02173,-6.0922008
92,Conference,0,-1.058543,1.3143346,5.802105,-1.0700059,1.3143346,5.753441,-2.1044474,1.4673424,3.588396,68.91879,84.91603,279.7863,279.7863,256,192,0.1,50,0.049995925,-25.289188,3.5760033
92,Conference,1,0.1465609,0.9742036,2.953002,-0.22549403,1.075496,2.1667817,2.319611,0.75,4.5701294,83.006256,99.42894,216.99265,216.99265,256,192,0.1,50,1.0694897,126.65567,-4.7316194
93,OpenOffice,0,4.99411,0.80762374,-2.667982,4.968845,0.89037466,-2.752225,2.733218,1.0007453,-4.0914764,85.1736,101.57138,208.895,208.895,256,192,0.1,50,0.12177657,-57.80482,4.1343894
93,OpenOffice,1,5.118744,2.8311598,-2.987834,3.2243586,3.0052283,0.35685277,0.9350945,1.0830373,-3.6561785,47.449673,60.739063,436.87357,436.87357,256,192,0.1,50,3.8492222,-80.92361,-22.421747
94,OpenOffice,0,-3.9852085,2.2952971,0.21492577,-4.319291,2.2952971,-1.8536625,-1.9041963,0.9591949,-0.23176892,31.050617,40.6493,691.144,691.144,256,192,0.1,50,2.0953922,77.88515,-32.118355
94,OpenOffice,1,-2.465953,1.6791189,-0.09553838,-4.493657,1.6791189,0.4898206,-3.1922426,0.9923115,1.700848,55.367054,69.94763,365.96173,365.96173,256,192,0.1,50,2.1105044,-157.98622,-19.517035
95,Conference,0,1.4937329,1.5790704,1.6116261,1.8474919,1.7783328,-0.5559385,-2.0124934,0.9959618,0.41371754,34.451035,44.919075,619.27527,619.27527,256,192,0.1,50,2.2054656,-71.13717,-8.943581
95,Conference,1,-3.592768,1.684774,0.9034238,-3.6975765,1.7503724,0.9662173,-3.6845903,0.75,-0.9306661,41.35536,53.42593,508.71252,508.71252,256,192,0.1,50,0.15572599,-2.866079,-26.97741
96,Lounge,0,-1.5295844,1.7478712,-1.7493547,-1.339688,1.6930803,-2.0811586,1.1987357,1.4615335,-2.6056752,99.906044,115.54752,161.37558,161.37558,256,192,0.1,50,0.38813815,72.57482,-5.718187
96,Lounge,1,-1.1387225,1.0579013,2.9625263,-1.4681687,1.1834373,2.2408967,-0.055252075,1.2132348,0.74802196,104.97955,120.14125,147.38123,147.38123,256,192,0.1,50,1.012154,26.0707,3.6052551
97,OpenOffice,0,-1.9736036,1.2832127,-1.4865658,-2.1359227,1.338031,-1.4966209,1.6498774,0.995988,0.17221849,55.7815,70.420334,362.76648,362.76648,256,192,0.1,50,0.18795666,114.597725,-4.122424
97,OpenOffice,1,-2.1505148,0.9587921,-1.7222099,-2.2500944,0.9587921,-1.4361418,0.45703065,1.3534083,-0.05138564,55.00945,69.53902,368.75433,368.75433,256,192,0.1,50,0.30290434,122.65034,7.261608
98,Lounge,0,2.9607377,0.7817659,-1.7932246,2.9177442,0.7817659,-1.7363273,0.34744108,1.0109509,-2.1784875,55.14444,69.693344,367.69623,367.69623,256,192,0.1,50,0.07131442,-81.61363,4.958669
98,Lounge,1,0.60973215,1.6289048,-0.4924109,2.0886827,1.6289048,1.7864358,-1.3293822,1.1761417,0.907122,72.17168,88.360016,263.43445,263.43445,256,192,0.1,50,2.716696,-125.81942,-10.720839
99,Conference,0,1.3973007,2.487158,4.895428,1.0679181,2.487158,2.72552,-2.5582008,0.9832382,2.5633123,78.1838,94.577225,236.32422,236.32422,256,192,0.1,50,2.1947653,-59.476913,-18.134756
99,Conference,1,-1.9096193,1.5064242,-0.8283911,2.796083,1.5064242,-0.31243545,-0.6896757,1.1344031,5.048655,68.18975,84.13633,283.63748,283.63748,256,192,0.1,50,4.733904,168.27321,-3.5466251
100,Training,0,-6.4069123,1.741133,-2.4755573,-6.344518,1.517867,-2.4936678,-4.4414406,0.75,-7.286475,42.270123,54.535706,496.6745,496.6745,256,192,0.1,50,0.23447452,22.222176,-10.797521
100,Training,1,-5.580672,1.5709192,-0.03858471,-3.8278704,1.5709192,2.761797,-4.363186,0.88983804,-6.1299405,66.61169,82.43872,292.22714,292.22714,256,192,0.1,50,3.4744537,11.302831,-6.25706
101,Conference,0,1.8109455,1.5852747,5.822621,3.6093314,1.6911881,5.9930253,0.07143713,0.95656157,2.2612317,49.551434,63.21636,415.98898,415.98898,256,192,0.1,50,2.0557833,-26.032518,-9.013472
101,Conference,1,3.1363378,1.3327422,-2.312601,3.1711419,1.422873,-2.3692615,0.7773389,1.0182211,-0.3277523,54.801914,69.30156,370.3904,370.3904,256,192,0.1,50,0.1263563,-130.07707,-5.825159
102,Training,0,-0.66077137,1.2314916,-2.7568784,-2.4612684,1.2314916,-3.4844031,1.7272702,1.0392947,-3.7030406,50.45548,64.27471,407.50854,407.50854,256,192,0.1,50,1.9419274,68.38611,-4.279129
102,Training,1,0.5773964,0.84204125,-3.7098393,0.6167644,0.8014488,-3.745071,-3.2704468,0.75,-3.3262672,49.27828,62.89572,418.60864,418.60864,256,192,0.1,50,0.06826103,-95.69272,-1.363511
103,OpenOffice,0,1.3965561,0.8167145,-1.6689625,1.4284467,0.76564527,-1.6307251,1.4602872,0.9945739,2.2282367,61.052876,76.35044,325.60767,325.60767,256,192,0.1,50,0.07690635,179.06313,2.612688
103,OpenOffice,1,-0.36946774,2.166973,-4.258653,-0.3889083,2.1077256,-4.407858,1.0941741,0.75,1.5068187,102.78647,118.16841,153.30873,153.30873,256,192,0.1,50,0.16731927,165.75562,-13.398864
104,Lounge,0,-3.152041,1.9661866,-5.5817556,-0.8944614,1.9661866,-4.4271226,-0.9173957,1.2307563,-2.9122338,79.99332,96.4116,228.84378,228.84378,256,192,0.1,50,2.5357134,140.06744,-11.92819
104,Lounge,1,-6.440647,1.7760296,-1.195158,-3.4255238,1.7760296,-1.8613602,-1.2814355,1.0674088,-3.8310535,51.401226,65.3772,398.9356,398.9356,256,192,0.1,50,3.0878463,62.93703,-6.973306
105,Training,0,2.0871844,1.7618852,2.2829313,2.3020384,1.9287007,2.3445933,-0.0031075664,1.0330324,3.9012437,75.63007,91.959595,247.39082,247.39082,256,192,0.1,50,0.31528705,-127.74718,-15.414161
105,Training,1,1.2554717,1.5829916,2.0595984,2.2777011,1.5829916,0.31205964,-2.4738674,0.75,2.2868164,98.69919,114.439095,164.85715,164.85715,256,192,0.1,50,2.0245605,-93.48656,-12.568445
106,Conference,0,-5.336125,1.6544918,1.3839107,-5.287973,1.6544918,4.77487,-5.2137227,0.75,-2.1714606,71.820045,87.99046,265.13992,265.13992,256,192,0.1,50,3.608027,1.9717659,-14.265243
106,Conference,1,-4.2709837,1.1040466,1.1175294,-5.4771786,1.1040466,-0.2560228,-3.3729992,0.91458946,-4.723055,91.47261,107.668846,187.12758,187.12758,256,192,0.1,50,1.8686775,8.740729,-1.8363487
107,Conference,0,1.5082922,1.2834419,-0.8899417,-0.40846443,1.1768664,0.13003445,-0.9120284,0.98398066,-1.9398589,46.748978,59.907986,444.2284,444.2284,256,192,0.1,50,2.250733,-66.54916,-6.4758253
107,Conference,1,1.5113583,0.992712,-3.3828967,0.30376565,0.992712,-4.909623,-2.178073,0.7642292,-0.63450676,58.40811,73.39422,343.48648,343.48648,256,192,0.1,50,1.9945481,-126.683754,-2.8431828
108,Lounge,0,3.0106425,0.9749922,2.7739542,0.06829929,0.9749922,2.4238684,0.21777941,0.97466147,-1.575621,62.903755,78.39642,313.90704,313.90704,256,192,0.1,50,2.9630969,-32.704533,-0.0036661336
108,Lounge,1,-3.2636046,2.4620445,-3.0273376,-3.1928244,2.515156,-3.08315,1.988168,0.75,-3.0732324,29.576973,38.783653,727.2826,727.2826,256,192,0.1,50,0.11364659,89.49931,-18.054995
109,Lounge,0,0.4018826,1.7394054,0.463979,0.35234827,1.758613,0.07155982,3.6006234,0.88091457,0.3661862,72.16084,88.348625,263.48682,263.48682,256,192,0.1,50,0.39601728,88.248886,-15.0165415
109,Lounge,1,2.3320234,1.6227674,-2.171235,-0.089481354,1.6227674,-2.0571065,-0.6312658,1.3239064,0.57627267,76.8512,93.21552,242.0215,242.0215,256,192,0.1,50,2.4241927,-132.83612,-4.229709
110,Lounge,0,-0.5653901,1.5151513,-1.0240477,-0.47611195,1.2791746,-0.9997532,-2.1837919,1.0503904,1.0079554,75.10902,91.42131,249.72699,249.72699,256,192,0.1,50,0.254096,-141.46422,-10.143448
110,Lounge,1,1.2671428,1.4937855,-2.6413932,1.262829,1.6385485,-2.523661,-3.670259,0.75,-2.5288444,79.15454,95.56341,232.27567,232.27567,256,192,0.1,50,0.21222317,-91.30584,-8.564608
111,Lounge,0,2.5362456,1.4891884,-2.3206205,0.40803432,1.4891884,-2.6987917,2.0186543,0.9877836,0.29677242,78.15672,94.54965,236.43835,236.43835,256,192,0.1,50,2.1615496,-168.81404,-10.643302
111,Lounge,1,1.6062747,1.0718637,-2.0353527,1.5741458,0.9642057,-2.1906335,3.112013,0.7964528,2.50823,52.24971,66.3622,391.4908,391.4908,256,192,0.1,50,0.22576873,161.66486,-3.2930572
112,OpenOffice,0,-3.1355631,1.3009868,-2.7193897,-3.1244426,1.3582976,-2.6098702,1.5943825,1.2879329,-2.2924697,34.569958,45.067482,617.01074,617.01074,256,192,0.1,50,0.124641135,95.15748,-0.15748662
112,OpenOffice,1,3.9380612,0.8542973,0.7452612,2.2487679,1.0168033,1.6552492,0.9089875,0.8751062,0.06450975,46.361557,59.44738,448.38495,448.38495,256,192,0.1,50,1.9271392,-77.33384,0.38402238
113,Conference,0,4.133385,0.78220516,-2.0349636,4.2240214,0.78220516,-0.17478073,1.4831766,1.0529248,-1.071337,70.558586,86.65927,271.37924,271.37924,256,192,0.1,50,1.8623897,-109.981476,5.4836574
113,Conference,1,1.772831,2.182585,-0.26347685,1.7912802,2.290666,-0.18056372,4.7272425,1.55,-1.1416122,63.23629,78.76202,311.8702,311.8702,256,192,0.1,50,0.14275889,73.44655,-11.5983925
114,OpenOffice,0,4.0240273,1.1879427,-3.979955,3.8463783,1.0913339,-3.9187832,5.3306947,0.75,-2.094391,63.14887,78.66598,312.40378,312.40378,256,192,0.1,50,0.21367659,145.27863,-10.807871
114,OpenOffice,1,2.1994739,1.483643,0.7030182,4.083186,1.483643,1.2163721,-0.6021731,0.98543924,-0.14677036,46.572845,59.698673,446.11,446.11,256,192,0.1,50,1.9524099,-73.12653,-9.657492
115,Training,0,-4.1566944,1.4540982,5.930246,-2.2443728,1.3904822,3.9676018,-0.4586491,0.9922971,3.7765176,100.53549,116.12319,159.58414,159.58414,256,192,0.1,50,3.0560923,59.783634,-6.158964
115,Training,1,1.924582,1.4950864,6.169721,3.029901,1.2465436,2.3105946,1.8178918,1.1599281,0.27545318,48.570183,62.06269,425.52805,425.52805,256,192,0.1,50,4.368846,-1.0369785,-3.2539015
116,OpenOffice,0,6.028206,1.7732425,-8.56601,6.513028,1.7732425,-8.440207,3.412335,0.95473564,-7.28668,78.34419,94.7405,235.6495,235.6495,256,192,0.1,50,0.5008785,-116.06162,-15.69989
116,OpenOffice,1,2.0792837,1.075842,-8.810511,1.2934177,1.0862617,-8.799654,5.780673,0.75,-5.978455,85.43343,101.826675,207.94664,207.94664,256,192,0.1,50,0.94085747,127.4208,-3.999314
117,Training,0,-3.011413,1.3411384,3.0388525,-2.9714239,1.4629021,2.9366663,-3.0879443,0.9915892,0.7301489,69.73521,85.78577,275.55743,275.55743,256,192,0.1,50,0.18853249,-1.8986015,-8.604821
117,Training,1,-4.306514,0.8722795,-1.7604256,-4.2646875,0.8722795,-1.7660415,-0.13143194,1.3246481,-1.040975,66.75559,82.59409,291.429,291.429,256,192,0.1,50,0.042201586,99.77719,6.0947185
118,OpenOffice,0,6.0937085,0.8520133,1.2789736,6.043878,0.8520133,1.3070415,6.5220222,1.1745174,-1.7425836,100.45816,116.05257,159.80333,159.80333,256,192,0.1,50,0.057191625,8.068076,6.03251
118,OpenOffice,1,7.9198856,2.1356578,0.7399554,7.104264,2.1356578,3.1984954,6.9828215,0.75,-3.6688588,69.01482,85.01852,279.28436,279.28436,256,192,0.1,50,2.5903008,-11.999275,-17.088758
119,OpenOffice,0,1.9302921,2.9239638,0.9659133,2.7779462,2.7961483,0.66639984,-0.8600226,1.0058258,-0.9945802,59.542877,74.66733,335.63876,335.63876,256,192,0.1,50,1.1151,-54.907867,-29.356564
119,OpenOffice,1,3.1179447,1.5269717,2.5100613,3.2509236,1.7028568,2.514345,1.8847129,1.4343916,0.13878842,60.48315,75.716866,329.3391,329.3391,256,192,0.1,50,0.22134154,-27.477663,-1.9838192
120,OpenOffice,0,2.227366,1.667482,-5.7483125,2.2490132,1.907161,-5.7945905,-0.52708983,1.020445,-0.82602644,96.53245,112.43344,171.2689,171.2689,256,192,0.1,50,0.2467657,-150.76912,-6.5438805
120,OpenOffice,1,3.845079,1.6204215,-6.1869392,3.229096,1.5468653,-6.388734,0.22221534,0.75,-0.8699218,76.84591,93.210106,242.04442,242.04442,256,192,0.1,50,0.65544426,-145.7306,-7.704515
121,OpenOffice,0,-4.7722187,1.7788578,-1.7079333,-3.7930913,1.9845903,2.8717203,-1.4688221,1.032726,-2.2098818,57.236744,72.072655,351.8844,351.8844,256,192,0.1,50,4.687794,81.36005,-12.587906
121,OpenOffice,1,-1.8442082,1.2859564,-1.0683752,-1.3325887,1.2859564,1.462891,-3.5312636,1.3671972,-1.838059,46.953228,60.150505,442.0631,442.0631,256,192,0.1,50,2.582453,-65.47615,2.508593
122,Training,0,1.5112834,1.1820672,-2.3670406,-0.47837794,1.1820672,-0.54800797,3.466226,0.9959642,-1.7311383,81.63951,98.06588,222.27916,222.27916,256,192,0.1,50,2.6958547,108.01863,-5.172733
122,Training,1,2.8093157,0.901612,-5.859194,-1.1931973,0.901612,-2.55913,2.5417178,1.3507884,1.1513394,40.901356,52.8736,514.87805,514.87805,256,192,0.1,50,5.1875362,-177.81403,3.663363
123,Training,0,3.5314755,0.78743106,-1.2508949,3.2706194,0.78743106,1.4296206,-1.018458,1.017454,0.36768782,51.747715,65.7799,395.86798,395.86798,256,192,0.1,50,2.6931784,-109.58239,2.7270029
123,Training,1,1.6687236,1.9062613,1.4615808,1.7320856,1.736226,1.4314543,-1.0505639,0.75,-0.39652213,75.77885,92.11302,246.7288,246.7288,256,192,0.1,50,0.18487385,-55.655006,-19.344894
124,OpenOffice,0,3.759931,2.7800567,3.3602514,3.7245922,2.6389115,3.4889941,6.915321,0.9947067,3.1418617,60.689915,75.947014,327.97757,327.97757,256,192,0.1,50,0.19927536,86.04078,-29.442959
124,OpenOffice,1,0.22104144,1.567571,3.7604327,0.0066569895,1.3873769,3.756936,4.2332034,0.75,3.0532873,103.64093,118.93935,150.97809,150.97809,256,192,0.1,50,0.28211045,80.00426,-11.347392
125,Training,0,2.025334,1.5033871,2.407937,2.8256686,1.5033871,4.8638506,1.3756504,1.4783549,-1.5455573,47.21476,60.460728,439.31638,439.31638,256,192,0.1,50,2.5830305,-9.332092,-0.3579711
125,Training,1,3.271923,1.6377596,3.490306,0.27359128,1.6377596,5.2646203,-5.032735,1.2493409,5.264661,68.19878,84.146,283.58932,283.58932,256,192,0.1,50,3.4839897,-102.060356,-2.618818
126,Training,0,1.6673687,1.5036218,-0.09051466,1.6306641,1.3300347,-0.045000453,-0.62783027,1.1108378,0.47496462,65.05604,80.75195,301.05466,301.05466,256,192,0.1,50,0.18409163,-103.84059,-9.4343
126,Training,1,-0.056307554,1.0838344,3.053949,0.22966373,1.096161,3.197438,-0.053327024,0.98943186,-0.18574524,37.53635,48.74841,565.0249,565.0249,256,192,0.1,50,0.3345613,0.052712306,-1.6690881
127,Training,0,0.45939016,1.138262,-2.7706797,0.48927435,0.9898312,-2.9033833,3.7387497,0.9741496,-3.213783,75.51899,91.84496,247.88657,247.88657,256,192,0.1,50,0.21524195,82.30486,-2.8391657
127,Training,1,-3.1171238,0.945033,-3.0150743,-3.127147,0.82682925,-3.0797012,4.865122,0.75,-5.9397197,66.40899,82.219696,293.35654,293.35654,256,192,0.1,50,0.13884798,69.87748,-1.3142446
