seed,layout,density,lighting,palette,floor,furniture,ceiling,width_m,height_m,depth_m,main_instances,neighbor_instances,main_chairs,rejected_placements
0,Lounge,0.65,Overcast,4,1,2,2,9.602869,4.0209236,8.136649,20,6,4,11
1,Lounge,0.65,Daylight,2,0,2,0,6.2352767,3.441887,10.781699,19,9,2,15
2,Conference,0.65,Daylight,5,1,1,0,9.227144,4.36624,7.5120497,25,7,5,33
3,Conference,0.65,Daylight,3,0,1,3,14.503793,3.8735237,12.282196,80,5,16,72
4,Training,0.65,Overcast,4,0,1,1,6.9152284,4.2666287,7.6906037,32,10,5,325
5,Conference,0.65,Daylight,1,2,0,1,10.629171,4.3818483,20.366426,100,9,20,299
6,OpenOffice,0.65,Daylight,2,1,1,0,6.9133186,3.085111,13.072114,35,10,5,138
7,Conference,0.65,Overcast,0,0,0,1,8.145364,2.8893657,17.252607,54,11,12,219
8,OpenOffice,0.65,Daylight,0,2,0,2,17.900343,3.6625662,7.6783714,44,7,13,63
9,Lounge,0.65,Daylight,0,2,2,3,9.49886,3.1422055,6.0856075,28,7,5,23
10,OpenOffice,0.65,Daylight,3,0,0,1,13.476766,4.667266,7.250475,45,8,10,103
11,OpenOffice,0.65,Evening,2,0,2,2,12.864939,3.4877732,15.548836,71,6,19,514
12,Conference,0.65,Overcast,0,2,2,2,13.488766,3.9433107,13.554441,74,6,16,56
13,Conference,0.65,Daylight,2,0,2,1,8.153555,3.4892573,13.278318,37,5,12,24
14,Training,0.65,Daylight,4,1,0,0,10.212727,3.4593368,16.293795,62,7,14,102
15,Lounge,0.65,Daylight,4,0,0,2,16.752739,2.7847831,7.3935766,23,8,2,28
16,Training,0.65,Overcast,0,2,1,3,12.705635,3.1931474,8.687335,25,8,6,25
17,Training,0.65,Daylight,4,1,0,2,8.364094,3.6203976,6.160079,31,10,5,61
18,Conference,0.65,Daylight,0,0,2,0,5.637672,3.3453715,9.296931,32,9,5,46
19,Conference,0.65,Daylight,2,1,2,0,7.569967,3.704999,16.858278,49,10,14,64
20,Training,0.65,Daylight,5,1,2,0,5.6,4.6057873,7.749309,25,11,4,39
21,OpenOffice,0.65,Daylight,2,1,2,2,5.6,3.894661,9.7776785,39,8,5,68
22,Training,0.65,Daylight,4,0,1,1,11.644614,3.2878928,12.94655,66,8,15,111
23,Conference,0.65,Overcast,3,0,0,2,14.935309,4.465232,12.211336,78,8,17,484
24,OpenOffice,0.65,Overcast,5,2,0,3,15.48677,2.8091395,14.577879,127,12,20,163
25,OpenOffice,0.65,Evening,1,1,0,3,16.276455,3.266448,9.427073,67,6,14,242
26,Training,0.65,Overcast,3,1,2,2,7.181619,3.4821153,5.6,24,8,4,63
27,Conference,0.65,Daylight,3,1,0,1,10.012094,4.77026,6.093857,19,6,6,12
28,Training,0.65,Daylight,4,2,2,1,15.825009,4.4236593,10.796879,97,10,16,120
29,Lounge,0.65,Overcast,2,0,2,3,5.6,4.030662,7.837949,24,7,4,55
30,OpenOffice,0.65,Daylight,3,0,0,1,8.607805,3.943799,6.9569635,26,5,6,20
31,OpenOffice,0.65,Overcast,5,2,2,0,12.665239,3.1298583,11.425616,64,12,12,290
32,OpenOffice,0.65,Daylight,4,0,0,0,6.9073052,3.137867,7.7378817,19,4,4,290
33,Training,0.65,Overcast,1,2,0,3,9.317556,4.6345572,8.336754,43,10,7,285
34,Training,0.65,Evening,3,0,1,0,10.1729145,4.2800913,5.6415367,32,10,5,41
35,Training,0.65,Daylight,5,0,1,2,13.446217,3.3561265,11.927339,80,8,16,256
36,Lounge,0.65,Overcast,0,1,2,1,12.411222,4.52796,14.578316,36,5,8,14
37,Lounge,0.65,Daylight,4,1,0,0,9.913461,3.1067367,10.598918,18,8,2,17
38,Conference,0.65,Overcast,2,2,2,0,6.2709584,3.8458495,14.800012,26,6,8,37
39,Training,0.65,Overcast,5,2,2,1,7.8535395,3.4544382,10.876019,44,7,8,58
40,OpenOffice,0.65,Daylight,2,0,1,0,10.5765085,4.14288,6.9689326,50,8,7,125
41,OpenOffice,0.65,Daylight,3,0,1,1,10.89145,3.8530715,6.902478,26,6,7,25
42,Conference,0.65,Daylight,4,2,0,3,13.308793,2.934263,11.608666,56,8,12,84
43,OpenOffice,0.65,Evening,0,1,1,3,10.4881735,3.4610648,8.266714,50,8,8,280
44,Lounge,0.65,Overcast,5,2,1,0,13.087603,2.7935812,13.2226715,31,9,5,42
45,Conference,0.65,Daylight,2,1,1,2,10.535893,2.9313443,8.906802,40,9,10,68
46,OpenOffice,0.65,Overcast,4,0,1,3,5.6,3.4475358,6.815234,26,8,4,51
47,Training,0.65,Evening,3,1,0,0,9.401462,3.419641,16.14367,61,7,14,420
48,OpenOffice,0.65,Daylight,2,0,0,2,8.243978,2.8325639,9.178317,35,9,7,125
49,Conference,0.65,Overcast,3,2,0,3,10.243868,2.8186722,19.4202,88,8,18,214
50,OpenOffice,0.65,Daylight,1,0,0,2,10.289257,4.297951,21,102,9,25,282
51,Conference,0.65,Daylight,4,1,0,3,6.084132,3.841623,9.627377,36,9,7,29
52,Training,0.65,Evening,2,1,2,0,7.8783207,4.237646,8.613372,29,10,4,53
53,Training,0.65,Overcast,2,0,2,2,5.6,3.7645152,9.22963,30,8,6,14
54,Training,0.65,Daylight,5,1,2,1,17.936197,2.9450758,13.612436,97,7,21,102
55,Lounge,0.65,Evening,3,0,2,3,21,4.580938,10.574572,71,8,16,107
56,OpenOffice,0.65,Overcast,2,2,1,1,12.894903,3.8257961,16.425383,108,8,21,336
57,Conference,0.65,Evening,5,0,0,2,7.9833117,3.2166,6.190943,15,4,5,9
58,Lounge,0.65,Daylight,4,0,2,2,9.404187,3.490277,5.6,15,7,2,11
59,OpenOffice,0.65,Overcast,3,0,2,1,13.786609,3.67672,6.829193,40,7,8,31
60,OpenOffice,0.65,Daylight,2,1,2,1,9.010846,3.2295775,20.564363,91,5,16,61
61,OpenOffice,0.65,Daylight,2,2,1,1,9.164419,3.5331862,13.456166,56,6,12,120
62,OpenOffice,0.65,Evening,2,2,1,0,6.291836,3.9312682,6.3249526,17,7,4,44
63,Conference,0.65,Evening,2,0,2,0,12.100566,4.144034,11.180379,40,7,12,21
64,OpenOffice,0.65,Overcast,1,2,0,1,15.447367,3.7434716,8.136118,52,7,13,533
65,Lounge,0.65,Daylight,5,2,0,0,12.319665,3.0697675,21,87,9,16,258
66,Training,0.65,Daylight,0,1,2,2,7.8153024,2.9854429,18.048311,52,4,15,93
67,OpenOffice,0.65,Daylight,5,0,1,0,11.400034,3.119586,7.047858,40,9,7,34
68,OpenOffice,0.65,Daylight,3,1,2,3,8.372484,2.6726618,11.9841175,62,9,10,165
69,Lounge,0.65,Overcast,5,1,2,3,6.76094,3.5972018,9.841894,21,11,2,25
70,OpenOffice,0.65,Overcast,4,2,2,3,11.324172,2.6696122,6.211889,39,7,6,37
71,Conference,0.65,Daylight,1,2,1,3,11.983757,2.660582,20.728651,121,7,21,395
72,Training,0.65,Daylight,1,1,1,3,6.3526063,4.036813,14.295343,46,9,8,52
73,OpenOffice,0.65,Daylight,0,1,1,0,12.296717,3.580481,8.074098,38,9,10,208
74,Training,0.65,Daylight,3,2,0,1,12.138985,3.1165438,20.192026,134,10,24,411
75,Conference,0.65,Daylight,5,1,0,2,7.361964,3.9329987,9.862361,23,5,7,43
76,OpenOffice,0.65,Overcast,0,2,1,1,9.847481,2.7481263,7.203867,47,11,6,87
77,OpenOffice,0.65,Daylight,2,0,2,3,9.0985,3.685409,11.938205,61,12,10,123
78,Lounge,0.65,Daylight,0,1,2,0,13.881176,4.558215,9.012639,60,10,10,340
79,OpenOffice,0.65,Daylight,2,1,2,0,11.131123,4.1466475,11.470396,55,5,12,89
80,Lounge,0.65,Daylight,4,1,1,0,14.326854,4.780089,6.3655195,37,6,8,71
81,Training,0.65,Evening,2,0,0,3,8.152014,4.262187,6.2373886,35,10,5,79
82,Lounge,0.65,Daylight,0,0,0,1,6.6182075,3.3947082,13.918178,17,9,2,31
83,Training,0.65,Overcast,5,1,1,0,12.544299,3.3911169,12.068892,73,8,14,118
84,Conference,0.65,Overcast,1,0,2,2,8.807148,4.7848206,6.8688707,41,10,6,80
85,Lounge,0.65,Daylight,3,1,1,3,10.036253,3.0681171,12.077302,36,6,8,180
86,Lounge,0.65,Evening,3,2,1,3,13.0696125,3.50918,13.558109,56,7,12,79
87,Lounge,0.65,Daylight,4,1,0,1,9.597738,4.3760347,6.415241,14,8,3,19
88,OpenOffice,0.65,Daylight,2,1,1,0,19.124352,3.1301637,10.816735,123,8,19,176
89,Training,0.65,Daylight,2,2,2,3,18.1368,3.9302623,13.903572,133,8,23,183
90,Training,0.65,Overcast,5,0,1,2,7.4325113,4.7973747,6.889183,21,7,5,21
91,Training,0.65,Overcast,4,2,1,2,7.575864,3.6593785,9.492662,41,6,7,71
92,Conference,0.65,Daylight,5,2,0,2,6.061618,3.9116304,13.40856,33,8,5,54
93,OpenOffice,0.65,Daylight,3,2,1,1,12.376157,4.557532,18.08909,88,7,21,143
94,OpenOffice,0.65,Overcast,0,0,1,1,10.13313,4.2669716,5.7946663,31,6,6,82
95,Conference,0.65,Evening,3,0,2,2,8.874476,3.863282,18.347406,50,6,14,35
96,Lounge,0.65,Overcast,2,0,2,0,6.540673,4.236377,7.709182,19,10,3,20
97,OpenOffice,0.65,Overcast,4,2,0,0,7.2476106,3.8130789,5.6,25,7,4,13
98,Lounge,0.65,Evening,1,0,1,2,20.288086,2.6706738,9.067992,79,7,13,183
99,Conference,0.65,Overcast,3,2,2,0,18.202955,4.184733,13.89227,93,10,23,64
100,Training,0.65,Overcast,3,2,1,3,14.051547,3.5050633,15.696041,115,8,20,397
101,Conference,0.65,Overcast,1,0,1,2,10.475352,3.9404235,14.264319,46,6,13,8
102,Training,0.65,Evening,2,2,2,2,10.473108,2.652506,11.422988,56,9,11,111
103,OpenOffice,0.65,Overcast,5,0,2,3,6.057323,3.936904,9.989683,31,7,6,28
104,Lounge,0.65,Evening,4,1,0,0,14.8873205,4.21146,16.62599,64,10,12,118
105,Training,0.65,Evening,3,1,0,1,6.3945103,3.0605016,11.617129,36,10,6,53
106,Conference,0.65,Daylight,1,1,2,3,21,3.294973,10.676689,79,5,21,213
107,Conference,0.65,Daylight,2,1,1,0,6.6385593,3.565072,11.209474,41,9,7,101
108,Lounge,0.65,Overcast,0,1,2,3,9.535687,4.6813765,7.316954,14,8,2,17
109,Lounge,0.65,Daylight,3,0,1,3,8.79916,2.7478428,5.6,26,13,4,65
110,Lounge,0.65,Daylight,0,2,1,1,13.575982,3.347162,6.532486,32,11,4,38
111,Lounge,0.65,Daylight,5,0,0,2,13.8776,4.0543346,7.198258,27,6,5,13
112,OpenOffice,0.65,Daylight,4,1,0,3,8.96336,4.0843387,6.668388,34,9,6,63
113,Conference,0.65,Daylight,1,2,0,0,10.733209,3.2968097,5.6,23,5,10,13
114,OpenOffice,0.65,Overcast,2,1,2,0,14.836633,2.8371868,12.213738,72,5,17,259
115,Training,0.65,Daylight,1,0,1,1,9.752723,3.5473142,17.499828,56,9,15,48
116,OpenOffice,0.65,Overcast,2,0,1,2,14.174523,4.3545165,18.82654,132,10,22,288
117,Training,0.65,Daylight,5,2,0,2,10.037808,2.7824602,7.7244725,28,5,7,144
118,OpenOffice,0.65,Daylight,1,1,1,1,19.593359,3.252781,8.4786215,111,9,17,286
119,OpenOffice,0.65,Overcast,0,0,2,0,9.375898,4.1748695,15.646655,59,9,11,72
120,OpenOffice,0.65,Daylight,4,1,0,0,13.646167,3.5492997,14.620135,102,6,18,103
121,OpenOffice,0.65,Daylight,4,2,2,0,12.938336,4.674071,7.1209936,46,6,9,56
122,Training,0.65,Daylight,1,1,1,0,14.59574,4.13455,12.785654,48,9,8,79
123,Training,0.65,Overcast,5,0,2,0,9.558753,3.7335377,5.6,31,9,5,41
124,OpenOffice,0.65,Overcast,0,2,0,3,15.493733,4.513899,17.061098,127,8,25,461
125,Training,0.65,Overcast,5,1,2,0,12.212538,3.5910068,12.245163,73,6,13,59
126,Training,0.65,Overcast,4,1,1,0,5.6,3.934233,7.710736,28,11,4,50
127,Training,0.65,Overcast,4,0,0,3,11.372172,2.913523,14.025571,67,6,14,66
