camera,camera_height_m,camera_start_boundary_clearance_m,clipped_fraction,cx_pixels,cy_pixels,dark_fraction,endpoint_baseline_m,few_semantic_classes,forward_x,forward_y,forward_z,fx_pixels,fy_pixels,luminance_std,mean_luminance,mostly_dark,position_x_m,position_y_m,position_z_m,seed,semantic_classes,single_class_dominance,substantial_clipping,time,vertical_fov_degrees,view,visible_chair_fraction,visible_desk_fraction,visible_floor_fraction,visible_person_fraction,visible_table_fraction,visible_wall_fraction,visible_window_fraction
0,1.477831,1.7921369999999999,0.0,320.0,240.0,0.023889974,0.3308098430036357,False,0.9779529,-0.2084875,-0.011864662,297.08295,297.08295,0.05375874,0.020799391,False,0.7397051,1.477831,2.0719595,200000,15,False,False,0.0,77.8663852936108,0,0.0,0.21046549479166668,0.11906575520833333,0.013356119791666666,0.0,0.18806966145833334,0.109248046875
1,1.7384273,1.4474298,0.0,320.0,240.0,0.035963543,0.5609275627339307,False,-0.4914627,-0.32124534,-0.8094849,223.16966,223.16966,0.03429035,0.020506565,False,-0.9284208,1.7384273,2.4166667,200000,11,False,False,0.0,94.16211858720051,1,0.0043359375,0.012145182291666667,0.33281575520833334,0.013434244791666666,0.0,0.24526692708333334,0.18545572916666667
0,1.495386,1.7921369999999999,0.0,320.0,240.0,0.02201823,0.3308098430036357,False,0.9731033,-0.22215346,0.060975313,297.08295,297.08295,0.056386616,0.023595652,False,0.6677316,1.495386,1.7495517,200000,15,False,False,1.0,77.8663852936108,2,0.0,0.16119791666666666,0.19491861979166666,0.011767578125,0.0,0.18800130208333332,0.10155598958333334
1,1.8694093,1.4474298,0.0,320.0,240.0,0.041246746,0.5609275627339307,False,-0.4728851,-0.34171343,-0.8121648,223.16966,223.16966,0.028678847,0.020485224,False,-0.98418456,1.8694093,2.959229,200000,13,False,False,1.0,94.16211858720051,3,0.002998046875,0.008629557291666666,0.3350553385416667,0.010192057291666667,0.0,0.23015625,0.19687174479166666
0,1.5631353,1.0354580000000002,0.0,320.0,240.0,0.07584961,0.35820447935196126,False,-0.99581844,-0.09131755,-0.0026221871,536.76917,536.76917,0.08986613,0.030118825,False,4.387732,1.5631353,0.8000438,200030,12,False,False,0.0,48.180702812327134,0,0.000263671875,0.0,0.26381510416666665,0.004453125,0.127958984375,0.10973307291666666,0.23582356770833332
1,1.7279084,1.464439,0.0,320.0,240.0,0.025136719,0.220432551632699,False,0.9776528,-0.18956777,-0.09087968,820.05237,820.05237,0.013237413,0.013624434,False,-0.3225789,1.7279084,-1.9183385,200030,9,False,False,0.0,32.62572946332822,1,0.0042122395833333335,0.0,0.14359700520833332,0.17144205729166667,0.04074869791666667,0.44427408854166667,0.0
0,1.7674037,1.0354580000000002,0.0,320.0,240.0,0.05404948,0.35820447935196126,False,-0.9888644,-0.14611685,0.028233409,536.76917,536.76917,0.09147338,0.031488713,False,4.461607,1.7674037,0.51521516,200030,12,False,False,1.0,48.180702812327134,2,0.000146484375,0.0,0.256484375,0.004358723958333333,0.16537434895833333,0.109560546875,0.2334765625
1,1.6183767,1.464439,0.0,320.0,240.0,0.026178386,0.220432551632699,False,0.98444486,-0.16646194,-0.05619824,820.05237,820.05237,0.013641619,0.013793478,False,-0.50518775,1.6183767,-1.8613532,200030,9,False,False,1.0,32.62572946332822,3,0.006888020833333334,0.0,0.14763346354166668,0.180615234375,0.06371419270833334,0.39343424479166667,0.0
0,2.0090287,0.6865995000000007,0.0,320.0,240.0,0.0073079425,0.2099062725953182,False,0.74979794,-0.3652161,-0.55174303,534.2734,534.2734,0.025211494,0.030687409,False,-5.386568,2.0090287,-3.352831,200044,11,False,False,0.0,48.380019359392676,0,0.042223307291666665,0.07373046875,0.285595703125,0.046793619791666664,0.0,0.4733528645833333,0.013564453125
1,1.7163489,1.1502205000000005,0.0,320.0,240.0,0.04301432,0.13521612705766836,False,-0.7748698,-0.5818677,0.24699593,743.5873,743.5873,0.005752237,0.0069911582,False,4.922947,1.7163489,0.38030624,200044,10,False,False,0.0,35.77597403392564,1,0.01626953125,0.18594075520833334,0.311845703125,0.13217122395833333,0.0,0.18312825520833334,0.024576822916666668
0,1.9968708,0.6865995000000007,0.0,320.0,240.0,0.007376302,0.2099062725953182,False,0.73261976,-0.35653114,-0.57978773,534.2734,534.2734,0.024700684,0.030884756,False,-5.4604206,1.9968708,-3.1567223,200044,11,False,False,1.0,48.380019359392676,2,0.03722005208333334,0.0859375,0.29278971354166666,0.04111979166666667,0.0,0.475888671875,0.009749348958333333
1,1.8390551,1.1502205000000005,0.0,320.0,240.0,0.03529297,0.13521612705766836,False,-0.66894895,-0.6599264,0.34205854,743.5873,743.5873,0.004223647,0.0060961903,False,4.866595,1.8390551,0.38745058,200044,10,False,False,1.0,35.77597403392564,3,0.029235026041666667,0.21267578125,0.29291666666666666,0.21396158854166666,0.0,0.11011067708333333,0.005804036458333333
0,1.1356874,1.7221819999999992,8.4635416e-05,320.0,240.0,0.0007421875,0.07756740580385556,False,-0.53179854,0.08751166,-0.8423372,904.04254,904.04254,0.16175516,0.17752175,False,-1.9368219,1.1356874,7.2265115,200107,9,False,False,0.0,29.735226141828633,0,0.005501302083333334,0.0,0.0003515625,0.086083984375,0.0,0.199609375,0.554287109375
1,0.82074684,1.218725899999999,0.0,320.0,240.0,0.0005013021,0.18166836734872066,False,-0.2065478,0.048889074,0.97721446,203.71645,203.71645,0.13610648,0.19736812,False,2.445417,0.82074684,-7.7299676,200107,14,False,False,0.0,99.3495696023339,1,0.0237890625,0.0,0.38591145833333335,0.03369791666666667,0.0018489583333333333,0.223759765625,0.029202473958333332
0,1.079875,1.7221819999999992,5.5338543e-05,320.0,240.0,0.0005598958,0.07756740580385556,False,-0.535786,0.1051511,-0.8377808,904.04254,904.04254,0.16579026,0.17957667,False,-1.9799352,1.079875,7.2588058,200107,8,False,False,1.0,29.735226141828633,2,0.004345703125,0.0,0.0,0.083486328125,0.0,0.20552083333333335,0.5581868489583334
1,0.9836837,1.218725899999999,0.0,320.0,240.0,0.0006184896,0.18166836734872066,False,-0.2378737,0.030385097,0.97082055,203.71645,203.71645,0.13889204,0.19548115,False,2.441339,0.9836837,-7.6497283,200107,14,False,False,1.0,99.3495696023339,3,0.025377604166666668,0.0,0.37158528645833333,0.03615559895833333,0.0017220052083333334,0.2148046875,0.033837890625
0,1.3456031,1.4321889499999996,0.0,320.0,240.0,0.5505306,0.27160150980259695,True,-0.40869272,-0.029098855,-0.9122081,844.60834,844.60834,0.005807181,0.004709424,False,4.8761473,1.3456031,6.4545913,200277,2,True,False,0.0,31.725566930554084,0,0.0,0.0,0.0,0.0,0.0,0.0017643229166666666,0.9982356770833334
1,0.93922126,4.8621547,0.0,320.0,240.0,0.33511394,0.2315473204307707,False,0.58588785,-0.06636759,-0.80766994,399.42868,399.42868,0.048381742,0.008225824,False,-0.38880348,0.93922126,3.1426253,200277,14,False,False,0.0,61.99979738857409,1,0.00142578125,0.08911458333333333,0.323720703125,0.005901692708333333,0.0,0.3808203125,0.13471354166666666
0,1.5318921,1.4321889499999996,0.0,320.0,240.0,0.54558593,0.27160150980259695,True,-0.39735308,-0.05392141,-0.91608024,844.60834,844.60834,0.0057599396,0.004769379,False,4.737703,1.5318921,6.3135347,200277,1,True,False,1.0,31.725566930554084,2,0.0,0.0,0.0,0.0,0.0,0.0,1.0
1,0.7739964,4.8621547,0.0,320.0,240.0,0.38861004,0.2315473204307707,False,0.61782414,0.07736043,-0.7825015,399.42868,399.42868,0.04892524,0.008074803,False,-0.5471895,0.7739964,3.1075714,200277,14,False,False,1.0,61.99979738857409,3,0.00087890625,0.06739583333333334,0.27365559895833336,0.003583984375,0.0,0.3817643229166667,0.128779296875
0,2.2962751,1.3563485000000002,0.0,320.0,240.0,0.36504883,0.6946805743639305,False,0.9427279,-0.17429063,0.28440642,289.22308,289.22308,0.04812003,0.007744391,False,-3.375577,2.2962751,-6.146237,200654,14,False,False,0.0,79.37240485811216,0,0.0013346354166666667,0.0,0.21287434895833332,0.006796875,0.000517578125,0.467900390625,0.10207682291666667
1,1.4805666,1.8567339,0.0,320.0,240.0,0.23458333,1.7280639395104453,True,0.3399354,-0.044585563,0.93939126,678.5889,678.5889,0.026381165,0.008918505,False,-2.0571733,1.4805666,-5.6458516,200654,2,False,False,0.0,38.95483670047427,1,0.0,0.0,0.0,0.0,0.0,0.285546875,0.714453125
0,2.5377603,1.3563485000000002,0.0,320.0,240.0,0.41471353,0.6946805743639305,False,0.9415618,-0.20098904,0.27030575,289.22308,289.22308,0.056660883,0.008784935,False,-3.9872704,2.5377603,-5.922413,200654,14,False,False,1.0,79.37240485811216,2,0.00119140625,0.0,0.18768880208333333,0.005791015625,0.0005045572916666667,0.464853515625,0.11687825520833334
1,1.449376,1.8567339,0.0,320.0,240.0,0.33402345,1.7280639395104453,True,0.04549415,-0.035278592,0.9983412,678.5889,678.5889,0.03151802,0.008728441,False,-0.5711113,1.449376,-4.7644596,200654,1,True,False,1.0,38.95483670047427,3,0.0,0.0,0.0,0.0,0.0,0.0,1.0
0,1.7439725,1.0896027000000004,0.0,320.0,240.0,0.0002734375,0.5698958728368063,False,0.32997707,-0.2989678,-0.89539564,533.1043,533.1043,0.0167679,0.03508759,False,0.20519686,1.7439725,2.6210628,201216,6,False,False,0.0,48.473910526238555,0,0.0,0.0,0.22375,0.06895182291666667,0.0,0.6966731770833333,0.0
1,1.1532496,2.7863336999999997,0.0,320.0,240.0,0.03711914,0.1409601226067628,False,0.8752975,-0.17427438,0.45109057,491.15286,491.15286,0.0047721835,0.0100359,False,2.9153318,1.1532496,0.54319596,201216,5,False,False,0.0,52.08454501987305,1,0.0,0.0,0.29119791666666667,0.0,0.0,0.514267578125,0.0
0,1.6044809,1.0896027000000004,0.0,320.0,240.0,0.0005566406,0.5698958728368063,False,0.19151847,-0.27643275,-0.94175667,533.1043,533.1043,0.01712051,0.034111626,False,0.6880877,1.6044809,2.3524742,201216,3,False,False,1.0,48.473910526238555,2,0.0,0.0,0.14308268229166668,0.10324544270833333,0.0,0.753671875,0.0
1,1.0230124,2.7863336999999997,0.0,320.0,240.0,0.034440104,0.1409601226067628,False,0.8588798,-0.16031332,0.4864415,491.15286,491.15286,0.0049920874,0.010400162,False,2.9252594,1.0230124,0.5962004,201216,5,False,False,1.0,52.08454501987305,3,0.0,0.0,0.32240885416666665,0.0,0.0,0.46755859375,0.0
0,1.1576073,1.0372760000000003,0.0,320.0,240.0,0.003470052,0.06950353017940866,False,0.98079914,0.008876,-0.19481814,310.745,310.745,0.07216075,0.050326258,False,-9.416573,1.1576073,1.2439055,201447,10,False,False,0.0,75.36050853998253,0,0.008245442708333333,0.0006770833333333334,0.18254231770833335,0.003193359375,0.025087890625,0.3884049479166667,0.2728190104166667
1,0.98486483,1.4102215000000005,6.8359375e-05,320.0,240.0,3.2552085e-05,0.18127747861415902,False,0.82439905,-0.036315348,-0.56484294,310.69556,310.69556,0.06778381,0.07112172,False,-2.4495807,0.98486483,3.0407715,201447,11,False,False,0.0,75.3693263604496,1,0.005709635416666667,0.015162760416666667,0.25638997395833335,0.0,0.0,0.4775618489583333,0.04397786458333333
0,1.1104525,1.0372760000000003,0.0,320.0,240.0,0.0033300782,0.06950353017940866,False,0.9835522,0.015423022,-0.17996436,310.745,310.745,0.069649756,0.04930501,False,-9.368321,1.1104525,1.2272049,201447,10,False,False,1.0,75.36050853998253,2,0.0047428385416666665,0.00052734375,0.171318359375,0.0006087239583333333,0.02264973958333333,0.40388671875,0.27375651041666665
1,1.0417447,1.4102215000000005,0.0003157552,320.0,240.0,0.00012695312,0.18127747861415902,False,0.74595493,-0.034007363,-0.6651275,310.69556,310.69556,0.07139804,0.07270522,False,-2.3778625,1.0417447,3.197241,201447,11,False,False,1.0,75.3693263604496,3,0.006393229166666667,0.01927734375,0.272763671875,0.0,0.0,0.43334635416666667,0.07212890625
0,1.595543,0.7494810000000003,0.0,320.0,240.0,0.0057454426,0.14526853250429028,False,-0.9253453,-0.08513641,-0.36944282,586.9236,586.9236,0.08699021,0.1180274,False,7.5501575,1.595543,2.091095,201110,13,False,False,0.0,44.48046975164788,0,0.015348307291666667,0.053831380208333335,0.13233072916666666,0.110361328125,9.765625e-06,0.30223958333333334,0.3563313802083333
1,1.648782,0.8925445000000005,0.0,320.0,240.0,0.0,0.35268002678107513,False,0.09833358,-0.07870254,0.9920366,793.4127,793.4127,0.08356205,0.11294872,False,3.213369,1.648782,-6.956789,201110,8,False,False,0.0,33.66015892581331,1,0.030029296875,0.0,0.14658854166666666,0.0,0.0078515625,0.309375,0.43865559895833334
0,1.4960189,0.7494810000000003,0.0,320.0,240.0,0.006318359,0.14526853250429028,False,-0.91135675,-0.074626796,-0.40479589,586.9236,586.9236,0.08740683,0.11541664,False,7.446153,1.4960189,2.1106133,201110,12,False,False,1.0,44.48046975164788,2,0.015758463541666667,0.057763671875,0.12845703125,0.12753255208333333,0.0,0.28305989583333335,0.355126953125
1,1.4424126,0.8925445000000005,0.0,320.0,240.0,0.0,0.35268002678107513,False,0.11761837,-0.032624137,0.9925225,793.4127,793.4127,0.08198246,0.10757538,False,3.3558803,1.4424126,-6.7088265,201110,7,False,False,1.0,33.66015892581331,3,0.036949869791666666,0.0,0.11555013020833334,0.0,8.138020833333333e-05,0.29416341145833336,0.4775618489583333
0,1.5563444,3.9513867000000005,0.0,320.0,240.0,0.027822265,0.2004191073784473,False,-0.9844979,-0.16785611,-0.05087048,212.46144,212.46144,0.05495317,0.030973969,False,3.4348693,1.5563444,-0.4865632,200681,8,False,False,0.0,96.96589328725113,0,0.0,0.00022786458333333334,0.345947265625,0.0,0.0,0.42641276041666665,0.04749674479166666
1,1.1849496,3.6894791000000002,0.0,320.0,240.0,0.06950846,1.1949898354865325,False,0.4668698,-0.13148086,0.87449694,346.95557,346.95557,0.025823949,0.022244265,False,3.6967769,1.1849496,3.314824,200681,12,False,False,0.0,69.34563771374482,1,0.0,0.022529296875,0.38653645833333333,0.04150716145833333,0.0,0.15779296875,0.18934895833333334
0,1.733665,3.9513867000000005,0.0,320.0,240.0,0.030595703,0.2004191073784473,False,-0.9772789,-0.2106372,-0.023622394,212.46144,212.46144,0.057701644,0.03149245,False,3.341854,1.733665,-0.49512926,200681,8,False,False,1.0,96.96589328725113,2,0.0,3.90625e-05,0.3327180989583333,0.0,0.0,0.44066731770833334,0.05701497395833333
1,1.012564,3.6894791000000002,0.0,320.0,240.0,0.12489258,1.1949898354865325,False,0.21419285,-0.055661146,0.975204,346.95557,346.95557,0.028669648,0.020192035,False,4.654083,1.012564,2.6206706,200681,12,False,False,1.0,69.34563771374482,3,0.0,0.01812174479166667,0.338310546875,0.15453450520833334,0.0,0.13109049479166668,0.172685546875
0,0.87297595,1.4816576,0.0,320.0,240.0,6.510417e-06,0.30659502079383166,False,0.96617746,0.015180843,-0.25743103,226.25977,226.25977,0.044614922,0.044403333,False,-2.9011703,0.87297595,1.3183424,201278,16,False,False,0.0,93.37592881903379,0,0.001552734375,0.0,0.34280598958333336,0.003408203125,0.025764973958333333,0.18390950520833332,0.13793294270833334
1,2.4296553,0.8226985,0.0,320.0,240.0,0.0009375,0.13696466924483838,False,0.78713506,-0.38027617,-0.48560113,419.6931,419.6931,0.03534135,0.033317663,False,-3.5926635,2.4296553,-0.021266222,201278,13,False,False,0.0,59.52585157286846,1,0.007867838541666667,0.0,0.15966796875,0.02982421875,0.15626627604166668,0.5030598958333333,0.0
0,0.96562994,1.4816576,0.0,320.0,240.0,0.0,0.30659502079383166,False,0.94433486,-0.011385001,-0.32878864,226.25977,226.25977,0.05105665,0.047637105,False,-2.8534415,0.96562994,1.6066785,201278,16,False,False,1.0,93.37592881903379,2,0.0015983072916666667,0.0,0.315888671875,0.0036197916666666666,0.024912109375,0.19336263020833333,0.06394205729166667
1,2.407261,0.8226985,0.0,320.0,240.0,0.0008723958,0.13696466924483838,False,0.7918275,-0.36348417,-0.49080384,419.6931,419.6931,0.03563128,0.032419786,False,-3.6060045,2.407261,0.11319505,201278,14,False,False,1.0,59.52585157286846,3,0.007955729166666667,0.0,0.169375,0.039114583333333335,0.147216796875,0.49361002604166665,0.0
0,1.0532323,2.3126846,0.0,320.0,240.0,0.005830078,0.10280565617606909,False,-0.96710557,-0.016811337,0.25381923,944.87866,944.87866,0.032553785,0.03363595,False,5.3581724,1.0532323,-0.2791133,201047,11,False,False,0.0,28.503578876681562,0,0.011917317708333333,7.8125e-05,0.12442708333333333,0.150205078125,0.10225911458333334,0.29584309895833333,0.26903971354166667
1,0.99430376,0.6790113999999994,6.510417e-06,320.0,240.0,0.03362956,2.2869008993718567,False,0.72091603,-0.0567806,-0.69069237,257.0242,257.0242,0.04258453,0.041824892,False,-6.9918456,0.99430376,3.2090816,201047,16,False,False,0.0,86.07650953442456,1,0.000244140625,0.035491536458333334,0.41397786458333335,0.001689453125,0.001259765625,0.26287109375,0.05912760416666667
0,1.0569885,2.3126846,0.0,320.0,240.0,0.0024348958,0.10280565617606909,False,-0.9599099,-0.026886089,0.2790165,944.87866,944.87866,0.03296711,0.033615075,False,5.450171,1.0569885,-0.23338419,201047,11,False,False,1.0,28.503578876681562,2,0.012252604166666667,0.00013020833333333333,0.14001953125,0.128837890625,0.11402018229166666,0.294326171875,0.267783203125
1,0.85368204,0.6790113999999994,0.00026041668,320.0,240.0,0.017275391,2.2869008993718567,False,0.4261507,-0.0025298973,-0.90464866,257.0242,257.0242,0.05165303,0.050788987,False,-6.704201,0.85368204,5.4734583,201047,16,False,False,1.0,86.07650953442456,3,0.00027018229166666667,0.008284505208333333,0.39373697916666667,0.016220703125,0.000146484375,0.276865234375,0.11261393229166666
0,0.928488,4.2987102,0.0,320.0,240.0,7.486979e-05,0.5158238509581641,False,-0.07472012,-0.07487805,0.9943899,382.15732,382.15732,0.12466274,0.14316966,False,-3.8049612,0.928488,-1.8273783,200668,8,False,False,0.0,64.25876370996868,0,0.0,0.0,0.2678580729166667,0.00947265625,0.0,0.439130859375,0.170732421875
1,1.4341555,1.4148268000000002,0.0,320.0,240.0,0.0,0.04359606485062561,True,-0.9214231,-0.020691447,0.3880098,641.79266,641.79266,0.106559664,0.061784483,False,7.32038,1.4341555,-4.7112617,200668,2,True,False,0.0,41.00682431020902,1,0.0,0.0,0.0,0.0,0.0,0.09518229166666667,0.9048177083333333
0,0.8558249,4.2987102,0.0,320.0,240.0,9.765625e-05,0.5158238509581641,False,-0.062395524,-0.03189406,0.9975412,382.15732,382.15732,0.12942734,0.13648902,False,-3.5767221,0.8558249,-2.2842166,200668,8,False,False,1.0,64.25876370996868,2,0.0,0.0,0.2899934895833333,0.0077506510416666665,0.0,0.44335611979166667,0.161923828125
1,1.4626365,1.4148268000000002,0.0,320.0,240.0,0.0,0.04359606485062561,True,-0.9334243,-0.011589125,0.35858786,641.79266,641.79266,0.113105685,0.06321837,False,7.3187985,1.4626365,-4.6782928,200668,2,True,False,1.0,41.00682431020902,3,0.0,0.0,0.0,0.0,0.0,0.05921549479166666,0.9407845052083333
0,0.89437205,4.540483200000001,0.0,320.0,240.0,0.079983726,0.11654726195351243,False,0.92436385,-0.0724532,0.37456906,447.19055,447.19055,0.07893252,0.038505822,False,-3.2394953,0.89437205,0.25415707,200348,12,False,False,0.0,56.4434847393024,0,0.0022688802083333333,0.082412109375,0.205302734375,0.0062825520833333336,0.0,0.047444661458333336,0.5505240885416667
1,2.04232,1.769822,0.0,320.0,240.0,0.042317707,0.3445203677111414,False,-0.2319897,-0.19037712,-0.95390636,177.86865,177.86865,0.074755095,0.04353076,False,0.9892731,2.04232,3.0944495,200348,15,False,False,0.0,106.91427407566664,1,0.02306640625,0.04142903645833333,0.2366015625,0.0050260416666666665,0.0,0.110322265625,0.3073372395833333
0,0.8007107,4.540483200000001,0.0,320.0,240.0,0.09085612,0.11654726195351243,False,0.90877634,-0.05650785,0.41343963,447.19055,447.19055,0.079724565,0.038163677,False,-3.171448,0.8007107,0.26758766,200348,11,False,False,1.0,56.4434847393024,2,0.0014095052083333334,0.07759765625,0.21273763020833333,0.0055078125,0.0,0.04755859375,0.5518880208333333
1,1.8405342,1.769822,0.0,320.0,240.0,0.0402181,0.3445203677111414,False,-0.32787657,-0.13729452,-0.93469095,177.86865,177.86865,0.07976896,0.044421665,False,1.1971924,1.8405342,2.9080458,200348,15,False,False,1.0,106.91427407566664,3,0.0038020833333333335,0.036962890625,0.26064453125,0.00732421875,0.0,0.10846354166666666,0.29727864583333335
0,0.8274914,1.5880964,0.0,320.0,240.0,0.0,0.16079113704759973,False,0.07041697,0.04645167,0.9964359,287.54462,287.54462,0.11762893,0.06842766,False,1.1277905,0.8274914,-3.5430346,201363,7,False,False,0.0,79.7003372521553,0,0.00027018229166666667,0.0,0.2870963541666667,0.0,0.022652994791666665,0.597060546875,0.0
1,2.7955077,1.0036040000000002,0.0,320.0,240.0,8.138021e-05,1.9128097457574578,False,0.054311305,-0.9936064,-0.098977685,204.73856,204.73856,0.12468095,0.11746525,False,-0.37005758,2.7955077,-4.127527,201363,8,False,False,0.0,99.06651126280542,1,0.007255859375,0.0,0.33599283854166667,0.017978515625,0.018193359375,0.5814876302083334,0.0
0,0.7958897,1.5880964,0.0,320.0,240.0,0.0,0.16079113704759973,False,0.08578406,0.06845483,0.99395895,287.54462,287.54462,0.10141533,0.052061852,False,1.2224364,0.7958897,-3.4169502,201363,8,False,False,1.0,79.7003372521553,2,0.00036458333333333335,0.0,0.2508951822916667,0.0,0.02703125,0.606982421875,0.0
1,2.6079993,1.0036040000000002,0.0,320.0,240.0,1.3020834e-05,1.9128097457574578,False,0.30283797,-0.67139965,-0.6763961,204.73856,204.73856,0.14201339,0.13083339,False,-1.2506051,2.6079993,-2.439831,201363,9,False,False,1.0,99.06651126280542,3,0.006197916666666667,0.0,0.2860416666666667,0.026565755208333333,0.05234700520833333,0.5723014322916666,0.0
0,1.4868225,2.9636079,0.0,320.0,240.0,0.0,0.8456535145174887,False,-0.1837679,-0.06910052,-0.98053783,262.8178,262.8178,0.082351536,0.048018094,False,1.5299811,1.4868225,3.8727846,201055,9,False,False,0.0,84.80341450237772,0,0.0,0.00030598958333333335,0.16275065104166667,0.0,0.0,0.24608723958333334,0.4629264322916667
1,1.5885614,2.939848,0.0,320.0,240.0,0.0,0.22756623703339648,False,0.9822159,-0.017453788,0.18694282,218.41101,218.41101,0.03160156,0.031387825,False,1.553741,1.5885614,-3.426691,201055,6,False,False,0.0,95.39273452831632,1,0.0,0.0,0.15457682291666666,0.0,0.0,0.5099576822916667,0.26489908854166666
0,1.5791621,2.9636079,0.0,320.0,240.0,0.0,0.8456535145174887,False,-0.14266483,-0.06784344,-0.98744315,262.8178,262.8178,0.14040746,0.06571464,False,1.49972,1.5791621,4.7128367,201055,8,False,False,1.0,84.80341450237772,2,0.0,0.0011393229166666667,0.26007161458333333,0.0,0.0,0.283837890625,0.397587890625
1,1.3645127,2.939848,0.0,320.0,240.0,0.0,0.22756623703339648,False,0.950501,0.13550922,0.27961564,218.41101,218.41101,0.03627253,0.0319292,False,1.5254437,1.3645127,-3.4547594,201055,6,False,False,1.0,95.39273452831632,3,0.0,0.0,0.10549479166666667,0.0,0.0,0.5074446614583333,0.2723567708333333
