seed,min_pairwise_baseline_m,min_reference_baseline_m,max_reference_baseline_m,min_horizontal_spread,min_relative_motion
0,1.7053478,1.7053478,3.5657802,0.27193695,0.29259425
1,2.067398,2.067398,2.7318306,0.6947443,0.11541562
2,1.1470232,1.2323035,1.5903779,0.53196394,0.22955127
3,1.7842381,2.2572193,3.178519,0.6521364,0.32195428
4,1.4304863,1.4304863,1.5894803,0.274727,0.14959681
5,1.2991993,1.2991993,2.9178689,0.37547693,0.13119066
6,1.3071175,1.3071175,2.5721705,0.39471626,0.24093328
7,1.9624937,1.9624937,3.0423968,0.3475729,0.11275354
8,0.67455465,1.3546618,1.8321635,0.32102478,0.17125325
9,1.1743114,1.8020954,2.1431422,0.40407312,0.2712067
10,1.4304123,1.8439181,2.8925402,0.31285962,0.17420746
11,1.2346632,1.2346632,2.111423,0.3388999,0.2705871
12,0.99709815,1.5126872,1.815189,0.4402142,0.26276645
13,0.9702314,3.067702,3.2427619,0.2655511,0.13238074
14,1.5911989,1.5911989,1.9799668,0.25731686,0.09324523
15,0.6863753,1.3275576,1.796712,0.2688318,0.20286614
16,1.2690438,1.2690438,1.5277135,0.69818366,0.1856467
17,2.2862039,2.2862039,2.3222423,0.57102996,0.1203811
18,2.4259014,2.808475,3.5675929,0.6283719,0.40106818
19,1.2158555,1.8404297,2.700762,0.31258386,0.13666095
20,2.372206,3.4165974,3.6341698,0.62291723,0.22133195
21,1.4000729,1.4000729,2.7223334,0.32911995,0.16294946
22,2.2107837,2.2107837,4.3050117,0.28903195,0.18735734
23,1.7308421,1.9118135,3.25926,0.27317452,0.17800939
24,2.3008797,2.3008797,4.1439033,0.28803635,0.25517243
25,1.2964225,1.2964225,2.9827855,0.4378169,0.20573965
26,0.78692526,1.3369578,1.8489314,0.2926484,0.17643733
27,1.6334668,1.6334668,2.8204787,0.27031693,0.13402309
28,2.3800027,2.3800027,4.605648,0.46713856,0.28540432
29,1.964,1.964,2.442749,0.67262346,0.14221993
30,2.2404492,2.2413588,4.211704,0.3485446,0.34826246
31,0.67622733,1.2847291,1.4225937,0.46036813,0.26657057
32,1.9317033,1.9317033,2.9356017,0.6005271,0.33845338
33,0.5628529,1.7012358,1.8431121,0.2562054,0.2334546
34,2.2120957,2.2120957,3.4428134,0.42982763,0.07592958
35,1.8939283,1.8939283,3.7099864,0.2827163,0.2203372
36,2.1438875,2.5394402,3.2027488,0.61174095,0.22955035
37,2.3544354,2.4175076,3.017477,0.6929512,0.18401116
38,2.113321,2.113321,2.683663,0.6948639,0.1364978
39,1.3707659,1.3707659,2.918675,0.42511094,0.432927
40,1.2938089,1.2938089,1.4875956,0.47463802,0.27787483
41,1.1335756,2.6025364,2.7625716,0.34610555,0.16776139
42,1.8621414,1.8621414,3.0576215,0.46829095,0.18476406
43,0.7071408,1.2818271,1.3620039,0.39558312,0.22591862
44,1.6867514,1.6867514,3.1278338,0.47341618,0.3115944
45,0.7301022,1.2779652,1.5823845,0.4146364,0.08966075
46,1.4303571,1.6435528,1.946557,0.37057358,0.18947163
47,1.2423952,1.2423952,2.7648993,0.3724359,0.31155294
48,0.74470043,1.2411287,1.4330379,0.46010762,0.20013683
49,2.0086224,2.0086224,3.2612739,0.43687385,0.21268931
50,1.187504,1.2264464,2.8214264,0.2573773,0.30468833
51,1.4127977,1.4127977,2.0408714,0.43681782,0.43382347
52,1.3871008,1.3871008,2.7890599,0.35733157,0.27663147
53,1.2784332,1.2784332,2.2640312,0.38646802,0.4729103
54,1.4307926,1.6792282,1.8741626,0.7615261,0.12047759
55,1.504489,1.504489,2.4523628,0.2749968,0.13167736
56,1.5854292,1.5854292,3.321082,0.48116156,0.32224867
57,1.8309788,1.8309788,2.076927,0.8508811,0.42950156
58,1.3678502,1.3678502,1.807875,0.45901465,0.21039194
59,1.6256604,1.6256604,2.9673746,0.3062929,0.224186
60,1.3017299,1.3017299,1.6032903,0.30140322,0.08295424
61,0.8765661,1.2544106,1.8654803,0.3052128,0.095401846
62,2.3439913,2.535516,4.265588,0.33700472,0.20191112
63,3.9896228,4.234674,4.9847703,0.74784887,0.27920502
64,0.79298717,1.5247908,1.9160047,0.3499376,0.26944944
65,1.6556598,1.6556598,1.8139918,0.5601668,0.13162647
66,2.4150338,2.4150338,5.156926,0.38704512,0.15092461
67,2.29502,2.9188604,3.8724139,0.5416293,0.12496883
68,1.4703777,1.4703777,1.9208198,0.6735336,0.32568052
69,1.8644354,1.8644354,2.623245,0.62863153,0.14361387
70,0.7474273,1.760369,1.9943639,0.26000986,0.27276647
71,1.724375,1.724375,2.412998,0.5268766,0.14815181
72,2.137449,2.137449,2.6626892,0.33240703,0.2475932
73,1.2772043,1.2772043,2.2501357,0.5034592,0.12024677
74,1.7759657,2.0587597,3.15851,0.4089714,0.23463166
75,1.9547068,1.9547068,2.7822452,0.4418564,0.16622707
76,4.2295794,4.2295794,4.4587374,0.9465767,0.31950647
77,3.0718288,3.1120663,3.2370124,0.9344615,0.10258197
78,0.9791293,1.9178452,2.3822112,0.36450744,0.35549498
79,1.253713,1.253713,2.6591158,0.40438396,0.54023445
80,1.1686199,1.2470115,1.5355507,0.66281754,0.32352832
81,1.22027,1.22027,2.2878485,0.25504366,0.24196503
82,1.715121,1.715121,3.0511613,0.36387226,0.18043531
83,1.8822415,1.8822415,3.1326897,0.36395904,0.18880387
84,1.3858753,1.3858753,1.7152474,0.60699564,0.10155826
85,1.4672294,1.4672294,2.3341331,0.5437891,0.2673467
86,1.5982844,1.5982844,3.3584428,0.31112587,0.22494222
87,1.3346466,1.528034,1.8618646,0.72778183,0.14421333
88,1.1173481,1.4996924,2.0983455,0.49764177,0.14890939
89,2.242071,2.242071,2.8323092,0.3120416,0.17038587
90,1.8410059,1.8410059,3.5318396,0.40808088,0.09856252
91,1.6416284,1.6416284,1.8730718,0.8054061,0.10305138
92,1.5918005,1.5918005,2.4500585,0.33712232,0.22773427
93,2.149354,2.149354,3.6059406,0.4373592,0.16983882
94,1.3103151,2.0895586,3.1649458,0.3465274,0.24433719
95,2.3726263,2.3726263,4.0780883,0.44403028,0.07526773
96,1.6054467,1.6054467,1.7622808,0.8212148,0.1529755
97,3.1187522,3.1837015,3.951037,0.74163485,0.2962472
98,1.335788,1.335788,1.5011494,0.63985944,0.14929329
99,1.5836754,1.5836754,3.2555957,0.39851767,0.21006872
100,1.0864135,1.2440253,1.6456635,0.5757944,0.2008712
101,2.3480608,2.3480608,4.7305326,0.43608907,0.07556994
102,1.3884225,1.3884225,2.3319502,0.39418828,0.27119824
103,1.2541736,2.0677955,2.4948153,0.45968407,0.10942867
104,1.1979231,1.9701697,3.2305133,0.3293879,0.14516705
105,1.4122663,1.4122663,1.8694351,0.588972,0.12735377
106,1.3315766,1.3315766,2.9971018,0.3451224,0.22637641
107,0.8983137,2.0986688,2.5160887,0.3537982,0.3231055
108,1.2554976,1.2554976,2.208153,0.2796945,0.34154096
109,1.6353161,3.030305,3.167209,0.43734783,0.13955805
110,1.374454,1.374454,1.5014819,0.33915693,0.31147227
111,0.81250995,1.3863881,1.6286469,0.30865324,0.12975824
112,1.7263149,1.7263149,1.9310313,0.3813639,0.24953945
113,1.4736353,2.481414,2.6289377,0.52004707,0.1680272
114,2.7213578,2.7213578,3.8760734,0.64297795,0.33630976
115,1.8462936,1.8462936,1.8601961,0.93996435,0.11526018
116,2.3809688,2.5950747,2.773724,0.7547665,0.19522358
117,1.9718846,1.9718846,2.6630068,0.2811643,0.34272698
118,1.3814056,1.4747006,2.2131343,0.58991814,0.2547255
119,1.2993249,1.2993249,2.1178246,0.44491333,0.11704052
120,2.459043,2.4610243,3.357088,0.55551827,0.31832826
121,1.247114,1.247114,1.3189856,0.922993,0.20635927
122,1.428586,1.428586,4.0212092,0.3187639,0.22698782
123,1.0172257,1.2233179,1.8231126,0.48309702,0.14022103
124,1.3509067,1.3509067,1.4894251,0.8857618,0.20318314
125,1.2850605,1.2850605,2.4777892,0.7104619,0.23841354
126,1.239328,1.239328,1.5203313,0.7869129,0.16389257
127,1.318301,2.439204,3.5211864,0.30263385,0.18001743
128,1.626588,1.626588,2.260536,0.47121838,0.40727517
129,1.9722242,1.991105,2.244361,0.8591068,0.25245368
130,1.691668,1.691668,2.522864,0.63533527,0.2372357
131,1.7231351,1.7231351,2.7933843,0.49057898,0.12475814
132,3.167425,3.3176255,4.17357,0.8439451,0.27890748
133,2.4800277,2.4800277,3.181123,0.706443,0.27338538
134,1.6368862,1.6368862,2.2919588,0.41604337,0.2970462
135,1.839311,3.9472334,4.009867,0.4014775,0.20526758
136,1.7664523,3.6377912,4.354216,0.34564084,0.3584437
137,0.7243984,1.5917416,1.7798285,0.27916285,0.081522964
138,1.2116741,1.4766905,1.5945044,0.7712794,0.23261617
139,1.2453685,1.2453685,2.6587195,0.26319113,0.19101882
140,1.5870783,1.5870783,3.8605256,0.37288064,0.14978904
141,2.1067195,2.1067195,4.3692827,0.4031776,0.1777896
142,2.4164531,2.4164531,3.7008832,0.5516417,0.3301554
143,1.2404244,1.3369446,1.9053446,0.4658894,0.24294119
144,1.4766291,1.4766291,1.9350941,0.66649663,0.24018581
145,0.8310154,1.3356696,1.6536366,0.48276812,0.25654173
146,0.7512165,1.3280869,1.7923148,0.259988,0.106076784
147,1.5018345,1.5018345,3.4264262,0.32697213,0.22017075
148,1.5302005,1.5302005,2.1622403,0.6309606,0.26957503
149,3.1611512,3.240354,3.4653459,0.90692663,0.30835968
150,1.1433578,1.3027087,2.2499578,0.29929864,0.15773256
151,2.8903003,4.00138,4.3792415,0.6269831,0.16673613
152,1.0474306,1.3325316,2.501994,0.25269336,0.09100449
153,1.3355873,1.3355873,2.0171986,0.38999283,0.36851895
154,1.3235741,1.3235741,1.5983417,0.75980777,0.18831895
155,0.9012975,1.6796129,2.1841404,0.4038611,0.31788537
156,1.0152227,1.2335924,2.548201,0.31629142,0.45432293
157,1.3376801,1.3487949,2.9522538,0.38789147,0.28865984
158,1.5056306,1.5789862,2.2480197,0.5654581,0.09488018
159,0.7730075,1.7133784,1.9493002,0.25914374,0.27289268
160,0.57122445,1.6123435,2.1865697,0.26152402,0.17588726
161,1.3478509,1.3478509,3.1298633,0.33614165,0.23019417
162,1.6711489,1.6711489,2.5433748,0.5910066,0.15978456
163,1.2318914,1.2318914,2.2039719,0.38190174,0.184324
164,1.4568303,1.4568303,2.6954167,0.28903162,0.32395774
165,3.0733237,3.4228983,3.9305012,0.7617833,0.24245189
166,1.5446668,1.5446668,1.9087074,0.7751042,0.25817412
167,3.221711,3.221711,3.3805695,0.2546668,0.27613613
168,2.9940681,2.9940681,4.4181833,0.44823736,0.2071684
169,1.5891533,1.5891533,3.0578463,0.33260345,0.08395465
170,1.2270598,1.2270598,4.021238,0.25474662,0.24401638
171,1.41526,1.41526,1.4593967,0.38362128,0.1513643
172,1.4632671,1.4632671,3.948679,0.30250505,0.18516988
173,0.9511636,1.2113947,1.8157372,0.41339844,0.31433177
174,1.9430448,1.9430448,3.4839923,0.48526028,0.12802462
175,2.1845877,2.1845877,4.948169,0.32853183,0.15868466
176,0.922381,1.4577316,1.8646398,0.5372056,0.37909767
177,1.3422675,1.3422675,4.012354,0.27975643,0.09907757
178,1.7896522,1.7896522,3.6125214,0.36245513,0.21400812
179,1.9897305,1.9897305,2.8949609,0.3402481,0.2741656
180,3.0187118,3.0187118,5.151041,0.42999038,0.23363559
181,2.095987,2.4897907,2.8863885,0.62985814,0.24847163
182,1.3270497,1.3270497,2.3659337,0.54068655,0.07597216
183,1.4040323,1.827545,2.4984078,0.46416527,0.3948265
184,2.2661445,2.3486195,3.259973,0.5045743,0.16857655
185,1.134293,1.6268313,2.2962615,0.26581213,0.13782991
186,1.4063458,1.4063458,1.7129952,0.34772357,0.4232156
187,1.9975098,1.9975098,3.1914902,0.4879694,0.20555373
188,2.448883,2.448883,3.7478344,0.6044503,0.14720611
189,1.4576719,1.4576719,2.0403743,0.40647689,0.33925298
190,0.76228315,1.2677593,1.7858982,0.37358728,0.4170696
191,1.5807663,1.5807663,3.9105883,0.34081542,0.08884541
192,1.2376695,1.2376695,3.4649842,0.25214782,0.10316263
193,1.2998213,1.3329405,2.5966487,0.4468314,0.1412453
194,1.7750987,1.7750987,4.907028,0.33721662,0.29656258
195,1.8431891,1.8431891,4.582665,0.2814151,0.18461318
196,1.3520892,1.3520892,2.386683,0.50489354,0.32937628
197,1.3554393,1.3554393,2.6637373,0.29167375,0.22852817
198,1.046563,2.2676573,2.5695,0.3709686,0.16441499
199,0.62901354,1.6092863,2.0873375,0.29614282,0.25519854
200,1.7526209,1.7526209,3.4102516,0.41463178,0.20858201
201,2.8606465,2.8606465,3.260371,0.5878328,0.2431468
202,2.0946965,2.0946965,3.9545228,0.40663204,0.24689528
203,2.1562884,2.1562884,4.2559566,0.42768297,0.30669466
204,2.191555,3.3092315,4.596454,0.4315958,0.093582176
205,1.2428676,1.2428676,1.4490623,0.4352274,0.17902158
206,1.2114824,1.3759518,2.120272,0.40337753,0.121456526
207,1.7333021,1.7333021,2.7405703,0.25576213,0.37797186
208,2.755262,3.4255261,4.878549,0.43915632,0.14353925
209,1.2883956,1.2883956,3.5089998,0.2653473,0.13441885
210,1.3829793,1.3829793,3.2258935,0.26456007,0.37817717
211,1.5901979,1.5901979,3.7751098,0.45638865,0.14837995
212,1.2334219,1.2334219,1.8773668,0.6982626,0.42837885
213,2.8066328,2.8066328,3.3195584,0.79613173,0.20273638
214,1.6108797,1.6108797,3.1348424,0.26265666,0.11987967
215,1.3964977,1.3964977,1.8882674,0.30846977,0.19739738
216,2.2456627,2.2456627,2.7477264,0.6282028,0.17152387
217,2.1489391,2.1489391,2.7510858,0.38516974,0.13272493
218,1.3848547,1.3848547,3.1205935,0.35878786,0.3560488
219,1.8209183,1.8209183,3.172121,0.4512317,0.19082715
220,0.9236735,1.6086596,2.0746882,0.29344887,0.28958553
221,1.6593386,1.6593386,1.9645567,0.31927538,0.37422988
222,1.3150024,1.3150024,2.9713564,0.33862203,0.11108598
223,0.99974227,1.2310317,1.7813723,0.39850402,0.33369306
224,2.7699106,2.7699106,3.3460405,0.7431594,0.40332058
225,1.2613322,1.2613322,3.8553743,0.2670607,0.2511662
226,1.2800239,1.5219088,2.12069,0.37145835,0.14865091
227,0.47885042,1.2539601,2.8177922,0.25190258,0.34253258
228,2.507689,2.507689,2.7664728,0.62236404,0.22451015
229,1.4371611,1.4371611,2.1611564,0.2765504,0.45214447
230,1.1066183,1.2386588,1.9541233,0.44566762,0.23067357
231,1.740629,1.740629,3.5273364,0.45262536,0.26753938
232,2.103289,2.1819596,2.4168591,0.8280039,0.2748061
233,0.6319642,1.8664145,2.12147,0.259835,0.11945184
234,1.1177768,1.5879738,1.7417895,0.55261177,0.2671101
235,1.6039222,1.6039222,2.756294,0.4779152,0.2219656
236,1.5588403,1.5588403,1.6509778,0.61944777,0.12538414
237,3.059085,3.059085,3.2693195,0.35469,0.22875875
238,1.6993673,1.6993673,1.9420496,0.32402205,0.40544075
239,1.8675687,1.8675687,2.6093333,0.424618,0.32704744
240,1.2204293,1.5578271,2.676091,0.655826,0.35468784
241,1.8612692,1.8612692,3.8252304,0.44251764,0.20828943
242,2.1651454,2.1651454,2.5684144,0.7221287,0.1608184
243,2.0257282,2.879265,4.1787214,0.3445549,0.23434955
244,1.2767649,1.2767649,2.6382387,0.40629005,0.28314182
245,1.3141572,1.3141572,2.3808079,0.46522564,0.10622194
246,2.900479,2.900479,5.0370007,0.51625735,0.20183916
247,1.5461622,3.1290216,3.90701,0.3285358,0.12341558
248,1.4955136,1.4955136,2.470375,0.528191,0.38551956
249,1.3219407,1.3219407,2.2940702,0.27349916,0.23816712
250,1.1768026,1.3734951,1.529115,0.80200416,0.33085418
251,2.0640152,2.3812783,3.4492075,0.28022057,0.32842234
252,1.7448907,1.7448907,2.1984513,0.74486005,0.33722064
253,0.92180973,1.4948736,2.2881186,0.267499,0.45437488
254,1.3389996,1.7886395,2.2369943,0.54331565,0.1674765
255,1.4562129,1.4562129,1.7586042,0.31889585,0.17646319
256,1.7257382,1.7257382,2.0079832,0.8291364,0.22282015
257,2.4120588,2.4120588,3.0932574,0.4771274,0.12127091
258,1.2115971,1.4229935,1.6238625,0.6540706,0.15158258
259,1.7610805,1.7610805,2.45754,0.31753537,0.3818641
260,1.1495764,1.6630529,2.0983553,0.546342,0.27300224
261,1.4434133,1.4434133,1.8013077,0.65939033,0.17237736
262,2.4555464,3.6728075,4.1055403,0.56555945,0.09418659
263,1.400388,1.400388,1.6991068,0.6484207,0.21415894
264,1.0993271,1.300808,1.6599029,0.55509216,0.09141149
265,1.638816,1.638816,2.934694,0.45719638,0.2660729
266,1.8211025,1.8211025,2.2826703,0.73378414,0.11153737
267,0.8423549,1.8300159,2.6026607,0.3272291,0.11440347
268,0.6280885,1.861878,2.1560419,0.2597396,0.34174743
269,1.4899415,1.4899415,1.8527611,0.25886413,0.28277093
270,1.2215213,1.2215213,2.60356,0.3632129,0.20540048
271,1.553003,1.553003,2.3116527,0.32629648,0.2999644
272,0.9541079,1.7413092,2.2440515,0.3529568,0.12793599
273,1.4564444,2.581824,3.50676,0.36630228,0.28860307
274,1.5053928,1.5053928,3.3982277,0.54605377,0.23816733
275,1.8736101,2.0672483,2.380772,0.6726738,0.3216689
276,1.3329796,1.3585573,1.6152394,0.71489036,0.10785437
277,2.9550788,2.9550788,3.36408,0.58980757,0.09759096
278,2.377804,2.377804,2.4062989,0.6106161,0.3038245
279,1.5723413,2.4221926,3.4430127,0.41872296,0.23897661
280,1.5711944,1.8060977,2.1008954,0.69951963,0.18303657
281,3.233933,3.233933,4.1078424,0.6741417,0.22347796
282,2.2104933,2.2104933,3.357311,0.25591418,0.19686235
283,1.7300204,1.7300204,3.9352438,0.3993676,0.11040371
284,1.3580049,1.3580049,2.157828,0.37416336,0.19053474
285,1.1879256,1.4682795,1.9515154,0.6057591,0.22608158
286,1.5428145,1.5428145,3.2184548,0.40909165,0.29976076
287,1.6219759,1.6219759,1.965061,0.30453375,0.23182029
288,2.2935207,2.2935207,3.4227006,0.46895218,0.21865125
289,0.8313185,1.370178,2.7675393,0.2908478,0.21785438
290,2.3795686,2.9350393,3.7198946,0.54151857,0.12666112
291,0.8369507,1.6890773,1.8102928,0.41568407,0.121812806
292,0.8062686,1.2789578,1.8999379,0.4815805,0.24292922
293,1.0613934,1.3180428,2.1130488,0.36757872,0.4292329
294,1.4857509,1.4857509,2.0276434,0.70164835,0.14711194
295,2.043672,2.043672,2.3380303,0.27854878,0.18001264
296,1.3520095,1.3520095,1.6604722,0.7586063,0.32842597
297,0.71991307,1.2265778,1.41248,0.25086543,0.07967044
298,2.48896,3.727892,4.8181643,0.43484262,0.24094771
299,1.046532,1.3875067,3.1483061,0.25396535,0.10321331
300,1.3152003,1.3152003,3.1908627,0.3497776,0.35318264
301,2.692627,2.7883976,4.407501,0.40350822,0.15372434
302,2.2824774,2.2824774,2.7442224,0.5705605,0.21043094
303,1.4758798,1.7294168,1.7573056,0.74125135,0.17831217
304,1.3047965,1.855697,2.3886898,0.59301054,0.20002262
305,2.0164075,2.0164075,2.8528504,0.7119831,0.23872063
306,1.2234411,1.2234411,2.3907402,0.30814576,0.105881475
307,1.4533111,1.4533111,1.8406419,0.72806174,0.4933733
308,1.3919414,1.3919414,1.586032,0.6269725,0.2067875
309,1.2899406,2.7615883,3.7277987,0.28133982,0.13390902
310,1.1423869,1.7614776,2.218633,0.49369025,0.23998293
311,1.3768545,1.3768545,3.16183,0.31593487,0.083671205
312,1.5190401,1.5190401,2.4447653,0.583642,0.16657805
313,1.2912395,1.6028656,2.154657,0.4880052,0.37331226
314,0.9976786,1.58365,2.7386389,0.3042227,0.1644191
315,0.8222402,1.3170518,1.7793975,0.52485645,0.5236838
316,3.2824566,3.2824566,3.8705814,0.83826023,0.18346287
317,1.4991162,1.4991162,2.171237,0.3328616,0.16256486
318,1.4072568,1.4072568,2.443198,0.45512694,0.31654525
319,1.2718061,1.2718061,2.6317024,0.32083198,0.1956399
320,2.8328147,2.8328147,3.5367694,0.49315494,0.3962327
321,2.2754066,3.0489016,3.5625947,0.5986444,0.18521899
322,1.1904219,1.4044255,2.1767466,0.4181486,0.18043062
323,2.2050638,2.2050638,4.0720234,0.48183858,0.08812129
324,2.66997,4.6878715,4.813251,0.4999436,0.41002917
325,1.383261,1.383261,2.0717785,0.45672894,0.3931294
326,1.5035377,1.5035377,1.9476856,0.43132475,0.15540642
327,0.54488754,1.3043646,1.6856682,0.34865287,0.37585458
328,1.4850354,1.4850354,2.0464728,0.68712264,0.096649505
329,1.8649414,1.8649414,4.0884447,0.32074627,0.46493086
330,1.3695222,1.3695222,1.642663,0.6181218,0.1297603
331,1.5928314,1.7889682,3.0395555,0.5136362,0.1672978
332,1.1725421,1.3103315,1.4090145,0.79720706,0.31264296
333,1.2159172,2.3186443,2.7031126,0.4315118,0.24467878
334,0.628778,1.3138796,2.0667439,0.26365787,0.273624
335,0.9970935,1.2564808,2.6108327,0.25239426,0.19076174
336,1.2508576,1.2508576,1.9143231,0.30493,0.16551107
337,2.5056763,2.5056763,3.6013684,0.2837084,0.16986956
338,0.87748307,1.4886968,2.1858373,0.4277988,0.21777232
339,1.2916112,1.2916112,1.4481384,0.2668031,0.2731985
340,1.2305163,1.284862,1.7781525,0.78037643,0.24096544
341,1.7200817,1.7200817,3.1593928,0.5149366,0.23998187
342,2.7314444,2.7314444,3.267018,0.6891787,0.14119078
343,1.5005786,1.5005786,1.8290665,0.5640379,0.29351246
344,1.5712821,1.5712821,2.5955236,0.4900401,0.23021106
345,1.018851,1.3134999,1.8882674,0.39995968,0.24074572
346,1.2013444,1.6082445,3.1760397,0.4054843,0.30080965
347,1.3514224,1.3514224,2.4965796,0.39015093,0.3218522
348,1.4241581,1.4241581,2.782289,0.3305929,0.3033279
349,2.271603,2.271603,3.873951,0.53296036,0.31394556
350,2.5329995,2.5329995,3.552816,0.5592632,0.11160628
351,1.6993622,1.6993622,3.1115355,0.42647254,0.30803308
352,1.3343017,1.5426568,2.0495198,0.7087595,0.38603386
353,1.3916063,1.3916063,2.6959808,0.36154187,0.32447034
354,2.0417767,2.0878336,2.577981,0.71103054,0.11189636
355,1.5138,1.5138,2.4507742,0.54943156,0.3380029
356,1.9399602,1.9399602,2.6796293,0.3066528,0.40444386
357,2.653277,2.653277,5.0164294,0.42813197,0.3845609
358,1.2506874,1.2506874,1.4825754,0.3990175,0.13337174
359,1.3185958,1.3185958,1.4887857,0.6456946,0.27545658
360,1.2889746,1.2889746,1.8601236,0.4308407,0.2373516
361,1.6281619,1.6281619,3.9431207,0.3516474,0.15502971
362,1.2503374,1.2503374,1.7197531,0.37888786,0.21793069
363,1.868588,1.868588,3.1346207,0.26684093,0.21855713
364,1.6087443,1.6087443,3.167639,0.5992542,0.17647731
365,1.4482188,1.4482188,3.2606275,0.47715637,0.1755387
366,1.7786806,2.1765232,2.4879894,0.70877814,0.49295306
367,1.2487284,1.2487284,1.3646272,0.87983435,0.22150034
368,0.46501705,1.2608663,1.464632,0.27098367,0.20382437
369,1.2554117,1.2554117,2.199684,0.3999909,0.09394289
370,1.3509918,2.345309,2.4125571,0.42476672,0.088589065
371,2.777164,2.777164,3.8685791,0.65744334,0.29823604
372,2.085655,2.085655,4.2677836,0.44047692,0.17018525
373,1.3568282,1.7130878,2.5020447,0.41242552,0.38295132
374,2.09622,2.09622,4.429783,0.4229099,0.34709615
375,0.8715028,1.544532,2.0186772,0.32391962,0.33098167
376,1.4993615,1.4993615,2.050936,0.62227887,0.33241296
377,1.3781492,1.3781492,2.6620038,0.39720517,0.207231
378,1.5138899,1.6637096,2.6752338,0.35569942,0.26332623
379,1.7038561,1.7038561,3.2049603,0.33114117,0.339101
380,1.2229978,1.2229978,2.205923,0.39757088,0.1119829
381,1.2749422,1.2749422,4.018338,0.2695644,0.3696407
382,1.3390948,1.3390948,1.612129,0.65691507,0.24563996
383,1.4222647,1.4222647,3.7945952,0.2854047,0.30953303
384,1.1682918,2.068366,2.4193068,0.40874064,0.29656747
385,1.2418116,1.2418116,3.65056,0.3951618,0.29843736
386,1.3686367,1.3686367,1.9173489,0.2676171,0.16191615
387,0.94788975,1.3685355,2.1225958,0.29293528,0.14275081
388,1.256865,1.256865,2.6291265,0.30913007,0.423292
389,1.3948431,1.3948431,2.1701376,0.5682927,0.25322935
390,1.2682508,1.2682508,2.816282,0.38748202,0.19583556
391,2.2255943,2.7179508,3.8819964,0.36609212,0.38406038
392,2.348052,2.348052,2.9957755,0.61225426,0.35231826
393,1.2397888,1.2397888,2.1024933,0.7330491,0.14186285
394,1.4898881,2.729638,3.8650103,0.48380512,0.4907402
395,2.418371,2.418371,3.7179193,0.37508366,0.37954286
396,1.277962,1.277962,1.8895614,0.3385741,0.18951534
397,1.359304,1.6412898,2.46476,0.542606,0.33801922
398,1.7424763,3.2330403,3.8954978,0.40306276,0.4186495
399,2.5239227,2.5239227,4.489514,0.29672983,0.18956956
400,0.9613988,1.8404303,2.2188365,0.4071684,0.27464807
401,0.93187815,1.9040506,2.171535,0.353266,0.23262706
402,1.6076778,1.6076778,2.9434006,0.41534358,0.43355095
403,1.9332584,1.9491823,2.314945,0.795062,0.18292946
404,1.9288865,1.9288865,2.308272,0.74412745,0.38072616
405,3.5506032,3.5506032,4.699078,0.7188909,0.16546664
406,1.3432541,1.3432541,1.7177122,0.5022992,0.13008246
407,1.5533172,1.5533172,2.5157804,0.51110405,0.1504215
408,1.0366229,1.35521,2.0798075,0.29996035,0.33375892
409,2.9061713,2.9061713,5.1147995,0.4899932,0.271917
410,1.370786,1.417686,1.5318447,0.696123,0.19857913
411,1.5339762,1.5339762,2.7663045,0.3088026,0.3044266
412,1.2637844,1.2637844,1.3497232,0.3319007,0.24121693
413,2.4755533,2.4755533,3.0955255,0.73242867,0.30939582
414,1.4998903,1.4998903,3.2971177,0.2966048,0.1340187
415,1.4080268,1.4080268,2.2303846,0.88909626,0.43211648
416,0.9060636,1.6308671,2.1983826,0.25551108,0.34260568
417,2.2602515,2.2602515,2.9799783,0.7111724,0.4215625
418,1.7245663,1.7245663,3.2072628,0.2689893,0.33138123
419,0.9063289,1.4899608,2.0855205,0.31457004,0.17180157
420,1.8081696,2.4236605,3.291923,0.5811573,0.14135428
421,1.5192887,1.5192887,2.2614458,0.5501337,0.2673431
422,1.1464366,1.3957852,2.65381,0.45044133,0.1766608
423,1.2137032,1.2137032,1.9243613,0.5464083,0.26909232
424,2.1155674,2.1155674,3.0075536,0.5704922,0.4308113
425,2.4062617,2.4062617,3.3725374,0.3746174,0.1379511
426,1.7249454,1.92443,2.334528,0.699269,0.23927082
427,1.1835357,1.6204199,2.4219468,0.37128943,0.30170265
428,1.259729,1.259729,2.4986575,0.25689304,0.2759351
429,1.3972192,1.3972192,2.3864894,0.48552772,0.26352552
430,1.5251747,1.5251747,1.806776,0.82178974,0.1992329
431,1.1951153,1.590884,2.2935069,0.4370861,0.28927165
432,0.7917037,1.500147,2.3189397,0.3919194,0.18780011
433,0.561176,1.5703293,1.738658,0.2600623,0.40167427
434,1.4452735,1.4452735,2.1671166,0.2962466,0.36576203
435,2.0257766,2.0257766,4.636802,0.36306527,0.20176858
436,1.2715603,1.2715603,3.2161384,0.35224625,0.22933242
437,1.2833555,1.2833555,1.5878885,0.53776604,0.18010679
438,1.3714005,1.3714005,1.5696373,0.2870734,0.15737623
439,3.0012226,3.0012226,4.141413,0.3681964,0.3489892
440,1.7716256,1.7716256,2.761082,0.5774378,0.21334344
441,1.4162921,1.4162921,2.0208323,0.462153,0.09942774
442,0.84447354,1.5292616,2.0806894,0.3879498,0.2759567
443,1.2646153,1.2646153,1.3911066,0.35512316,0.19822977
444,0.8336796,1.6148366,2.4193645,0.26838163,0.22288276
445,1.4081318,1.4081318,1.5270573,0.625081,0.18239152
446,1.3210002,1.3210002,2.6794,0.28160736,0.3486059
447,1.2043325,1.8349695,2.2796779,0.50566834,0.14749047
448,0.50807405,1.2750777,1.6057134,0.26819542,0.09777504
449,1.4047514,1.4047514,2.7956276,0.34819964,0.24140365
450,1.327889,1.327889,2.4931328,0.38211554,0.16623035
451,0.4552777,1.3953773,1.934295,0.26165566,0.20292008
452,1.4463351,1.4463351,3.2884831,0.39265567,0.37046778
453,1.1965524,1.2523983,1.8802425,0.48309824,0.13400693
454,1.3233379,1.3233379,2.1863098,0.38179046,0.15731782
455,1.2811731,1.2811731,3.9460816,0.26712042,0.20819542
456,1.3565971,1.3565971,4.106519,0.2816934,0.23381017
457,1.257642,1.257642,3.043346,0.32870343,0.3796511
458,1.2919236,1.2919236,1.5640309,0.34904122,0.29338244
459,2.7886317,2.7886317,3.9903493,0.53381807,0.09439176
460,1.0866327,1.2481742,2.8345141,0.5185192,0.30991834
461,2.604298,2.794576,4.178346,0.42588222,0.2673568
462,1.2880255,1.2880255,2.0837185,0.5795641,0.1035352
463,1.5207974,1.5207974,2.3125615,0.4489827,0.15574342
464,1.5062388,1.5062388,3.5232587,0.3886817,0.14084472
465,1.9215436,3.431127,4.3646297,0.32059467,0.20701505
466,1.1471473,1.6365902,2.4706686,0.40017802,0.40328655
467,0.84317327,1.7802896,1.9979845,0.38327754,0.24774194
468,2.5577235,2.5577235,4.4287343,0.450209,0.19984567
469,1.4847028,1.4847028,2.9021702,0.33991835,0.23137735
470,1.5062481,1.5062481,2.0328143,0.64865214,0.1227129
471,1.5682032,1.5682032,2.4636743,0.60086083,0.22112712
472,0.7083972,1.3301902,2.3460467,0.33626398,0.32911217
473,1.944037,1.944037,4.555313,0.34883088,0.29737303
474,1.6163272,1.6163272,2.696275,0.35688013,0.3438978
475,1.069718,1.2264395,1.7777159,0.39281905,0.43033546
476,2.1278498,2.1278498,2.9972525,0.42152745,0.4283541
477,1.2815006,1.2815006,2.6343424,0.33957055,0.40164664
478,1.9568441,1.9568441,3.9044855,0.4752488,0.17369351
479,0.44651267,1.2306106,1.3539255,0.31096715,0.14010118
480,0.90717095,1.2992716,1.872066,0.2857606,0.28622833
481,1.3278931,1.3278931,1.4999803,0.9148247,0.14472881
482,0.98296285,1.3511887,2.0771267,0.2749827,0.33436492
483,0.63386184,1.7698693,2.006021,0.27435288,0.36680108
484,1.101394,1.5321637,1.904003,0.48563612,0.17741127
485,1.3122549,1.3122549,3.053488,0.33649993,0.14678124
486,1.2529713,1.2529713,1.60918,0.5110895,0.19981958
487,0.944181,1.3768339,1.4358865,0.548994,0.094123706
488,2.004418,2.004418,2.8103647,0.59683466,0.12509926
489,1.8436126,1.8436126,2.9344332,0.5710841,0.17580758
490,1.3453314,1.3453314,1.6505307,0.27299073,0.18947153
491,2.821102,3.8395984,4.405364,0.5929947,0.305301
492,1.5719548,1.5719548,2.0867426,0.40423292,0.21656735
493,1.5326115,1.5326115,1.6405475,0.29923886,0.27646038
494,1.2378255,1.2378255,3.1232858,0.42482162,0.3006603
495,1.4758567,1.4758567,3.1674628,0.42970598,0.15407558
496,2.1941426,2.1941426,4.3655286,0.45670122,0.36145642
497,1.4131608,1.4131608,2.4809694,0.52768105,0.09233306
498,1.8899142,1.8899142,2.074064,0.4983735,0.30864123
499,1.2855026,1.2855026,1.9414837,0.50756717,0.36805534
500,1.2792335,1.2792335,1.9432116,0.40877157,0.28100637
501,1.2580314,1.2580314,3.3848562,0.31880257,0.25140145
502,1.4745125,1.5994694,1.7677673,0.62447584,0.20755884
503,0.840181,1.2254629,1.764379,0.34257966,0.30966374
504,1.7267581,1.7267581,3.8092043,0.27483147,0.22102694
505,2.7177985,2.7177985,5.088801,0.5007529,0.33106086
506,3.956625,3.9939327,4.0831084,0.9306223,0.2754922
507,1.9461381,2.2532322,2.6896815,0.50423384,0.20211597
508,1.6616045,1.6616045,2.2550116,0.29390755,0.18991052
509,1.5913202,1.5913202,4.551209,0.3972086,0.35951227
510,2.012983,3.3954062,4.1157446,0.43097484,0.10062168
511,0.94548625,1.5516213,2.127163,0.3895754,0.19905123
512,2.0788908,2.0788908,4.7161465,0.35080412,0.30393726
513,1.2340906,1.9569249,2.25204,0.551893,0.23201431
514,1.9527647,1.9527647,2.067488,0.87672424,0.2013963
515,2.0453656,2.6305144,3.643522,0.46642223,0.2897239
516,1.750572,1.750572,2.457697,0.52237564,0.12257309
517,1.5768657,1.5768657,1.9206672,0.4094675,0.23593678
518,1.5986995,1.5986995,2.0713534,0.58295774,0.3085866
519,1.2782972,1.2782972,2.0203857,0.3856377,0.36807838
520,1.1138599,1.2859764,2.5482943,0.3250641,0.24730718
521,3.3665617,3.3665617,4.505158,0.70221174,0.20462653
522,1.3702481,1.3702481,1.8176571,0.6640141,0.20128478
523,1.634211,1.634211,2.5793972,0.6991586,0.3286821
524,1.2316986,1.2316986,3.9818995,0.33006987,0.112949595
525,1.3368775,1.3368775,2.9900641,0.4149158,0.2827749
526,0.875212,1.4369191,1.8314263,0.5163751,0.24657969
527,0.63560665,1.3887564,2.1531997,0.28965405,0.09963434
528,0.7542433,1.2658392,1.8592995,0.27900907,0.38876688
529,1.0877705,1.3662202,1.6261793,0.5637279,0.18955158
530,0.7615763,1.2334223,1.408721,0.25776833,0.28242967
531,0.96422607,1.4682171,2.45469,0.50729984,0.28324908
532,2.8591785,3.512761,4.8516645,0.4858697,0.2623616
533,1.3829529,1.3829529,3.428065,0.32271203,0.3577509
534,3.4919925,3.61883,4.461426,0.7872474,0.10440549
535,1.2349255,1.3535213,2.278321,0.26909295,0.13012315
536,1.3142458,1.4905068,1.6207523,0.6849762,0.19335333
537,1.4072379,1.6495659,2.4303432,0.30171782,0.2626579
538,1.6623251,1.6623251,3.239076,0.4158869,0.19970724
539,1.5132657,1.9356453,2.8155437,0.53843904,0.2164065
540,1.3621527,1.3621527,2.5008106,0.3815471,0.3000966
541,1.8263856,1.8713962,2.2749002,0.71746117,0.25119638
542,1.2299672,1.2299672,2.4409654,0.59322894,0.161078
543,1.7371039,1.7371039,3.1953325,0.32951763,0.22562584
544,1.4576817,1.4576817,2.9909315,0.43229687,0.18046165
545,1.4077057,1.4077057,2.7490988,0.41412616,0.39042822
546,0.9007324,1.349247,2.6452851,0.33062842,0.09503335
547,0.66176707,1.3546816,1.4186347,0.41336322,0.23521805
548,1.3863196,1.3863196,2.9118962,0.38190922,0.28513184
549,2.053765,3.998989,5.0226865,0.33852205,0.18763292
550,2.182816,2.182816,2.6238515,0.68027204,0.07680669
551,1.4363143,1.4363143,1.8099487,0.2905052,0.18478654
552,1.5481305,1.5481305,2.7973955,0.47535443,0.26236323
553,1.6979853,1.6979853,2.9580708,0.41364652,0.36509028
554,1.4673938,1.7577198,1.8944789,0.7922499,0.23952599
555,3.110824,3.110824,5.005003,0.5760332,0.36744824
556,1.7584584,1.7584584,3.7800553,0.39955515,0.49262166
557,1.3412664,1.3412664,2.701122,0.29851785,0.30518857
558,1.220044,1.220044,2.5806556,0.2782717,0.25145307
559,1.475012,1.6559465,2.9186888,0.3458598,0.11540305
560,1.336954,1.336954,1.5276709,0.37375647,0.21395403
561,1.230321,1.230321,2.1162744,0.47018692,0.1837724
562,1.3799946,1.3799946,3.6010537,0.27756587,0.344579
563,0.57236934,1.9640129,2.4045851,0.25708702,0.21140552
564,0.93405867,2.0967233,2.705882,0.2623395,0.27731255
565,0.59743005,1.2118609,2.8404384,0.28269237,0.12576063
566,2.3323355,2.3323355,2.7746162,0.63992554,0.21202964
567,1.623423,1.623423,3.0021188,0.36302266,0.33604637
568,1.7131671,4.0542307,4.7740655,0.29795483,0.2338315
569,2.230961,2.230961,3.974085,0.49212492,0.11216275
570,1.3299193,1.3299193,1.5489098,0.7654679,0.14341958
571,1.5312797,1.5312797,2.1630495,0.25697747,0.1899969
572,1.4163944,1.4163944,1.4572287,0.40409544,0.35078025
573,1.3868247,2.466749,2.9745834,0.3983484,0.26960716
574,1.213112,1.213112,2.0898278,0.3336939,0.2451697
575,1.2134964,1.2134964,2.290148,0.44479096,0.20760295
576,1.27166,1.27166,1.6881386,0.2926069,0.26833814
577,0.64774805,1.400521,1.4902153,0.32978654,0.2884255
578,1.6543581,1.6543581,2.5658498,0.5191434,0.411348
579,1.1711704,1.633452,2.0115826,0.596931,0.263085
580,0.91834027,1.2706329,2.1559863,0.38330993,0.21195623
581,1.8488578,1.8488578,2.450279,0.60184,0.11335529
582,1.9538447,1.9538447,5.0174985,0.34007797,0.25176725
583,2.284834,3.0947769,3.2932706,0.6538888,0.07580372
584,1.4822308,1.4822308,1.8152264,0.43347642,0.17945783
585,1.3567988,1.8073759,2.6511126,0.39203128,0.42269292
586,0.7898007,1.3575932,1.5235997,0.2862252,0.36314955
587,1.1828761,2.6892543,2.9092393,0.35421208,0.38479298
588,1.6052122,1.6052122,2.42244,0.5112609,0.26523232
589,0.9353514,1.2668313,1.929261,0.3344523,0.17070438
590,1.405843,1.5741377,3.0790346,0.37990296,0.16555771
591,2.3757796,2.3757796,4.786253,0.48634544,0.09341485
592,1.9357666,2.888554,3.2143729,0.59314024,0.37033907
593,1.9813046,1.9813046,2.4241548,0.3839453,0.20905934
594,1.5224954,1.5224954,3.712497,0.256185,0.51294714
595,0.9895977,1.3444821,1.5864308,0.53792906,0.14741923
596,1.2882099,1.2882099,2.2347975,0.44512135,0.4677207
597,0.9776837,1.2456167,1.297617,0.7346548,0.18382357
598,1.5048522,1.5048522,3.110696,0.34012303,0.22166935
599,0.81816435,1.3005092,1.7209558,0.46062532,0.19633627
600,1.2475796,3.31792,3.4219275,0.32367048,0.096074566
601,2.215025,2.215025,3.9976096,0.4194196,0.24432823
602,1.193425,1.455734,1.6043723,0.7138854,0.20079751
603,1.340092,1.340092,1.7360092,0.75827706,0.3220024
604,1.347589,1.3562129,2.3749526,0.39453584,0.15427381
605,1.5172344,1.5172344,1.6619915,0.90662795,0.19544147
606,2.0893214,2.0893214,3.4067967,0.44961795,0.1804665
607,1.5824959,1.7151816,1.8801166,0.94555676,0.1255514
608,1.1282804,1.378494,2.229678,0.25674838,0.15499155
609,1.2156612,1.2156612,2.0362856,0.3298612,0.24136452
610,1.7624907,1.7624907,3.6122584,0.3502079,0.3233769
611,1.0802948,1.3047494,1.3722038,0.7702036,0.184639
612,1.8523293,1.8523293,4.320239,0.36345363,0.12576099
613,1.4695026,1.7940485,1.9725477,0.75546557,0.36793885
614,1.3630155,1.5697788,1.7603866,0.66344905,0.16369687
615,1.2848383,1.3041123,1.9229754,0.58816636,0.25825724
616,2.0510287,4.5076103,4.8453035,0.33827364,0.3048314
617,1.2266339,1.3771749,2.1424313,0.5384395,0.120409906
618,1.38143,1.38143,1.580249,0.26779097,0.2755511
619,1.3886439,1.3886439,2.1498396,0.49369714,0.21047056
620,1.5432512,1.5675913,2.7541971,0.34025368,0.16504803
621,1.2647696,1.2647696,1.6565965,0.6005534,0.17902815
622,1.5053085,1.5053085,1.8800642,0.76308,0.27686992
623,2.0377235,2.0377235,3.5842474,0.5136103,0.25400287
624,1.1324239,1.2802972,1.5699271,0.61950666,0.22763112
625,1.7970797,2.4708374,2.9033391,0.57451475,0.20355102
626,1.9653476,1.9653476,3.0004544,0.41545898,0.408428
627,2.0403638,2.0403638,4.157472,0.402981,0.21440487
628,1.3961749,1.3961749,2.0763004,0.37212136,0.1702122
629,0.9370185,1.4133517,2.407175,0.26213798,0.1512037
630,1.4077281,3.3371882,3.8304496,0.33013257,0.22559753
631,1.7592052,1.7592052,2.5952842,0.46487254,0.24768966
632,1.386043,1.386043,2.5118413,0.39298114,0.3179511
633,1.2724981,2.103905,2.2708013,0.42533877,0.14423144
634,0.833549,1.2715834,2.2841523,0.37766472,0.22792555
635,1.7045432,1.7045432,2.0477974,0.6521073,0.14956795
636,1.713694,1.713694,2.514306,0.60669607,0.25824815
637,1.2167279,1.2167279,2.1487496,0.50958395,0.17785913
638,0.6415104,1.3384122,1.6193374,0.3444533,0.27294558
639,1.3170428,3.1798844,3.842782,0.27728376,0.17355363
640,1.4160604,1.4160604,3.641897,0.34037614,0.2833336
641,0.7256955,1.2199136,1.4691439,0.2503941,0.41420326
642,1.3488817,1.3488817,1.9140487,0.4698842,0.09842735
643,2.3081849,2.3081849,4.9443946,0.43749636,0.21310723
644,1.2710962,1.2710962,4.114246,0.26079485,0.13886641
645,1.2507668,1.2507668,2.4867604,0.33019218,0.1407635
646,1.3437475,1.3919057,2.0045767,0.5394675,0.30167758
647,1.3921163,1.3921163,2.310152,0.2648796,0.110394046
648,1.7275628,1.7275628,1.9114872,0.64790756,0.34238452
649,1.2506043,1.2506043,1.3999802,0.8360046,0.27193558
650,1.2011969,1.4882493,2.2940729,0.391755,0.33766654
651,1.6469351,1.6469351,2.2602258,0.69790894,0.30472457
652,2.0472684,2.0472684,2.2221084,0.6289778,0.24540965
653,0.8506861,1.289956,2.0551548,0.32080695,0.16974644
654,2.1306903,3.7574322,4.7359753,0.35205355,0.40093622
655,0.81980443,1.4330693,1.5799041,0.4590817,0.25366592
656,1.3028238,1.3028238,2.863257,0.25360745,0.21654697
657,2.0680933,2.0680933,2.8419514,0.6915014,0.2441995
658,1.6095103,2.156244,2.4346695,0.597525,0.32040018
659,1.2067524,1.3089964,1.6454756,0.6987777,0.1519805
660,1.231052,1.231052,1.7042496,0.276678,0.44577473
661,1.3766652,1.3766652,3.2039058,0.2601195,0.50328636
662,1.6455177,1.6455177,2.512228,0.38530496,0.24636625
663,1.4115309,1.4115309,2.1882744,0.60749185,0.12338765
664,1.2731601,1.2731601,2.357813,0.29627123,0.2300811
665,2.1828325,2.1828325,3.6075618,0.47031713,0.29461715
666,1.6832391,1.6832391,1.833442,0.39542723,0.14996162
667,1.5606699,1.5606699,3.1923504,0.2608963,0.17037767
668,1.8940706,1.8940706,4.338302,0.39391267,0.28794014
669,1.581583,1.581583,1.8974553,0.3090189,0.34669402
670,1.2432101,1.2432101,1.5159811,0.47625473,0.2323217
671,2.861492,3.8478658,4.006618,0.68531865,0.20835067
672,0.71309775,1.5491555,1.6467764,0.3028253,0.20237109
673,1.4307965,1.4307965,3.294363,0.4046493,0.18449649
674,1.2048724,1.6047049,2.5972748,0.30071527,0.1700223
675,1.2230016,1.2230016,2.0486972,0.35910016,0.36177146
676,0.9976101,1.3932534,1.5865946,0.60655016,0.09031167
677,1.2432182,1.2432182,1.4017836,0.3085625,0.14193211
678,1.2352027,1.2352027,1.723024,0.31895685,0.1765757
679,1.5707217,1.5707217,2.594945,0.5131253,0.25502986
680,0.92931354,1.9125382,2.5572395,0.31003463,0.24151792
681,1.4308536,1.4308536,3.7319503,0.26257578,0.2033466
682,0.81334555,1.4233109,1.9816954,0.25109684,0.36671922
683,2.0456474,2.0456474,2.5718963,0.3187849,0.15006351
684,1.2199303,1.2199303,2.0157337,0.2884293,0.08692457
685,1.482925,2.3050475,3.1147547,0.58039546,0.37386513
686,1.5190642,1.5190642,5.0517273,0.2538114,0.3813959
687,1.1261405,1.2261281,1.7095188,0.61756,0.39579946
688,1.148889,1.3395447,1.4622905,0.74656874,0.09415948
689,2.746136,2.746136,2.8390236,0.49410316,0.5015659
690,1.0417805,1.2686465,1.6683744,0.3869137,0.12584394
691,0.7805479,1.3872328,1.7075437,0.4234108,0.26520035
692,0.71263653,1.5455685,2.529121,0.26006496,0.27771384
693,1.6522596,1.6522596,2.883069,0.5074284,0.28396297
694,1.3926227,1.3926227,2.1484828,0.32527724,0.24154373
695,1.8240894,1.8240894,2.0795834,0.3313354,0.15566799
696,0.70160717,1.3800262,1.5579996,0.41541132,0.41293356
697,1.4616169,1.6520863,3.1345737,0.35307312,0.075718686
698,1.4530755,1.4530755,3.5017018,0.288722,0.28984252
699,1.6524566,2.184599,2.4570262,0.51589,0.18397044
700,1.6407869,1.7308736,2.8388586,0.25019524,0.1366149
701,3.1485622,3.1485622,3.733481,0.80904293,0.08995684
702,1.2521446,1.2521446,1.5409509,0.8056214,0.1824912
703,1.2449296,1.2449296,2.3602993,0.3795631,0.11431676
704,1.3994416,1.3994416,1.9965066,0.62882197,0.11880487
705,1.839553,1.839553,2.9040818,0.41022143,0.3957191
706,1.5023872,1.5023872,3.9179244,0.31975254,0.23807542
707,1.6744353,1.6744353,4.693863,0.30783936,0.18099461
708,1.8778157,1.8778157,3.187451,0.3362269,0.358146
709,0.95675176,1.433061,1.8821311,0.42481396,0.28483418
710,1.2409145,1.2409145,2.5627975,0.44157562,0.2521848
711,0.93106264,1.4272766,1.76667,0.47569996,0.42133704
712,0.9480542,1.308865,1.4284745,0.60837495,0.298059
713,1.4201877,1.4811544,3.0953348,0.43600282,0.31458908
714,1.8387564,1.8387564,1.9627804,0.78256476,0.11239415
715,1.5716221,1.5716221,2.6764128,0.32557392,0.31561887
716,2.287398,2.287398,3.6367767,0.37228587,0.3786303
717,1.4563183,1.4563183,3.4193988,0.37473065,0.24221678
718,1.590192,1.6208589,2.914562,0.36521998,0.22015873
719,1.6744436,1.6744436,2.6784856,0.40639368,0.40623915
720,3.0095854,3.3313134,3.907846,0.74628013,0.29929355
721,1.2303714,1.5229843,1.9308724,0.67629755,0.25139013
722,0.67280424,1.6335483,1.8227166,0.30674985,0.2025587
723,2.1554847,2.1554847,2.3411496,0.7379544,0.20000748
724,1.511061,1.511061,2.7093627,0.49502593,0.12838797
725,0.9997961,1.9924128,2.32474,0.33000612,0.1706422
726,1.423843,1.423843,2.410126,0.5794474,0.1600017
727,3.7578876,3.7578876,4.4016356,0.70283437,0.2893301
728,1.3643503,1.452327,2.9206347,0.34521386,0.25067896
729,1.6458617,1.6458617,2.7540574,0.36830083,0.44999254
730,0.84830976,1.2150217,1.3169583,0.5509263,0.3178541
731,1.2226406,1.2226406,1.5504373,0.7558471,0.14901966
732,2.5050747,2.5050747,3.3887587,0.5713595,0.15084259
733,1.5701766,1.5701766,2.2550988,0.6344592,0.2776288
734,1.6623704,1.6623704,1.8604966,0.92220753,0.31600082
735,1.1692545,1.5335174,3.0088787,0.2850732,0.08583177
736,0.8000545,1.4735464,2.1364064,0.25007224,0.27688783
737,1.7945535,1.7945535,2.0412717,0.76181793,0.23716487
738,0.8124151,1.780598,2.1520562,0.2598764,0.37683555
739,1.0068797,1.4134039,1.7009369,0.39951113,0.099237464
740,2.037088,2.176611,4.1607766,0.2566267,0.120093875
741,2.1030128,2.1030128,3.9510293,0.41735637,0.17114171
742,0.8268916,1.409005,1.5971241,0.4808235,0.11186624
743,1.8791784,1.8791784,3.2465749,0.4836437,0.18984456
744,1.2758448,1.2758448,2.5316727,0.6022814,0.20842598
745,2.2187974,2.2187974,4.3381605,0.3195587,0.3458373
746,1.0458698,1.2466923,1.9475437,0.57926303,0.16561687
747,1.015162,2.0406296,2.212883,0.39301932,0.18224783
748,1.2241796,2.3747509,2.7068198,0.38582838,0.22567672
749,1.4447752,1.4447752,2.626591,0.25256437,0.17888054
750,1.8377626,1.8377626,3.0073662,0.5256726,0.17645438
751,1.317673,1.317673,4.0688925,0.28253132,0.16746865
752,1.2792882,1.2792882,2.642972,0.37851316,0.24837917
753,1.2867734,1.2867734,4.2332883,0.25905502,0.27588055
754,1.366,1.366,2.0757608,0.34616718,0.14199309
755,1.6975552,1.6975552,3.6712987,0.4992549,0.32122508
756,1.6826795,1.6826795,2.6268396,0.4545749,0.24616799
757,2.4544911,2.4544911,4.7318892,0.41530085,0.16470015
758,1.2899734,1.4143842,1.9845529,0.3887881,0.23035742
759,1.4655513,1.4655513,1.9674426,0.42332083,0.10983292
760,1.255605,1.4344873,2.3508801,0.46877763,0.1459603
761,1.5263804,1.8512461,2.6745853,0.41294065,0.40809733
762,1.3020835,1.7923169,2.2791533,0.43131337,0.23105013
763,0.67482793,1.8548769,2.3751721,0.28734234,0.2107122
764,1.4060178,1.4060178,3.3017156,0.3143816,0.42225432
765,2.4714537,2.4714537,2.9557047,0.82639045,0.16763796
766,2.1045904,2.1045904,3.864663,0.42833018,0.25710115
767,0.6716643,2.042712,2.1508036,0.25466737,0.20780839
768,2.1137347,2.1398096,2.6861243,0.6414182,0.34759188
769,1.607967,1.607967,2.4961581,0.62090594,0.22649255
770,1.5441833,1.5441833,2.784743,0.27093798,0.18723387
771,3.3665755,3.3665755,5.021543,0.44497877,0.08829984
772,1.133916,1.2175428,1.626573,0.6446383,0.2348502
773,2.472152,2.472152,2.756684,0.5209494,0.35069963
774,1.4341277,1.4341277,2.4248686,0.30367547,0.115560845
775,1.4323343,2.015911,2.1845143,0.6107149,0.36672953
776,1.3334475,2.5250955,2.841286,0.42388552,0.25966853
777,1.2905599,2.1064856,3.0192697,0.28881475,0.1843381
778,2.7128432,2.7128432,4.238122,0.5343009,0.3477638
779,1.2250949,1.2250949,3.820886,0.28368527,0.20073158
780,1.0410498,1.755864,1.806115,0.5012693,0.16497847
781,1.3356167,1.3356167,1.8738815,0.25363517,0.24547848
782,1.2898027,1.2898027,2.0771704,0.5506183,0.32745406
783,1.314623,1.314623,2.4274158,0.31120798,0.1742458
784,1.5954204,1.5954204,2.9340255,0.46398982,0.23912598
785,1.6960511,1.9539438,3.2738078,0.464557,0.1798822
786,1.7363478,1.7363478,3.192302,0.34640107,0.081284486
787,1.4262705,1.4262705,2.64647,0.39583355,0.25114065
788,2.0279312,2.0279312,3.2694552,0.2740038,0.32176208
789,3.2431636,3.2431636,4.091585,0.4417129,0.1910238
790,1.4630635,1.5442945,1.8900734,0.55938804,0.1620571
791,1.3060949,1.5516154,2.2341309,0.34899187,0.22883002
792,2.6714945,2.6714945,2.8850622,0.49625412,0.19750884
793,1.7744143,1.7744143,3.7264576,0.37141317,0.17498313
794,1.5090188,2.2962627,3.3449826,0.32461813,0.15774247
795,0.822471,1.3871747,1.6281854,0.430105,0.20620479
796,0.9236363,1.4947873,2.0894494,0.37339675,0.17366461
797,1.2475868,1.2475868,2.0245965,0.30410182,0.35998788
798,1.2543174,1.2543174,1.5832245,0.3101771,0.21766664
799,3.045491,3.045491,4.792992,0.5893197,0.124251045
800,1.3071127,1.3071127,2.5021696,0.48037905,0.36100823
801,2.2689996,2.2689996,4.0121264,0.50944,0.340233
802,1.2180805,2.601631,3.1569247,0.33589262,0.28813145
803,1.6754769,1.6754769,4.401658,0.27810168,0.4839699
804,2.7559116,2.7559116,4.1593986,0.6120598,0.123123735
805,0.7047811,1.5576043,1.7840848,0.32705963,0.348905
806,1.2338614,1.2338614,2.4646149,0.45302272,0.12852272
807,1.4316794,1.4316794,2.6028662,0.28928795,0.36989
808,1.6585786,1.6585786,2.1652734,0.40192753,0.22073486
809,1.3890052,1.3890052,1.4788065,0.4729344,0.31937763
810,1.2894818,1.2894818,1.318599,0.42353344,0.09028924
811,1.2635242,1.2635242,2.843547,0.3849546,0.17782506
812,1.4852139,1.4852139,2.7294967,0.53429997,0.13694814
813,1.2254808,1.2254808,2.3047557,0.46720088,0.13079907
814,1.4494697,1.8612638,3.968174,0.28743342,0.22998686
815,1.057257,2.0650747,2.8406737,0.29228455,0.2682591
816,1.8029498,1.8029498,2.5545094,0.49497753,0.3962696
817,1.3396953,2.5104704,3.9678092,0.2899443,0.2618991
818,0.8559066,1.4309673,2.0849168,0.26598498,0.28247258
819,2.217013,2.2582786,2.8152223,0.5952334,0.26888335
820,1.2192559,1.2192559,2.0518572,0.2705131,0.21551768
821,1.6448642,1.6448642,2.356646,0.5883754,0.1941645
822,1.2250285,1.2250285,1.8260777,0.595389,0.22480129
823,1.8220221,1.8220221,3.278232,0.47865674,0.31262147
824,1.2530017,2.4612222,2.624795,0.2747078,0.34440076
825,1.8327991,1.8327991,2.3025928,0.6515718,0.2504683
826,1.8391016,1.8391016,2.0204535,0.4783834,0.114538595
827,1.7720034,1.7720034,4.203878,0.27493185,0.08066525
828,1.5222312,1.5222312,2.1679947,0.27221462,0.19850993
829,1.5103534,1.5103534,2.5383625,0.39913526,0.16653691
830,1.639148,3.2271833,3.5165794,0.42730674,0.09629516
831,1.7980185,2.8935459,3.8282657,0.33337736,0.29751498
832,1.3076531,1.3076531,1.4307948,0.3481111,0.3271945
833,2.7636292,2.7636292,3.6247141,0.74894446,0.4114308
834,1.4380741,1.4380741,2.1817856,0.5101745,0.122448675
835,2.9659748,2.9659748,4.2694807,0.6590799,0.20260206
836,0.943329,1.3604782,1.4144523,0.4106613,0.23470081
837,1.4521244,1.4612194,2.3793848,0.41992706,0.08508037
838,0.59856904,1.3095503,1.6590831,0.30941296,0.26681966
839,2.024088,2.024088,3.3534791,0.282431,0.3032257
840,1.225526,1.225526,2.5019908,0.40589362,0.20527497
841,1.5788633,1.5788633,2.6738398,0.5033468,0.30853283
842,1.2921237,1.2921237,1.4460819,0.7733284,0.22601952
843,0.88552284,2.8213842,3.0855956,0.2526756,0.25626495
844,1.0171467,1.3039603,1.4995595,0.663194,0.25524938
845,1.2886965,1.2886965,2.8635654,0.44720075,0.4215195
846,1.327354,1.327354,2.1628432,0.3460126,0.46305802
847,1.4089656,1.4089656,3.0565867,0.3398732,0.22258157
848,1.9346579,1.9346579,1.9898797,0.7600006,0.13394237
849,1.3038244,1.3038244,1.7699399,0.6931163,0.44458857
850,1.0703621,1.2280915,2.044387,0.25326645,0.16760091
851,1.2686,1.2686,2.2596345,0.39300779,0.23311858
852,0.885621,2.3037515,3.2698548,0.2947431,0.078570746
853,0.9275206,1.8155035,2.4945612,0.3164271,0.3951976
854,2.210057,2.210057,4.931885,0.35231143,0.268954
855,1.2952838,1.5314397,1.9819372,0.46791193,0.20328474
856,1.7331504,1.7331504,4.4224668,0.25863877,0.1988036
857,1.3092967,1.3092967,2.4437594,0.38452426,0.14797598
858,1.0543618,1.9954313,2.5000718,0.3529301,0.21918261
859,1.4984868,1.4984868,2.5416205,0.5208544,0.36413905
860,1.5362573,1.5362573,3.8685622,0.32452655,0.31597367
861,0.8400691,1.2382313,1.8549659,0.2972523,0.083327964
862,0.97260803,1.3134521,2.7836378,0.37277335,0.28653988
863,1.3910183,1.3910183,3.2888837,0.36233574,0.44633728
864,1.3957846,1.3957846,1.711028,0.50697786,0.1732889
865,1.6607546,1.6607546,2.3310132,0.599435,0.16100256
866,1.8348691,1.8348691,3.596916,0.44264004,0.26562005
867,1.2373677,1.5782449,2.244229,0.46413165,0.14284466
868,1.9858122,1.9862089,2.4632099,0.7621676,0.28244954
869,1.5194411,1.5194411,2.9492402,0.48785937,0.17035662
870,1.3583252,1.4181232,2.0900445,0.5825838,0.41091552
871,2.64172,2.64172,2.886617,0.56682163,0.13194583
872,2.3329914,2.3329914,2.7177885,0.83446276,0.16236055
873,2.4776437,2.4776437,5.1092744,0.31143504,0.15392724
874,1.0788374,1.2139474,1.9752281,0.6451097,0.16423689
875,1.4049019,1.4049019,2.5057044,0.4965671,0.10691084
876,0.6245489,1.6416181,1.870981,0.31277782,0.23273088
877,0.8386047,1.2731887,1.9120238,0.34465176,0.38301757
878,1.3100524,1.3100524,1.6362579,0.7268078,0.30931607
879,3.632561,3.632561,4.6130834,0.3557724,0.27564302
880,1.4554167,1.9649445,2.0043495,0.2988845,0.1748829
881,0.85876906,1.3928391,1.8526809,0.3123046,0.20652352
882,1.721927,1.721927,4.6706424,0.25287282,0.16348864
883,1.2333368,1.703332,1.8834317,0.65034103,0.2704961
884,1.4377116,1.4377116,2.3897219,0.43155047,0.13318296
885,2.001683,2.001683,2.758385,0.71618736,0.26894706
886,0.7318839,1.335924,1.3774658,0.33248666,0.33020514
887,0.9576721,1.2134337,1.7468265,0.3878755,0.15625642
888,1.496594,1.496594,2.815152,0.4562169,0.16409966
889,1.5190376,1.5190376,3.1446812,0.54363966,0.45284808
890,1.4844748,1.4844748,3.146391,0.38965714,0.22218458
891,1.5387625,1.5387625,1.5726829,0.51799536,0.2977928
892,1.3572323,1.3572323,1.8434919,0.4037206,0.29846352
893,1.271675,1.271675,3.692178,0.28716305,0.14852506
894,1.461669,1.461669,1.6705499,0.31198132,0.13008286
895,1.8442434,1.8442434,3.4866722,0.46940932,0.083925895
896,1.5288788,1.5288788,1.6749347,0.9354354,0.28397015
897,1.712091,1.712091,3.761357,0.28245983,0.205213
898,2.6388133,3.0507498,4.330392,0.49669027,0.10739566
899,1.6170237,1.6170237,3.3978713,0.39687803,0.19778666
900,1.4889966,1.4889966,2.0683832,0.6425914,0.20568886
901,1.5321097,1.5321097,3.0116591,0.40351358,0.22418636
902,1.3162881,1.3162881,1.4255724,0.8404254,0.42541084
903,2.5861535,2.5913801,3.0271144,0.81693995,0.48455054
904,2.3095422,2.3095422,4.44352,0.46699968,0.18143393
905,0.9685577,2.1227202,2.7815766,0.30013657,0.17943655
906,1.5181516,1.5181516,1.9795648,0.36564794,0.12242204
907,2.2584596,3.7624972,3.8035562,0.5393952,0.16057353
908,1.6536858,1.8808534,2.1387744,0.8082598,0.28973874
909,1.9244064,1.9244064,3.6828415,0.45378396,0.39497587
910,0.6949751,1.4843715,1.5547214,0.3364979,0.28654698
911,0.58560354,1.853501,2.692898,0.26472652,0.27012035
912,0.7733625,1.8158296,2.152876,0.34180275,0.25493488
913,1.2691668,1.2691668,3.0996027,0.2502297,0.23059613
914,1.2108024,1.2108024,3.4893904,0.3106768,0.26945788
915,1.6016608,1.6016608,3.506385,0.2707019,0.2697416
916,2.4678588,3.2333658,4.7105274,0.37165952,0.18061076
917,1.6779518,1.6779518,2.1358526,0.5538814,0.16273351
918,1.4238783,1.4238783,2.5254781,0.39147332,0.09125288
919,1.4041886,1.4041886,2.7036688,0.3522353,0.11602389
920,1.3646353,1.3646353,2.879487,0.26956174,0.1406136
921,1.211634,1.211634,2.0214903,0.33262894,0.2984514
922,1.2214303,1.2214303,1.5534561,0.39564937,0.23027463
923,1.7099997,2.3008704,3.6146712,0.33635646,0.36644444
924,1.5768353,1.5768353,1.774704,0.49893016,0.14037067
925,1.9692158,1.9692158,3.0449874,0.55229723,0.12589249
926,1.218083,1.218083,1.9702214,0.33117944,0.40286765
927,1.309082,1.5256299,2.3043509,0.5829774,0.36562338
928,3.5278025,3.5278025,4.753261,0.36786926,0.30898753
929,1.2370845,1.2370845,2.1970305,0.34561348,0.21101642
930,2.9199324,2.9199324,4.7088847,0.5603772,0.2984586
931,1.5633924,1.5633924,2.2230353,0.68908876,0.25468862
932,1.5748676,1.5748676,2.707424,0.53411657,0.24996182
933,1.5488089,1.5488089,2.4233918,0.30758342,0.2736977
934,1.3335922,1.3335922,3.7136421,0.30991247,0.23731726
935,1.6577568,1.6577568,2.4678774,0.3556071,0.27899334
936,2.764668,2.764668,4.0932527,0.38159618,0.24387497
937,1.5650921,4.678589,4.8127356,0.2671281,0.11045605
938,1.4898885,1.4898885,4.2651525,0.310433,0.3317603
939,2.0021894,2.0021894,3.708168,0.4706512,0.21859148
940,1.3734348,1.3734348,1.4388373,0.36532634,0.20016426
941,1.638382,2.1590016,2.7244549,0.42948744,0.13098146
942,1.6086708,1.6086708,4.395647,0.3014563,0.34524488
943,1.2578423,1.5302271,2.5126817,0.29179445,0.2766693
944,2.7297103,2.7297103,3.9357584,0.62021184,0.18575463
945,3.0602744,3.0602744,4.8334184,0.5848524,0.20522946
946,1.1501698,2.0207937,2.7369323,0.29054195,0.35587955
947,1.0435975,2.3734584,3.3525915,0.28114918,0.3311495
948,1.032849,1.3390594,1.6991457,0.58720344,0.32445517
949,1.653594,1.653594,2.838527,0.5356043,0.22213407
950,0.9038975,1.5557508,1.6885678,0.3936524,0.23148261
951,1.7453574,1.7453574,4.101328,0.3329643,0.15368465
952,1.2601502,1.3323624,1.6832604,0.6935757,0.27978355
953,1.6161284,1.6161284,3.5585458,0.31294698,0.43200094
954,1.4876776,1.4876776,2.1081548,0.581111,0.1391777
955,1.0403917,1.5646989,2.173287,0.36054307,0.106211394
956,2.0042083,2.0042083,2.8933485,0.59598255,0.22902928
957,1.6926956,1.6926956,2.6906004,0.6018022,0.15606727
958,1.2871127,1.2871127,1.6300721,0.7323382,0.30947667
959,1.3986913,1.4188292,1.6355582,0.8126051,0.23625079
960,1.905833,1.905833,2.7074928,0.5178761,0.1221771
961,1.4314623,1.4314623,4.141946,0.36164248,0.32075167
962,1.8122638,1.8122638,2.475943,0.55244046,0.16333134
963,2.0246572,2.0246572,2.8633137,0.27884215,0.1473512
964,1.3638109,1.3638109,2.0772502,0.41478792,0.20152402
965,0.99915737,1.4183679,1.6484293,0.49126786,0.24871238
966,0.8907004,1.295438,2.4420142,0.628739,0.30597898
967,1.3586091,1.3586091,2.4652603,0.4620505,0.20967925
968,0.9209697,2.0223906,2.4735281,0.30487636,0.2440084
969,1.5307529,2.0809321,2.7474394,0.47806764,0.22030576
970,0.78391826,1.3855342,1.8481212,0.3327701,0.26773947
971,1.3037999,1.3037999,2.1619153,0.50229484,0.32993656
972,2.3276782,2.3276782,4.728228,0.3244568,0.28308284
973,1.3731155,1.3731155,1.8303082,0.51117045,0.3124935
974,1.2312958,1.2312958,2.2487574,0.4078456,0.2902685
975,1.2895888,1.2895888,3.5612094,0.30437446,0.3724723
976,1.1780138,1.6197327,2.100122,0.4133478,0.08042178
977,0.89626914,1.2939651,1.3687686,0.62604374,0.16575815
978,2.8805628,3.7550905,4.301193,0.6689089,0.39081478
979,1.2833635,1.2833635,1.5742617,0.74175835,0.26186097
980,1.2947403,1.2947403,2.357175,0.36851025,0.26463705
981,1.2110916,1.3363199,2.1717713,0.36418155,0.2507385
982,1.331124,1.8086329,3.4253318,0.281904,0.2325987
983,1.7778378,1.7778378,2.5677357,0.6693569,0.20419635
984,1.6127226,1.6127226,3.7616267,0.2649579,0.20698318
985,2.475728,2.475728,4.6021166,0.49906725,0.18825756
986,1.3304656,1.3304656,1.8052813,0.31700742,0.19561462
987,3.1062582,3.4274182,4.862082,0.5124017,0.23930767
988,1.3872843,2.1142094,3.0737128,0.4101283,0.25247762
989,0.75610405,1.5591906,1.7653658,0.41713905,0.33778057
990,2.5072215,2.5072215,2.7140846,0.4343723,0.17019126
991,1.4602267,1.4602267,1.8096702,0.557943,0.10169046
992,1.5763495,1.681446,2.7166967,0.35485062,0.13110064
993,1.3716005,1.3716005,4.7081256,0.25669664,0.2194179
994,0.73505056,1.3466562,2.2196832,0.4618228,0.2495658
995,1.478465,1.478465,2.7338269,0.31063896,0.1799759
996,1.2286538,1.2286538,2.1998122,0.43536535,0.36184928
997,1.8553494,1.8553494,2.6752024,0.6492372,0.39644152
998,2.4698844,2.4698844,4.205333,0.5322384,0.4393462
999,1.3942425,1.3942425,3.4383552,0.26121795,0.37460443
1000,3.3539717,3.3539717,5.1129785,0.41202134,0.3207484
1001,1.969543,1.969543,3.0739064,0.4800119,0.13560985
1002,1.4605523,1.4605523,2.7371855,0.3784569,0.1499761
1003,1.2619812,1.2619812,2.4828396,0.33126363,0.4781593
1004,2.297154,2.3866673,3.6810186,0.44938853,0.21640524
1005,1.3493446,1.3493446,1.9503635,0.6226473,0.13841091
1006,1.4070696,1.4070696,2.126472,0.6048763,0.28958115
1007,2.6834056,2.6834056,2.7119768,0.25046057,0.22801949
1008,1.0797181,1.6750075,2.1651511,0.31159863,0.16555655
1009,1.5485724,1.5485724,2.2640464,0.29682297,0.07778292
1010,2.0897462,2.1746979,2.9855628,0.6200878,0.18609206
1011,1.3110445,1.3110445,1.4715272,0.49870682,0.16590706
1012,2.1375022,2.1375022,3.2538936,0.49773657,0.14192389
1013,1.6929859,1.6929859,1.9482466,0.30516565,0.23510432
1014,0.66031176,1.5534235,2.0736563,0.30959663,0.33161458
1015,1.4999857,1.4999857,3.9659812,0.3316371,0.09729913
1016,2.1802726,3.4180505,5.0320616,0.27309117,0.29230368
1017,2.2736237,3.088958,4.7040424,0.4796181,0.13129853
1018,1.2267408,1.2267408,2.779518,0.40598068,0.11886104
1019,1.2629557,1.6302329,2.2225556,0.45493707,0.15025738
1020,1.562169,2.3275878,2.9072392,0.3869359,0.10739413
1021,1.4597104,1.7135674,2.389457,0.51172537,0.19716448
1022,1.168206,1.2970046,1.68748,0.56991875,0.3165913
1023,1.1450652,1.3868809,1.7253853,0.6146614,0.24529248
