seed,camera,time,x_m,y_m,z_m
0,0,0,-1.5825603,1.7778698,-0.5374558
0,0,0.03125,-1.5820527,1.7791755,-0.5387898
0,0,0.0625,-1.5815204,1.7804835,-0.54020894
0,0,0.09375,-1.5809634,1.7817938,-0.5417129
0,0,0.125,-1.5803822,1.7831061,-0.5433015
0,0,0.15625,-1.5797768,1.7844201,-0.5449743
0,0,0.1875,-1.579147,1.7857361,-0.546731
0,0,0.21875,-1.5784931,1.7870532,-0.54857135
0,0,0.25,-1.577815,1.7883718,-0.5504951
0,0,0.28125,-1.5771132,1.7896919,-0.5525018
0,0,0.3125,-1.5763878,1.7910128,-0.5545912
0,0,0.34375,-1.5756385,1.7923348,-0.55676305
0,0,0.375,-1.5748656,1.7936574,-0.55901694
0,0,0.40625,-1.574069,1.794981,-0.5613527
0,0,0.4375,-1.5732493,1.7963047,-0.56376994
0,0,0.46875,-1.5724062,1.7976289,-0.5662683
0,0,0.5,-1.5715399,1.798953,-0.5688477
0,0,0.53125,-1.5706506,1.8002772,-0.5715076
0,0,0.5625,-1.5697381,1.8016014,-0.5742477
0,0,0.59375,-1.568803,1.8029252,-0.57706785
0,0,0.625,-1.5678449,1.8042483,-0.5799677
0,0,0.65625,-1.5668643,1.8055711,-0.5829468
0,0,0.6875,-1.565861,1.8068931,-0.586005
0,0,0.71875,-1.5648353,1.8082141,-0.58914185
0,0,0.75,-1.5637871,1.8095342,-0.5923572
0,0,0.78125,-1.5627167,1.8108528,-0.5956508
0,0,0.8125,-1.561624,1.81217,-0.5990221
0,0,0.84375,-1.5605094,1.8134859,-0.602471
0,0,0.875,-1.5593729,1.8147999,-0.605997
0,0,0.90625,-1.5582144,1.816112,-0.6096
0,0,0.9375,-1.5570343,1.8174225,-0.6132795
0,0,0.96875,-1.5558324,1.8187304,-0.61703545
0,0,1,-1.554609,1.8200362,-0.6208673
0,1,0,-3.6475015,2.41977,0.031731486
0,1,0.03125,-3.6481867,2.4218018,0.031972695
0,1,0.0625,-3.648739,2.4238138,0.031983
0,1,0.09375,-3.649159,2.4258063,0.03176279
0,1,0.125,-3.6494467,2.427779,0.03131245
0,1,0.15625,-3.6496017,2.4297316,0.030632358
0,1,0.1875,-3.6496248,2.4316635,0.029722905
0,1,0.21875,-3.6495159,2.4335754,0.028584473
0,1,0.25,-3.6492758,2.4354663,0.027217442
0,1,0.28125,-3.648903,2.4373367,0.0256222
0,1,0.3125,-3.6483994,2.439186,0.023799133
0,1,0.34375,-3.6477642,2.4410138,0.021748621
0,1,0.375,-3.646998,2.4428203,0.019471053
0,1,0.40625,-3.646101,2.444605,0.016966807
0,1,0.4375,-3.645073,2.4463682,0.014236272
0,1,0.46875,-3.6439142,2.4481091,0.011279832
0,1,0.5,-3.6426249,2.4498277,0.00809787
0,1,0.53125,-3.6412048,2.4515238,0.0046907705
0,1,0.5625,-3.639655,2.453197,0.0010589156
0,1,0.59375,-3.6379752,2.4548478,-0.0027973065
0,1,0.625,-3.6361651,2.4564757,-0.0068775145
0,1,0.65625,-3.6342258,2.4580798,-0.011181325
0,1,0.6875,-3.6321566,2.4596605,-0.015708352
0,1,0.71875,-3.6299582,2.461218,-0.020458212
0,1,0.75,-3.6276305,2.4627514,-0.025430517
0,1,0.78125,-3.6251733,2.4642608,-0.030624893
0,1,0.8125,-3.6225872,2.4657457,-0.036040943
0,1,0.84375,-3.6198728,2.4672067,-0.041678295
0,1,0.875,-3.6170294,2.4686425,-0.04753655
0,1,0.90625,-3.6140575,2.4700534,-0.053615335
0,1,0.9375,-3.6109576,2.4714398,-0.059914265
0,1,0.96875,-3.6077292,2.4728007,-0.06643295
0,1,1,-3.604373,2.474136,-0.07317102
1,0,0,1.9222806,1.519266,-2.4592159
1,0,0.03125,1.9234604,1.5235653,-2.4609237
1,0,0.0625,1.9245574,1.5278723,-2.4626474
1,0,0.09375,1.9255716,1.5321863,-2.4643877
1,0,0.125,1.9265032,1.5365069,-2.4661434
1,0,0.15625,1.9273518,1.5408336,-2.4679146
1,0,0.1875,1.928118,1.5451658,-2.469701
1,0,0.21875,1.9288013,1.5495033,-2.4715025
1,0,0.25,1.9294021,1.5538452,-2.473319
1,0,0.28125,1.9299201,1.5581913,-2.47515
1,0,0.3125,1.9303558,1.5625409,-2.4769955
1,0,0.34375,1.9307084,1.5668935,-2.4788551
1,0,0.375,1.9309785,1.5712488,-2.4807289
1,0,0.40625,1.931166,1.575606,-2.482616
1,0,0.4375,1.9312711,1.5799648,-2.4845166
1,0,0.46875,1.9312934,1.5843246,-2.486431
1,0,0.5,1.931233,1.5886848,-2.488358
1,0,0.53125,1.9310901,1.5930452,-2.4902978
1,0,0.5625,1.9308648,1.597405,-2.4922507
1,0,0.59375,1.9305569,1.6017637,-2.4942153
1,0,0.625,1.9301664,1.606121,-2.4961925
1,0,0.65625,1.9296933,1.610476,-2.4981813
1,0,0.6875,1.929138,1.614829,-2.5001822
1,0,0.71875,1.9284998,1.6191784,-2.5021942
1,0,0.75,1.9277794,1.6235244,-2.5042174
1,0,0.78125,1.9269763,1.6278664,-2.5062516
1,0,0.8125,1.9260908,1.6322037,-2.508297
1,0,0.84375,1.925123,1.6365361,-2.5103524
1,0,0.875,1.9240725,1.640863,-2.5124185
1,0,0.90625,1.9229398,1.6451834,-2.514495
1,0,0.9375,1.9217246,1.6494975,-2.5165806
1,0,0.96875,1.9204271,1.6538043,-2.5186763
1,0,1,1.919047,1.6581037,-2.5207818
1,1,0,-1.6630967,2.1328914,2.9740107
1,1,0.03125,-1.659183,2.1375916,2.9696999
1,1,0.0625,-1.6555523,2.1422732,2.9655447
1,1,0.09375,-1.6522052,2.1469367,2.9615448
1,1,0.125,-1.6491411,2.1515808,2.9577007
1,1,0.15625,-1.6463599,2.1562057,2.9540124
1,1,0.1875,-1.643862,2.1608102,2.9504802
1,1,0.21875,-1.6416471,2.1653943,2.9471045
1,1,0.25,-1.6397152,2.1699574,2.9438853
1,1,0.28125,-1.6380662,2.1744988,2.940823
1,1,0.3125,-1.6367002,2.1790183,2.9379177
1,1,0.34375,-1.6356167,2.1835146,2.9351697
1,1,0.375,-1.6348157,2.1879885,2.932579
1,1,0.40625,-1.6342978,2.1924386,2.930146
1,1,0.4375,-1.6340625,2.1968644,2.927871
1,1,0.46875,-1.6341096,2.2012656,2.9257538
1,1,0.5,-1.6344393,2.2056417,2.9237952
1,1,0.53125,-1.6350515,2.2099922,2.921995
1,1,0.5625,-1.6359462,2.2143164,2.9203537
1,1,0.59375,-1.6371231,2.218614,2.9188714
1,1,0.625,-1.6385822,2.2228847,2.9175482
1,1,0.65625,-1.6403239,2.227127,2.9163842
1,1,0.6875,-1.6423473,2.2313416,2.9153805
1,1,0.71875,-1.6446533,2.2355275,2.914536
1,1,0.75,-1.6472411,2.239684,2.9138522
1,1,0.78125,-1.650111,2.2438114,2.9133282
1,1,0.8125,-1.6532629,2.2479076,2.9129648
1,1,0.84375,-1.6566966,2.2519736,2.9127622
1,1,0.875,-1.6604124,2.2560081,2.9127204
1,1,0.90625,-1.6644098,2.260011,2.9128401
1,1,0.9375,-1.6686889,2.2639816,2.913121
1,1,0.96875,-1.6732497,2.2679195,2.9135637
1,1,1,-1.6780922,2.2718241,2.914168
