seed,min_pairwise_baseline_m,max_reference_baseline_m,min_horizontal_spread,min_relative_motion
24000,0.2558989,0.76121473,0.4304816,0.6189704
24001,0.5834721,1.6471523,0.29808652,0.43866682
24002,0.5528374,1.5262853,0.29476202,0.21320485
24003,0.3055287,1.0200119,0.47830284,0.50449425
24004,0.6602055,2.1997602,0.84071314,0.48055318
24005,0.54662466,1.9740514,0.38314858,0.1847173
24006,0.64064515,2.678663,0.29300997,0.16064592
24007,0.28319433,1.4039671,0.368506,0.25839615
24008,0.4331869,1.1273153,0.26237872,0.678075
24009,0.43586048,2.5958047,0.31406462,0.16311939
24010,0.82123184,2.2438543,0.7330583,0.19887236
24011,0.9584627,2.1627429,0.5824303,0.3368521
24012,0.36609524,2.575714,0.28952634,0.35633424
24013,0.32069722,1.0098144,0.42071873,0.37175038
24014,0.5649157,2.1906283,0.55560285,0.70141
24015,0.39029196,2.3143077,0.2851394,0.59967273
24016,0.36755073,1.9463443,0.37854856,0.3591563
24017,0.31721565,2.0122144,0.43350524,0.38812175
24018,0.6396745,2.3382213,0.50179964,0.3158668
24019,0.38159385,1.5524435,0.26296332,0.52789813
24020,0.6764,2.2666113,0.3358673,0.3422041
24021,0.6904766,2.5782053,0.39199343,0.4595663
24022,1.0231658,2.6636126,0.9088648,0.5839905
24023,0.38540828,1.6011245,0.555281,0.20778166
24024,0.61760736,2.1208193,0.37283212,0.31493643
24025,0.867919,1.8915528,0.39669192,0.43836325
24026,0.33503798,2.3695464,0.25926518,0.29799846
24027,0.45926225,2.2279577,0.48001677,0.17959532
24028,0.34100232,1.98698,0.3674953,0.43311566
24029,0.31756142,1.1843586,0.35048187,0.27716538
24030,0.3416214,1.445379,0.4553767,0.34271485
24031,0.2718352,2.0683846,0.27933925,0.2394361
24032,0.32502323,0.8977201,0.56845164,0.6580193
24033,0.5536962,2.3680365,0.5408012,0.558759
24034,0.32917467,0.6495465,0.7542247,0.26975027
24035,0.64152855,1.506112,0.7061551,0.58814573
24036,1.0611625,2.2138453,0.33277303,0.41372234
24037,0.4592157,1.4446919,0.49009946,0.31141496
24038,1.2920462,2.601364,0.54547817,0.37979752
24039,0.2552315,1.2289821,0.2656516,0.39544448
24040,0.27594122,1.3979279,0.25142434,0.45501694
24041,0.36058626,1.5350604,0.6272672,0.1725521
24042,0.3211918,2.31798,0.3640501,0.17297499
24043,0.26301175,0.68970543,0.36291277,0.47876716
24044,0.32824066,1.2501811,0.28857735,0.25508043
24045,0.47320285,1.8486291,0.7295172,0.46295553
24046,0.26150855,1.2007285,0.46382126,0.8643007
24047,0.35364276,2.7392886,0.4272967,0.15173608
24048,0.3326009,0.61208266,0.7738475,0.5946732
24049,0.45076984,2.8463423,0.35603416,0.26605567
24050,0.49024698,1.6182873,0.3830681,0.23052524
24051,0.40616134,0.8814723,0.5771335,0.18194196
24052,0.42100438,1.8050746,0.34126812,0.3872832
24053,0.6626467,1.604169,0.6390241,0.1614246
24054,0.34864014,2.5026839,0.30023938,0.2713542
24055,0.66998935,2.8236866,0.3805781,0.23375732
24056,0.34422895,1.3810806,0.42701426,0.43468574
24057,0.465391,1.6688299,0.32273677,0.19851705
24058,0.6638626,1.7694488,0.35871613,0.57166696
24059,0.58245355,1.2056928,0.37863216,0.6249115
24060,0.49059752,1.3448657,0.4581933,0.31713203
24061,0.4122804,2.245143,0.31823272,0.29351935
24062,1.0599203,2.399997,0.31332126,0.45286563
24063,0.34252173,1.7596259,0.5925136,0.55430955
24064,0.31582317,0.50972575,0.63466823,0.25177914
24065,0.36031494,1.3165282,0.26094416,0.35602695
24066,0.34822047,2.682517,0.7804643,0.43110913
24067,0.36485872,1.6913612,0.31493723,0.15291342
24068,0.27481958,0.8421544,0.8027144,0.58149236
24069,0.65329903,2.107852,0.51608914,0.3493723
24070,1.1500499,1.8217919,0.61425936,0.1925433
24071,0.32011455,1.4551231,0.36255586,0.20065604
24072,0.47650963,2.204641,0.28996706,0.1687209
24073,0.35895947,1.0941135,0.41710424,0.43142474
24074,0.4062124,2.2183235,0.63150287,0.5531655
24075,0.7631352,2.2524881,0.58325624,0.6313954
24076,0.3445807,1.4231296,0.27579126,0.29721484
24077,0.8705711,2.7621157,0.3287507,0.675364
24078,0.31299704,1.1387632,0.72740626,0.40432438
24079,0.31207183,1.5374898,0.48495826,0.25956833
24080,0.30672544,1.3798971,0.47323695,0.69135576
24081,0.33827165,2.2158833,0.31930107,0.29263148
24082,0.4713447,1.7285202,0.27849227,0.36844176
24083,0.33627516,2.4953349,0.2868396,0.20703931
24084,0.30397552,1.2097666,0.68875974,0.19967091
24085,0.60484284,1.9794585,0.36328936,0.20010349
24086,0.79047084,1.4874178,0.44747674,0.37321416
24087,0.3356507,1.9015826,0.2606631,0.15930289
24088,0.32412532,0.75254595,0.5380107,0.2637282
24089,0.707986,1.9024385,0.4799557,0.3333827
24090,0.28113362,1.7786486,0.26887485,0.3784488
24091,0.8427966,2.4230168,0.27944252,0.29560435
24092,0.40173438,1.9790158,0.2676344,0.40346223
24093,0.2843046,1.0062822,0.26914442,0.2606537
24094,1.8578424,2.5559046,0.45555103,0.31861493
24095,0.26081926,2.2105381,0.67803186,0.2402625
24096,0.5077036,1.5285708,0.38197705,0.2352526
24097,0.55591774,2.2040536,0.62642294,0.18827115
24098,0.2594445,1.8172119,0.3925163,0.212579
24099,0.2563775,2.224862,0.28705373,0.2540375
24100,0.3070522,0.99593943,0.3128445,0.15781605
24101,0.29078934,0.94774187,0.32938215,0.39444464
24102,0.29819667,2.7335622,0.360008,0.38483828
24103,0.32730603,1.5853803,0.7084159,0.46125853
24104,0.3081914,1.8364367,0.46197855,0.24460876
24105,0.33536497,1.3460778,0.40394077,0.5152758
24106,0.5061175,1.9662654,0.30443218,0.16430207
24107,0.9328965,1.9089236,0.383947,0.32169047
24108,0.9775102,1.271313,0.40702012,0.5687291
24109,0.5830605,2.832608,0.38765344,0.40381745
24110,0.44397148,1.4571097,0.5458691,0.36971578
24111,0.30235955,2.0733402,0.47434396,0.27559286
24112,0.62352914,2.637201,0.28997687,0.3168708
24113,0.43288326,1.1113774,0.28329134,0.74261934
24114,0.2528875,2.736916,0.5276337,0.37538087
24115,0.7454736,1.7227571,0.55238986,0.40561762
24116,0.2699032,0.78277016,0.4452326,0.30293903
24117,0.32946074,1.5359952,0.5469925,0.31926966
24118,0.4314087,2.2176495,0.6163158,0.21198592
24119,0.66064256,2.5042264,0.67968047,0.75323087
24120,0.29610965,1.3312619,0.31559208,0.15502942
24121,0.63040745,1.8650545,0.510934,0.4997559
24122,0.57703644,1.8896086,0.41117778,0.258491
24123,0.55619824,1.5471854,0.7403812,0.63750976
24124,0.34910205,0.89469445,0.26268253,0.26188707
24125,0.76496303,1.8897523,0.56426334,0.39807338
24126,0.3352066,2.5197585,0.42191267,0.47088346
24127,1.1586276,2.9394326,0.71159023,0.24993137
24128,0.28296363,0.98615354,0.3501193,0.38191733
24129,0.2571012,2.0269437,0.56742495,0.47593954
24130,0.3202164,0.92172515,0.53584087,0.30844182
24131,0.3250302,1.0050017,0.40898743,0.49020624
24132,0.27064213,1.4322575,0.5312437,0.22475111
24133,0.53662026,1.2051245,0.38457355,0.30898023
24134,0.7817798,2.2514415,0.29146004,0.50150424
24135,0.5948324,2.3972282,0.5166546,0.44931245
24136,0.96214646,1.9016694,0.60433084,0.3047418
24137,0.25345188,1.9331703,0.26162574,0.17381409
24138,0.4781122,1.0718639,0.6931827,0.44329414
24139,0.458144,2.2954953,0.45750645,0.22689128
24140,0.7776368,1.6363493,0.35944128,0.8327702
24141,1.0753502,2.5944114,0.40271956,0.4043797
24142,1.0854493,1.8910708,0.70119727,0.48981756
24143,0.56361574,1.4011798,0.3993139,0.21082063
24144,1.1875461,2.7305803,0.4264146,0.5149087
24145,0.5669365,1.7150866,0.7150985,0.5605818
24146,0.544801,2.7987578,0.29705405,0.71547383
24147,0.60788095,2.7724023,0.41785374,0.1929697
24148,0.578966,1.911188,0.31354097,0.30179492
24149,0.2643116,2.1023676,0.35140753,0.2087992
24150,0.75008774,2.6941636,0.36105835,0.31040657
24151,0.30013782,2.8494678,0.3435886,0.22198947
24152,0.38587674,1.0778261,0.8261816,0.641235
24153,0.26737803,0.94268745,0.38230795,0.17629734
24154,0.45585427,1.4842808,0.35490647,0.3409527
24155,0.31454283,1.5350167,0.27933133,0.22379887
24156,0.9590707,2.2681239,0.48442778,0.3823692
24157,0.83354664,1.8049891,0.49379754,0.3747958
24158,0.58261615,2.187414,0.29129478,0.43580619
24159,0.36672425,1.9557074,0.29256514,0.61049366
24160,0.4638253,2.057023,0.44742176,0.8156484
24161,0.34476092,1.9206245,0.3285584,0.38120213
24162,0.2690028,1.9388909,0.35652435,0.39829797
24163,0.39025965,2.8448126,0.54418147,0.8092493
24164,0.9259536,2.9651997,0.27971178,0.3943703
24165,0.5330411,2.1370454,0.40529802,0.38448367
24166,0.37405005,1.8113238,0.46532893,0.2884866
24167,0.7908444,1.9417523,0.4915217,0.31887552
24168,0.33642596,0.5224877,0.41619608,0.24717917
24169,0.96871686,2.2796192,0.44238198,0.36074045
24170,0.59719324,2.284277,0.4327942,0.581894
24171,0.8720795,2.582604,0.30048487,0.29932672
24172,0.86615723,2.1892834,0.43928573,0.35178533
24173,0.3564289,1.689405,0.35221434,0.6608657
24174,0.5588769,2.3532605,0.27769074,0.18540463
24175,0.3211517,1.3322059,0.51343334,0.20526476
24176,0.6413757,2.9729142,0.5783479,0.49734956
24177,0.34083685,1.3187745,0.25730145,0.37676805
24178,0.51029503,1.8357425,0.42301172,0.21540517
24179,0.28802416,1.2465464,0.31939816,0.20070297
24180,0.62055004,2.001171,0.43059683,0.2939889
24181,0.6984628,0.96674013,0.75378656,0.4174188
24182,0.3864349,1.2426564,0.47193357,0.21204932
24183,0.30616355,1.0156935,0.4705671,0.5122749
24184,0.8111608,2.6135666,0.54700583,0.3800705
24185,0.5909617,1.6668955,0.38866237,0.4950869
24186,0.30033505,2.8863957,0.47492063,0.33437616
24187,1.124971,1.823157,0.3393572,0.2614184
24188,0.8095987,2.0696826,0.33873087,0.25693277
24189,0.6523864,1.2380368,0.5042144,0.43958983
24190,1.2899915,1.4712895,0.47152776,0.16982807
24191,0.49955034,1.2824045,0.40992427,0.15060964
24192,0.43573883,1.9804324,0.644818,0.61472607
24193,0.54479265,1.099355,0.51736826,0.8380754
24194,0.67833334,2.3050478,0.32463363,0.36985487
24195,0.73774654,1.6469613,0.45463842,0.6401985
24196,0.6718645,1.8331568,0.35926,0.26297024
24197,0.29452866,1.2079581,0.46169072,0.20753661
24198,0.37015998,1.6692084,0.31796175,0.24515724
24199,0.9918481,2.7407565,0.53268826,0.5607677
24200,0.44490752,1.0943276,0.6373351,0.17832866
24201,0.51398647,2.3387687,0.35386366,0.2169636
24202,0.33839273,0.8228857,0.3312393,0.3966471
24203,0.30121934,2.702904,0.7868432,0.24915953
24204,0.2870837,1.9638208,0.3500319,0.48621505
24205,0.5969384,1.382786,0.5102522,0.24911147
24206,0.35928822,1.5389417,0.30057785,0.1882766
24207,0.48007706,1.2133478,0.5589622,0.56767285
24208,0.48161247,1.5257391,0.33677295,0.2842888
24209,0.95542705,2.7480676,0.5321106,0.53825694
24210,0.45123935,1.9623303,0.6006802,0.39642236
24211,1.7678636,2.2036066,0.58089936,0.24883632
24212,1.4935242,1.9927665,0.48940805,0.6131706
24213,0.29600468,0.80811006,0.6077785,0.44428325
24214,0.33886912,1.1961256,0.5564508,0.316144
24215,0.37831596,1.5990533,0.6372129,0.63017946
24216,0.61911047,2.1147306,0.29732263,0.5000935
24217,0.3705728,0.85808766,0.3683349,0.21800905
24218,0.39206368,1.794988,0.2698587,0.2910467
24219,0.3151881,1.3803159,0.33949104,0.19920981
24220,1.0325629,2.5746353,0.339377,0.40332484
24221,0.45923057,1.1841195,0.6948687,0.39412886
24222,0.37432075,1.0261081,0.56692374,0.41324186
24223,0.27186254,1.252006,0.4203899,0.713833
24224,0.4659121,1.2939817,0.37571925,0.23196764
24225,0.53716487,1.206519,0.4306766,0.29800797
24226,0.48479155,1.9276894,0.53979,0.7717267
24227,0.37692457,1.2926929,0.60875595,0.430515
24228,0.30112433,0.92764753,0.25322774,0.16737425
24229,0.35848045,1.9551712,0.38861823,0.21590984
24230,0.2826776,2.340872,0.3303618,0.20278327
24231,0.37548155,1.6216209,0.27038634,0.28192902
24232,0.30044764,0.68486816,0.6150821,0.3940324
24233,0.71319294,2.0531514,0.42133394,0.5941253
24234,0.6433992,2.2624178,0.49774855,0.3732057
24235,0.8409629,2.0070744,0.3605987,0.19884594
24236,0.38371155,0.8953664,0.570731,0.5462568
24237,0.33747888,2.9583416,0.53566605,0.3845358
24238,0.5804398,2.126357,0.7126977,0.38498107
24239,0.3103248,1.0471863,0.5145488,0.542047
24240,0.25342458,1.6437721,0.2559676,0.4770299
24241,0.26220062,2.6403432,0.40804893,0.33715457
24242,0.95613897,1.880598,0.7743876,0.6377546
24243,0.267399,0.9921552,0.29285043,0.50211406
24244,0.32948068,0.9938293,0.76040035,0.18697818
24245,0.30046982,2.3454926,0.29290697,0.18442911
24246,1.2182735,2.9298024,0.38558096,0.38241267
24247,0.6336576,2.0305598,0.4812876,0.4561282
24248,0.3398085,1.4208977,0.48238835,0.2726181
24249,0.91614634,2.8983836,0.38967893,0.22684391
24250,0.31751227,0.8208747,0.6512892,0.42679405
24251,0.795915,2.767695,0.3093768,0.49438274
24252,0.4006695,1.4183223,0.5037604,0.22073394
24253,0.30419877,0.7767367,0.6271522,0.58562976
24254,0.64345455,1.4484167,0.29751948,0.4217738
24255,0.39322758,1.8701907,0.43772277,0.24737507
24256,0.44246727,1.1860377,0.660861,0.7563121
24257,0.46947268,1.2577406,0.40337485,0.2416768
24258,0.5234038,1.7280608,0.29859856,0.46757117
24259,0.3027159,1.8562979,0.2859992,0.35482162
24260,0.3043837,0.9966739,0.30967417,0.63788295
24261,0.7085224,2.4102848,0.53940696,0.18274957
24262,0.4363825,1.3993069,0.32113728,0.24690841
24263,0.8796036,1.6599952,0.458537,0.48244002
24264,0.29789966,1.2371081,0.3710958,0.19633394
24265,0.37572125,1.9132253,0.44926068,0.3204241
24266,0.8914377,2.0487463,0.77497625,0.3149155
24267,0.90901846,2.9868405,0.5374796,0.2203763
24268,0.3530542,2.2779698,0.54084927,0.1572113
24269,0.8463736,1.8674185,0.7186596,0.3864883
24270,0.5381208,2.4035394,0.49210814,0.33804244
24271,0.46566674,2.7680833,0.44319788,0.5018095
24272,0.35282013,0.782831,0.28599328,0.19656622
24273,0.4909281,1.9675742,0.5899774,0.39963794
24274,1.0577844,1.5712192,0.6128859,0.19618204
24275,0.94760287,1.7546991,0.51021653,0.20734474
24276,0.36114597,0.9636791,0.370938,0.61404645
24277,0.51036865,2.1833305,0.2746404,0.31226248
24278,0.4378837,1.4109198,0.4287444,0.6471136
24279,0.2879794,0.55190545,0.3770491,0.19876568
24280,0.7356995,2.936961,0.42278826,0.47793132
24281,0.2813093,0.9237379,0.2769228,0.63127464
24282,0.27305064,1.3255038,0.62619054,0.2945756
24283,0.38151067,0.7631831,0.35028064,0.24465312
24284,0.98573655,2.2299352,0.62696373,0.26302278
24285,0.43155837,2.3218162,0.42650825,0.26719093
24286,0.26017183,1.4230987,0.4463181,0.33351415
24287,0.31399342,1.2672101,0.6338488,0.34362307
24288,0.67350817,2.8572724,0.52739376,0.23183031
24289,0.3665961,1.6278813,0.30714035,0.27384946
24290,0.33331135,2.0104911,0.29859105,0.39525914
24291,0.683487,2.2808118,0.27302867,0.2212356
24292,0.8580633,1.8098524,0.5894333,0.61507374
24293,0.53204286,1.6853031,0.46256652,0.8224383
24294,0.3130419,0.8307758,0.33521858,0.4882019
24295,0.36382,2.5199816,0.4287677,0.27095982
24296,0.3241919,2.4648175,0.41948873,0.2934741
24297,0.27867177,2.7835214,0.285244,0.31927684
24298,0.9049715,2.6387882,0.63409436,0.19541565
24299,0.49825174,2.603446,0.36270162,0.15393913
24300,0.6598643,2.8971682,0.25413847,0.4421619
24301,0.5837621,2.1569812,0.4784126,0.33438888
24302,0.29784432,1.3616135,0.34191608,0.34455004
24303,0.49254453,2.369675,0.26432243,0.46891636
24304,0.60317045,2.3155875,0.5757045,0.18763657
24305,0.2586696,1.0855755,0.41348934,0.5594269
24306,0.34883437,2.8368194,0.2677643,0.20469068
24307,0.28300402,2.0079408,0.2909526,0.361637
24308,0.2513604,2.5515711,0.48752278,0.4988728
24309,0.44589344,2.8874452,0.27851012,0.29827747
24310,0.52348846,2.0738516,0.30496335,0.16456926
24311,0.4664835,2.9153013,0.40902948,0.292548
24312,0.282277,1.769781,0.4512023,0.40971696
24313,0.3064146,1.4969953,0.3127454,0.18449499
24314,0.9673681,2.7619593,0.46572593,0.18582751
24315,0.25964215,0.8186103,0.3619548,0.35848856
24316,0.8467963,2.4044986,0.56553483,0.20806196
24317,0.28186232,1.9840128,0.35461476,0.4572048
24318,0.9652066,2.3331568,0.28717664,0.30876952
24319,0.26449272,1.3457488,0.32357153,0.75543064
24320,0.28761402,1.6271755,0.5114082,0.15883553
24321,0.41564468,1.8833898,0.46884397,0.18895966
24322,0.66519135,2.1385925,0.5282917,0.47388744
24323,0.45241705,1.0017829,0.46867946,0.4802794
24324,0.94649273,2.312581,0.38523263,0.28873596
24325,0.8164389,2.6877885,0.29070672,0.18543318
24326,0.35847473,1.0510923,0.31513497,0.17530122
24327,0.4187517,2.2262783,0.41619778,0.40049618
24328,0.3085637,1.056366,0.2671578,0.20870239
24329,0.5398352,1.4318094,0.37674806,0.3912227
24330,0.3463065,0.8257422,0.6371361,0.31368846
24331,0.4356416,1.5896158,0.306342,0.39125487
24332,0.9654225,2.4009817,0.4323161,0.6031535
24333,0.74298155,2.8680112,0.5154813,0.6737895
24334,0.3561492,1.7524996,0.3816467,0.23385604
24335,0.9609164,2.6886933,0.6895811,0.16721258
24336,0.85910875,0.991652,0.45807868,0.41934437
24337,0.30604047,2.191086,0.7700365,0.44169644
24338,0.26251462,1.3397746,0.4990795,0.4076859
24339,0.56449974,1.2904537,0.35963494,0.27238616
24340,0.3285341,2.0095735,0.2856303,0.26364893
24341,0.26503778,1.8322307,0.2646356,0.17699799
24342,0.25717807,0.8686579,0.36211064,0.428603
24343,0.30992597,0.8386497,0.6470098,0.90634876
24344,0.34364828,1.2899079,0.3041125,0.6547823
24345,0.42229235,1.5775962,0.35024378,0.2993444
24346,0.2693676,1.7373527,0.32356495,0.2172386
24347,0.32365623,0.75159085,0.332355,0.333786
24348,0.31049725,1.0598164,0.26104856,0.7820083
24349,0.4220048,1.1368216,0.4067875,0.20800245
24350,0.2535786,1.1488907,0.38048995,0.22291513
24351,0.8059684,2.9320734,0.6192232,0.46550795
24352,0.5055859,2.350646,0.59580994,0.34795272
24353,0.68106186,2.4970477,0.4431575,0.1661339
24354,0.6595228,2.6983232,0.35051805,0.53779715
24355,0.44098216,2.5248022,0.339961,0.21342838
24356,0.57870495,2.080162,0.27847657,0.21448784
24357,0.2963313,1.1007946,0.53945416,0.6584928
24358,0.3354213,0.80638635,0.29977098,0.24472311
24359,0.90908927,2.431417,0.46222547,0.7586896
24360,0.84416974,2.9009218,0.27452493,0.2517779
24361,0.6473619,2.5014558,0.2960085,0.42938918
24362,0.32166347,2.0605445,0.31400967,0.18996677
24363,0.43134934,2.5074844,0.53025806,0.27538636
24364,0.63648856,2.3302684,0.43896392,0.2551252
24365,0.25713,1.2190508,0.3060053,0.38629088
24366,0.25665873,2.756256,0.3979399,0.3798067
24367,0.6234907,2.1582515,0.427877,0.30584785
24368,0.7054454,1.818293,0.36456937,0.25859421
24369,1.8628001,2.6083539,0.46036336,0.3620665
24370,0.43580416,1.4399139,0.5336648,0.6396571
24371,0.472252,2.1173964,0.7278946,0.21071242
24372,0.29953882,0.92511857,0.33874732,0.4435547
24373,0.31381693,1.688376,0.4386225,0.36676946
24374,0.40881932,2.0460494,0.27847582,0.1844689
24375,0.27412495,1.6815966,0.3875047,0.18173932
24376,0.550477,1.2893744,0.43270466,0.28810135
24377,0.35206366,0.671845,0.5087904,0.29047397
24378,0.5664155,2.4931016,0.38798466,0.28958353
24379,0.45495,2.8722835,0.2812514,0.15612136
24380,0.4427527,1.3600271,0.33632123,0.19549426
24381,0.8560318,1.3694485,0.39744812,0.30078787
24382,1.070992,2.3060062,0.28212476,0.47599733
24383,0.2579531,1.5731817,0.4734722,0.90844864
24384,0.36724237,1.7950275,0.5590281,0.43428224
24385,0.61828125,1.987382,0.36667737,0.7322638
24386,0.83713126,2.8030298,0.5570102,0.19455573
24387,0.3361521,2.4392333,0.2603054,0.29891974
24388,0.26228786,1.1359712,0.28248703,0.40843207
24389,0.68448853,2.3359988,0.39483845,0.20625566
24390,1.238834,1.9935313,0.5968297,0.3277348
24391,0.8645498,1.3378059,0.38228285,0.3314402
24392,0.8338071,1.8508147,0.28773743,0.87930673
24393,0.7271798,1.4457952,0.68516684,0.73237765
24394,0.42716134,1.1812742,0.4397938,0.17551015
24395,0.8804803,2.9808338,0.53692275,0.3322685
24396,0.33832547,1.2562463,0.31772417,0.35119253
24397,0.33277315,1.5415334,0.26166108,0.24425158
24398,0.28756037,1.4313294,0.2845982,0.53780353
24399,0.57906836,1.9967315,0.50569266,0.44602725
24400,0.30267635,2.467515,0.51292896,0.17613657
24401,0.3322147,1.6429032,0.32081264,0.48199925
24402,0.60611176,2.2723112,0.3835499,0.44345322
24403,0.46416882,2.125518,0.4213446,0.4147906
24404,0.9935535,2.910152,0.44418505,0.2773567
24405,0.47948733,1.980357,0.26798195,0.28251886
24406,0.56613827,1.8724843,0.47467262,0.44721106
24407,0.5005835,2.0219865,0.50240695,0.2613624
24408,0.2506606,0.643855,0.44446155,0.3888893
24409,0.43415537,2.3720121,0.6971437,0.38898918
24410,0.35045794,1.6471487,0.42478266,0.3042363
24411,0.27891925,0.49938464,0.40832335,0.28919986
24412,0.5476572,2.7382414,0.3743087,0.32943913
24413,0.41696432,1.1756049,0.6298152,0.6249424
24414,0.3931747,1.8852376,0.51142174,0.20489801
24415,0.28752175,1.2046771,0.26246887,0.34305987
24416,0.2651227,1.0183119,0.50278395,0.19666018
24417,0.26866278,1.1668597,0.5186068,0.2698703
24418,0.26900584,1.2368474,0.3085282,0.27210653
24419,0.27688837,1.5319735,0.42944548,0.5723528
24420,0.2892089,0.9437155,0.45571244,0.6006307
24421,0.34878013,2.6775293,0.51182085,0.6039661
24422,0.32804444,1.2612437,0.5447159,0.33661652
24423,0.29758832,0.8272377,0.35298574,0.40169743
24424,0.35309324,0.9588525,0.35292134,0.2166459
24425,0.51819265,2.2869422,0.25892827,0.21554953
24426,0.7480348,1.4759912,0.6948544,0.25177643
24427,0.35752055,1.753253,0.26067933,0.24764575
24428,0.2799988,1.3003112,0.2567875,0.15964806
24429,0.8300512,1.7495847,0.30713943,0.31484535
24430,0.7295843,1.1723865,0.35918722,0.7560448
24431,0.3643863,1.61369,0.45129877,0.37796438
24432,0.28008682,0.89531595,0.7276988,0.7082068
24433,0.42166787,1.4256946,0.29152793,0.7405679
24434,0.7924691,2.8246248,0.7236242,0.25731727
24435,0.40769538,1.6406113,0.4076419,0.62346846
24436,1.2523868,2.4014914,0.7494486,0.44628832
24437,0.80112404,2.9679258,0.4094871,0.38490584
24438,0.39341238,2.4382994,0.32266924,0.31541562
24439,0.85733134,2.7491243,0.57949716,0.21115507
24440,0.31727773,1.1765413,0.45809785,0.51150453
24441,0.3158672,2.3280368,0.700762,0.47529066
24442,0.6964004,2.4627473,0.5096455,0.4426789
24443,0.32266027,1.2583377,0.40317985,0.33362937
24444,0.3113702,2.7685928,0.38189608,0.38171542
24445,0.7683408,2.4250145,0.46269292,0.21270679
24446,0.5996829,2.5050488,0.67841095,0.17894977
24447,0.3156343,1.7479175,0.2839027,0.18576573
24448,0.6120837,2.6900065,0.34224206,0.15814903
24449,0.36013594,0.6300367,0.40557742,0.1612716
24450,0.37417883,0.9837104,0.29754385,0.67180115
24451,0.34007338,0.8861073,0.39628237,0.48615953
24452,0.5787387,1.6595763,0.30503196,0.30598584
24453,0.30118078,1.1878105,0.29006046,0.17246166
24454,1.0770261,2.744274,0.6090471,0.18872437
24455,0.3706841,0.7948731,0.40722033,0.32635835
24456,0.26465112,2.0272324,0.5968479,0.39756724
24457,0.30815426,0.8212034,0.67238045,0.37648708
24458,0.74661684,2.8250365,0.45553654,0.16616853
24459,0.2633644,2.0628812,0.26291797,0.2019916
24460,0.38387036,1.3521149,0.39587638,0.32115462
24461,0.29783362,0.7521639,0.3154579,0.42456397
24462,0.2689286,1.5101932,0.46577764,0.7353907
24463,0.6091523,1.2992642,0.7621846,0.3526458
24464,0.31442103,0.6158902,0.87919116,0.27162454
24465,0.34305447,2.158659,0.30223483,0.55997366
24466,0.3865072,2.4327595,0.40700808,0.27244452
24467,1.2858988,2.636505,0.34713405,0.3716587
24468,0.54564875,1.788247,0.52727014,0.6416367
24469,0.7850808,2.9933891,0.3276163,0.33638734
24470,0.42217374,1.2224051,0.47809252,0.35084167
24471,0.3827509,1.5520487,0.27141213,0.21087936
24472,0.30678564,1.1462524,0.5118698,0.22228211
24473,0.68855697,2.6834857,0.31103355,0.34924203
24474,0.52383536,1.3294735,0.7528545,0.3426947
24475,0.27482557,1.1843474,0.49463993,0.5306042
24476,0.44399232,1.3359008,0.6361859,0.17151506
24477,0.43744186,1.4490106,0.28672,0.418398
24478,0.70353293,2.735685,0.3875985,0.5875253
24479,0.82955855,2.6742976,0.7727312,0.25290257
24480,0.7783872,2.0410447,0.29591697,0.30551323
24481,1.0781162,2.199734,0.7835255,0.33490768
24482,0.39845073,2.5561354,0.2606884,0.25580293
24483,0.26006532,2.0563726,0.310385,0.824922
24484,0.5030488,1.573974,0.36204544,0.3769079
24485,0.37840006,2.259543,0.34542003,0.42172965
24486,0.35077232,1.7854011,0.49004042,0.45812878
24487,0.28085804,0.6130238,0.2962972,0.3045958
24488,0.31084564,1.3072175,0.30715677,0.30377173
24489,0.33592615,2.4324875,0.3018915,0.33510104
24490,0.37787303,1.9993515,0.31905612,0.18490233
24491,0.51824635,2.4916203,0.36674267,0.22464745
24492,0.252307,2.182469,0.28740966,0.43824142
24493,0.43207997,1.9870647,0.28718257,0.20516187
24494,0.6049515,0.818485,0.5631093,0.17103533
24495,0.28205523,0.5802804,0.38440198,0.30272388
24496,0.5265266,2.9100459,0.298552,0.36494353
24497,0.27275437,0.3497078,0.49211538,0.37365142
24498,0.876475,1.9341918,0.66120905,0.2999491
24499,0.31273946,1.2506012,0.5560165,0.20224744
24500,0.37011123,0.8864605,0.33816525,0.9194879
24501,0.41653687,1.9171579,0.54382646,0.20214145
24502,1.2304891,2.3587472,0.6766,0.59471416
24503,0.25202858,0.39894497,0.3440956,0.35276052
24504,0.856766,2.7906396,0.6954497,0.6197701
24505,0.63873625,2.8930433,0.31312025,0.46192354
24506,0.45494086,1.9028003,0.4018135,0.495961
24507,0.6851437,2.3740706,0.32668936,0.30910125
24508,1.2049716,2.8765376,0.66725934,0.17182502
24509,0.4346695,1.5715145,0.5875574,0.86495596
24510,0.3838003,2.825364,0.483807,0.7601737
24511,0.25219077,2.975983,0.33445892,0.31971735
24512,0.56774694,2.875362,0.33554476,0.5657242
24513,0.39914477,1.2758435,0.5723442,0.21780115
24514,1.4252583,2.8846889,0.84739125,0.5993658
24515,1.1620246,2.2877042,0.3499856,0.21902232
24516,0.4922688,2.8284512,0.3015322,0.5232823
24517,0.4059357,2.4550903,0.4263629,0.41323963
24518,0.6495816,2.5216982,0.39874327,0.19718942
24519,0.97746414,2.2299707,0.4999631,0.28574562
24520,0.8066307,1.962079,0.40258256,0.38424417
24521,0.32382852,1.2550809,0.33176693,0.1931107
24522,0.6153226,1.563128,0.42095527,0.6617316
24523,0.49409622,1.5073681,0.30420613,0.17872111
24524,0.6074793,2.084025,0.5354104,0.43215546
24525,0.60316366,2.5702624,0.28984457,0.32919595
24526,0.777792,2.3736682,0.58108354,0.48861915
24527,0.36549205,1.7369355,0.3839245,0.22971663
24528,0.47552413,1.7843593,0.4555321,0.34645152
24529,0.5444704,2.3745835,0.29139733,0.73772985
24530,0.842737,2.0268037,0.28722933,0.19242527
24531,0.3786203,2.0378437,0.37908328,0.20198652
24532,0.3943162,0.8870551,0.5191641,0.5667002
24533,0.312704,1.1314337,0.25950888,0.54960895
24534,0.29598656,1.1905978,0.5288726,0.23993294
24535,0.34643945,1.2107353,0.2542381,0.18952154
24536,0.26778084,1.8908397,0.25706413,0.32296276
24537,0.6860994,2.3885138,0.7187097,0.34975907
24538,0.64289075,1.4444712,0.38213536,0.49106857
24539,0.31634519,1.9186655,0.49057978,0.49408394
24540,0.4513737,1.8797276,0.38575977,0.24880873
24541,0.49766818,1.3504477,0.59811634,0.46703038
24542,0.3463329,1.3225068,0.35189775,0.3040098
24543,0.6535552,2.6115448,0.2656693,0.3812078
24544,0.55205125,2.6617835,0.5159768,0.17857043
24545,0.41217387,2.298741,0.36669496,0.593818
24546,0.5192013,2.1528811,0.44359553,0.35704255
24547,0.5882599,1.1614964,0.525789,0.78936416
24548,0.3300667,0.85140467,0.6909691,0.4253318
24549,0.66344935,2.5261552,0.33296236,0.2797863
24550,0.2517752,0.9455241,0.36437953,0.163454
24551,0.5358464,2.0003986,0.28878888,0.34045193
24552,0.46111456,2.9922156,0.55197024,0.47836468
24553,0.53425646,1.7342337,0.42888808,0.201797
24554,0.26114616,1.2333472,0.26951274,0.50259924
24555,0.39058724,1.6819932,0.40082413,0.21232332
24556,0.33992884,2.3690262,0.34805274,0.41246164
24557,0.55960006,0.8690567,0.6499583,0.53760886
24558,0.2761263,1.3332574,0.2903952,0.45498085
24559,0.25883055,1.6092767,0.74081844,0.5798646
24560,0.48429927,2.607077,0.43070668,0.2633371
24561,0.3924988,1.8800299,0.2638421,0.20107332
24562,0.6691048,1.2219014,0.639769,0.28085312
24563,0.26007566,0.895068,0.43516716,0.34999081
24564,0.5887255,2.1212828,0.2639332,0.30757266
24565,1.3173932,2.7093096,0.4969987,0.23902644
24566,0.31063882,0.9370314,0.64231133,0.26130003
24567,0.40035304,2.482299,0.50450295,0.94220394
24568,0.874696,2.2878494,0.49158368,0.28301355
24569,0.29581258,2.0566127,0.6988801,0.2872265
24570,0.65145355,2.8845959,0.3598082,0.21766551
24571,0.4184738,1.4976202,0.35523957,0.24004705
24572,0.2564518,1.231771,0.27406064,0.6015325
24573,0.47861245,1.7654246,0.3962978,0.87102294
24574,0.34779462,2.2360196,0.3398933,0.4533544
24575,0.5575838,2.0589757,0.45765826,0.23630486
24576,0.4068006,1.1649649,0.5499698,0.22526942
24577,0.27124816,0.95898116,0.25426286,0.3531516
24578,1.1419501,2.8551018,0.42896834,0.30511612
24579,0.39481366,1.2432749,0.57199186,0.2741718
24580,0.460249,2.216435,0.34606367,0.6887443
24581,0.40230387,2.6585,0.38773203,0.18827565
24582,0.25084445,2.0426846,0.36989832,0.22617364
24583,0.29817662,2.6702092,0.5611639,0.22077306
24584,0.2634708,1.9935607,0.30169407,0.15801826
24585,1.45837,2.2082813,0.44574353,0.5107887
24586,0.39176425,1.6977336,0.5463558,0.39900416
24587,0.46613997,1.8764777,0.26344445,0.56764394
24588,0.28573602,1.9895897,0.34983435,0.28481722
24589,0.4154831,2.489006,0.32192713,0.40340188
24590,0.5204113,2.7847228,0.4633662,0.25949076
24591,0.2791862,1.467411,0.30191702,0.3610547
24592,0.55965745,1.0541666,0.69174695,0.6969058
24593,0.46699527,1.0558413,0.61893785,0.38779718
24594,0.39470783,2.7400277,0.36782813,0.39756644
24595,0.38968155,2.018009,0.40488294,0.69331115
24596,0.47153255,1.0723937,0.5122224,0.1681978
24597,0.40179768,1.1561117,0.3428797,0.54223025
24598,0.26595324,0.628077,0.2882407,1.0390277
24599,0.3078497,2.9229112,0.30027583,0.39548686
24600,0.87839884,2.1610866,0.38828802,0.23891996
24601,0.40393806,2.5443847,0.62423265,0.18916556
24602,0.5127046,1.4303948,0.6511534,0.22568905
24603,0.4900821,2.7025745,0.42983836,0.35588026
24604,0.6931706,2.071807,0.43158382,0.24412264
24605,1.0361048,2.1934745,0.37588003,0.4660039
24606,0.2678736,1.2620659,0.6354459,0.63979816
24607,0.5492395,1.3921304,0.46668223,0.3977893
24608,0.5418122,1.2506195,0.59232634,0.28457412
24609,0.65921724,2.438,0.4774531,0.4610062
24610,0.43492147,1.8693144,0.64731485,0.17599346
24611,0.28579113,1.4458717,0.28805745,0.50449485
24612,0.30405656,0.8945674,0.37100142,0.3918951
24613,0.26590058,1.2721126,0.27784806,0.24038959
24614,0.38656327,1.182209,0.4000316,0.51259136
24615,0.46643603,1.68269,0.54487956,0.3386903
24616,0.329687,2.1649845,0.30939695,0.24031036
24617,0.56051004,1.9846795,0.33263513,0.4236861
24618,0.5144913,2.8669503,0.25267178,0.16123725
24619,0.43272188,2.346782,0.45873165,0.1922318
24620,0.88957274,2.1372936,0.47500718,0.4570019
24621,0.62816757,2.272163,0.531314,0.23638983
24622,0.31531653,1.5773622,0.2789945,0.23542477
24623,0.32235438,1.2890983,0.34238404,0.44921938
24624,0.4179623,1.8967695,0.40335542,0.20439231
24625,0.30000842,0.977553,0.49380642,0.3700612
24626,0.719536,1.5670552,0.54390347,0.8028905
24627,0.38646826,2.6615276,0.7360932,0.549683
24628,0.31416795,1.6464224,0.25697637,0.58081555
24629,0.3540956,0.80087996,0.44176418,0.5478594
24630,0.28334323,0.97683483,0.2827808,0.42346007
24631,0.48428425,1.4742199,0.5632731,0.24367157
24632,0.404165,1.0840707,0.31359982,0.30009282
24633,0.35767385,2.296968,0.46566626,0.34385547
24634,0.60868686,1.5935776,0.33598924,0.18303083
24635,0.87753934,2.5504837,0.50033885,0.25100976
24636,0.6501316,1.5800775,0.26021093,0.42849535
24637,0.32157978,2.6976702,0.5347101,0.29122707
24638,0.2585003,0.83379084,0.4869385,0.4245395
24639,0.29981604,2.3031359,0.4001933,0.33523867
24640,0.5165153,1.9568046,0.6303142,0.17811368
24641,0.25265354,1.5195913,0.3365834,0.37358156
24642,0.2675399,0.60586333,0.5844114,0.1775325
24643,0.40035722,2.4091098,0.39522034,0.2362351
24644,0.4079748,1.8509971,0.44452968,0.534139
24645,0.2501714,1.7530997,0.2658328,0.25579038
24646,0.29911453,1.8542688,0.4318142,0.36150128
24647,0.43400303,2.276201,0.2601899,0.18625996
24648,0.4833901,2.0376546,0.43714702,0.4415055
24649,0.5631888,2.5721002,0.26455027,0.37486407
24650,0.3507781,2.1262565,0.28571215,0.45729822
24651,0.6655415,0.79764265,0.38281026,0.3404971
24652,0.45278814,1.8690755,0.32908526,0.54145426
24653,0.75671506,2.8170726,0.33474255,0.19694842
24654,0.49252367,2.8200605,0.4033732,0.60537696
24655,0.67831314,2.078404,0.3576087,0.4402968
24656,0.25123006,1.9004906,0.35399717,0.16302451
24657,0.45736316,2.1606457,0.4399267,0.17192075
24658,0.32816255,0.85661846,0.6819197,0.38844174
24659,0.2863902,2.4428203,0.33376467,0.55863094
24660,0.59495646,1.3787687,0.6633539,0.19530763
24661,0.4950042,1.8633482,0.6796273,0.4185172
24662,0.2970981,1.6943,0.4180993,0.21741326
24663,0.49757928,2.2252474,0.5394648,0.67379475
24664,0.40460122,1.3668379,0.78523034,0.5706063
24665,1.4490641,1.6613448,0.57264346,0.22356439
24666,0.54328775,0.9310466,0.45762664,0.25473744
24667,0.4332676,1.4599516,0.34005353,0.28220713
24668,0.3063611,1.0124605,0.5403555,0.3291516
24669,0.37200576,1.690245,0.5147117,0.484209
24670,0.30687985,2.3055663,0.26952803,0.32136613
24671,0.41605222,2.246039,0.27268243,0.32908443
24672,0.7243584,2.414662,0.38707215,0.35938415
24673,0.4137266,2.2788677,0.37150306,0.52246815
24674,0.29795802,1.2582152,0.42405716,0.66165096
24675,0.34575424,1.6323574,0.42275417,0.23736188
24676,0.5755572,2.6838257,0.43630788,0.28934807
24677,0.5179105,1.946575,0.42176992,0.33534038
24678,1.0534184,1.4408263,0.49480188,0.19565569
24679,0.41248915,2.269313,0.5446076,0.23562697
24680,0.28721422,0.86216784,0.30944324,0.377277
24681,0.6522963,1.0466304,0.3395704,0.16456392
24682,0.4703302,2.2317116,0.3710283,0.6776507
24683,0.7600688,1.811482,0.38147554,0.5557579
24684,0.7198881,2.193399,0.51394707,0.21279557
24685,0.43309218,1.2109972,0.29884163,0.6881081
24686,0.49655634,1.4193403,0.38544306,0.30871797
24687,0.26362425,1.8965583,0.4098176,0.43876812
24688,0.2691025,0.48384157,0.51675373,0.25354064
24689,0.50424457,2.8686297,0.57818294,0.3713682
24690,0.4706808,1.6556443,0.4228481,0.3695591
24691,0.30181012,1.9966085,0.4635253,0.22078027
24692,0.65879375,1.8373489,0.5555795,0.26942712
24693,0.557663,2.1493444,0.26320916,0.240602
24694,0.7450283,1.9851896,0.45291376,0.24263307
24695,0.42101702,2.0602899,0.5520669,0.23826806
24696,1.2886752,2.991605,0.61493874,0.41560808
24697,0.28742993,2.1626139,0.25027895,0.38351533
24698,0.35056087,0.7730278,0.54610074,0.28899586
24699,0.331582,1.9097,0.60362923,0.18796696
24700,0.5624292,2.8642433,0.28294745,0.23991916
24701,0.4751755,1.1417428,0.519498,0.40893584
24702,0.56307954,1.6624556,0.48221996,0.38525742
24703,0.43062034,1.3485831,0.3754586,0.63787436
24704,0.5675877,1.9391842,0.44375855,0.16945979
24705,1.299611,2.9573524,0.73194057,0.4062066
24706,0.50062716,1.733633,0.51381534,0.37109637
24707,0.4112629,0.6170101,0.44150043,0.27423984
24708,0.69049597,1.4689767,0.37989458,0.25571308
24709,0.31980112,1.195907,0.4540503,0.22771136
24710,0.28924167,1.9625715,0.28817004,0.18509346
24711,0.52995,0.9998138,0.2581407,0.47982296
24712,0.39462674,1.7302463,0.28704005,0.23437434
24713,0.41688475,2.38673,0.6689778,0.22434065
24714,0.42421365,2.2177308,0.46709383,0.49983993
24715,0.62564725,1.7221476,0.55896676,0.15660693
24716,0.7752749,2.8208728,0.46550053,0.31274047
24717,0.7445998,2.3759465,0.2855531,0.38832423
24718,0.54839766,1.3858575,0.60218376,0.61655664
24719,0.52544504,1.0614138,0.5995604,0.51306987
24720,0.32632604,1.1606195,0.32309535,0.30561435
24721,0.48310068,2.2148836,0.4504287,0.40122533
24722,0.34971622,2.2842433,0.3779986,0.292639
24723,0.30990395,0.75612766,0.6344245,0.17532524
24724,0.7456792,2.462423,0.51766,0.5182157
24725,0.5095519,2.0772367,0.4748583,0.18798791
24726,0.4843879,2.6591277,0.51466817,0.21711786
24727,0.33993012,0.87296796,0.82781595,0.28866586
24728,0.46124643,0.8912752,0.45131856,0.43408647
24729,1.3974941,2.4226153,0.3537008,0.31024373
24730,0.29660544,1.3088424,0.31224936,0.3781968
24731,0.31873593,0.51541066,0.873465,0.27218106
24732,0.4528925,1.3125217,0.25560012,0.32866183
24733,0.47217676,0.949076,0.29112002,0.46967614
24734,0.3344531,2.2887707,0.29582414,0.17886321
24735,1.2595394,1.7670255,0.52371264,0.45944935
24736,1.0544415,2.3804817,0.50298566,0.6695398
24737,0.25058416,1.208575,0.40055487,0.51226765
24738,0.6822662,1.872471,0.32785234,0.57157964
24739,1.1463255,2.5702574,0.3262782,0.6486345
24740,0.3236964,1.2669274,0.28853408,0.27548912
24741,0.5091812,1.1179105,0.32845056,0.4788765
24742,0.5814674,1.3848397,0.25731045,0.17901933
24743,0.5832081,2.923092,0.5181672,0.1842143
24744,0.37859777,2.1533382,0.43778375,0.2354867
24745,0.2995138,1.4656868,0.50147665,0.28363743
24746,0.32091537,1.1617019,0.5587357,0.43180236
24747,0.26273602,1.8341068,0.2976268,0.35527065
24748,1.3394893,2.720465,0.7013957,0.20383126
24749,0.41678554,2.815219,0.30744994,0.34575212
24750,0.2934815,1.4610279,0.4558153,0.20721251
24751,0.29854387,2.5917015,0.3841516,0.28559318
24752,0.8512229,2.4562125,0.6906484,0.44479793
24753,0.36779383,0.8583846,0.52172834,0.54348063
24754,0.32870373,0.7932797,0.4473887,0.52268547
24755,0.5414119,2.3231568,0.3031901,0.17832221
24756,0.41771826,0.8006466,0.6354112,0.3690067
24757,0.25728232,2.043163,0.52506673,0.35591564
24758,1.0502732,2.348692,0.4195533,0.33409318
24759,0.7176181,2.4944181,0.26336947,0.28928864
24760,0.52379435,1.3993349,0.5579256,0.3297562
24761,0.44758242,1.9439192,0.44746223,0.38362706
24762,0.27038422,2.034,0.3119738,0.41741887
24763,1.5992273,2.3503332,0.43840992,0.32157058
24764,0.99020994,2.6293106,0.6214257,0.59702057
24765,0.29716882,1.61671,0.41807726,0.35321817
24766,0.4534343,1.6432657,0.2880911,0.48450267
24767,0.40301278,1.0199476,0.7331915,0.3150073
24768,1.0238477,2.9525874,0.46399105,0.3890747
24769,0.48022345,1.4148307,0.43546978,0.20211928
24770,0.46216542,1.806203,0.46992043,0.40532312
24771,0.6123332,0.947393,0.75341654,0.19751441
24772,0.4794582,1.5828677,0.3440416,0.26992494
24773,0.33524796,1.7674522,0.3148479,0.5969596
24774,0.39372712,0.83223486,0.36183932,0.24435554
24775,0.3393935,2.1989021,0.3851727,0.31290305
24776,0.34770122,1.1307826,0.33880776,0.20172268
24777,0.357931,1.9292142,0.47328097,0.2581438
24778,0.2873909,2.009183,0.5236301,0.39460728
24779,1.0114324,2.702521,0.27767038,0.19676703
24780,0.672775,2.1458433,0.28686032,0.23185478
24781,0.26329005,1.1991038,0.3098578,0.29688606
24782,0.2501982,0.831773,0.3085695,0.3199018
24783,0.3127919,1.0533643,0.71211225,0.62939537
24784,0.26438206,2.5244977,0.4591186,0.64387596
24785,1.0126339,2.059646,0.6339726,0.2169477
24786,1.134214,2.7571144,0.4975092,0.4626544
24787,0.6488169,2.6718256,0.37747687,0.40222865
24788,0.38969952,0.7951083,0.568331,0.5563093
24789,0.6981268,1.9676918,0.32345113,0.31385309
24790,0.32590014,1.4320766,0.5789014,0.19555719
24791,0.6452779,1.5513163,0.3871326,0.28232706
24792,0.47770473,1.659863,0.34756932,0.27672154
24793,0.33591017,1.7909714,0.289001,0.2624191
24794,0.51598233,1.9882145,0.41174656,0.8405991
24795,0.77060777,2.2184067,0.46807855,0.2982814
24796,0.4914685,0.8859089,0.6178783,0.55409503
24797,0.5441897,1.5876869,0.77570856,0.4151357
24798,1.3102903,2.229826,0.4896336,0.46409696
24799,0.85334677,2.6399474,0.2676878,0.17409915
24800,0.48372743,2.6703453,0.400945,0.30591193
24801,0.3972617,1.598486,0.3979249,0.59333247
24802,0.30183607,1.5287553,0.38867736,1.0473244
24803,0.37951905,0.6693394,0.42719725,0.3270154
24804,0.9714728,2.2608852,0.32891113,0.25965306
24805,0.26168275,1.6435846,0.29943356,0.22416708
24806,0.3031335,0.8835976,0.39602154,0.5470803
24807,0.2572888,0.95985484,0.29041055,0.36339122
24808,0.5983861,1.5759027,0.52038926,0.50675374
24809,0.5134037,1.972863,0.2849048,0.56948465
24810,0.42847896,2.1751306,0.38975933,0.33373168
24811,0.33682096,0.8552611,0.3798157,0.2402229
24812,1.2406456,1.9094144,0.3809029,0.456356
24813,0.31277442,2.0080783,0.42953432,0.25068903
24814,0.35495228,2.0914433,0.39481717,0.34039518
24815,0.49428645,1.3339461,0.7482917,0.57754153
24816,0.49013007,1.9379278,0.61762077,0.19737554
24817,0.59023184,2.9091353,0.6013783,0.20725521
24818,0.7939468,1.7002444,0.62105924,0.5938995
24819,0.597029,1.1107694,0.7138279,0.6276418
24820,0.67733055,2.2197359,0.5464511,0.691941
24821,0.6198885,2.129259,0.5252535,0.27053908
24822,0.38471776,2.4559567,0.29206914,0.17846364
24823,0.49230036,1.6032947,0.4872116,0.35220644
24824,0.3319186,0.85428834,0.44895232,0.35739082
24825,0.29725665,2.1710644,0.38823977,0.30134282
24826,0.47076517,2.7316866,0.3073968,0.23040624
24827,0.66159177,2.3134303,0.55393136,0.48499325
24828,0.31271225,1.4438664,0.25639293,0.87285423
24829,0.34033868,1.2338283,0.6695417,0.15929447
24830,0.6296489,2.2395766,0.3032831,0.32946062
24831,0.59949136,1.6908484,0.30532438,0.23188986
24832,0.48381692,1.8055866,0.69100875,0.46654704
24833,0.3526802,0.5582337,0.5292551,0.25654536
24834,0.4353542,0.7357561,0.88583404,0.47953779
24835,0.32704592,1.0338272,0.5305517,0.38112497
24836,0.30076772,1.6414378,0.45996052,0.24343236
24837,0.45165217,2.3546658,0.33956096,0.19983286
24838,0.61028683,1.021932,0.3743228,0.30312723
24839,0.47625643,2.8121583,0.25493714,0.4310319
24840,1.0203837,2.647674,0.8761186,0.5992129
24841,0.36084753,1.6899917,0.49158788,0.16344033
24842,0.33171737,1.2844471,0.37247813,0.34526348
24843,0.41077936,2.6955872,0.25689188,0.70170027
24844,0.4540752,1.3108935,0.26485807,0.32190412
24845,0.4123595,1.1640748,0.30267534,0.2087864
24846,0.28358912,2.897308,0.59781355,0.8074657
24847,0.3173492,1.4749966,0.34169805,0.22922367
24848,0.34380582,1.5561923,0.27196667,0.21546778
24849,0.690508,2.379327,0.26389372,0.1702279
24850,1.1236502,2.8963416,0.6192803,0.20340984
24851,0.919567,1.8264378,0.6667929,0.22086434
24852,0.63453686,2.4836695,0.43750632,0.16021827
24853,0.6224098,1.1781754,0.40638712,0.33546618
24854,0.29300356,1.4911954,0.3702284,0.27810183
24855,1.1009035,2.9039733,0.57163316,0.25873563
24856,0.29608598,1.8327285,0.2994297,0.251314
24857,0.2707189,1.1990956,0.46409625,0.33339238
24858,0.35368997,2.4652877,0.7608669,0.2509657
24859,0.31840384,1.5418688,0.30705702,0.23572047
24860,0.43162328,1.6096776,0.2967629,0.27880445
24861,0.25416622,1.7633595,0.28296646,0.29618862
24862,0.70655537,1.7062441,0.54243755,0.2504165
24863,0.36387974,1.2314988,0.29447615,0.3277108
24864,0.25050735,1.9595134,0.34444627,0.16114336
24865,0.33943596,1.5746654,0.40964177,0.44782934
24866,0.901962,1.8487234,0.8791502,0.24891986
24867,0.3327023,2.3047898,0.35256493,0.15252236
24868,0.26073965,0.77903944,0.38814175,0.38481683
24869,0.33970395,2.0479407,0.44960645,0.32315734
24870,0.6342817,2.127684,0.3910905,0.5481406
24871,0.83010185,2.4737265,0.3020731,0.42681837
24872,0.3386538,1.5313839,0.30765268,0.38360965
24873,0.3602763,1.8914759,0.42829075,0.28587872
24874,0.57871073,2.8963857,0.2848252,0.5078316
24875,0.38209763,1.6710697,0.50114226,0.1602657
24876,0.63511866,2.6647553,0.72721106,0.30802596
24877,0.2564471,1.429545,0.5676356,0.29362273
24878,0.33662993,1.2980567,0.28653535,0.2799142
24879,0.61845016,2.2097728,0.28090912,0.41425186
24880,0.68104446,2.1069639,0.3199308,0.5061087
24881,0.27813312,1.8580122,0.3632153,0.4072732
24882,0.48320103,1.3180844,0.55563307,0.22371285
24883,0.2662709,0.8127001,0.33282217,0.58307046
24884,0.29050997,1.5812614,0.33747977,0.3157304
24885,0.68792826,1.4126668,0.6438199,0.4358312
24886,0.41598457,2.4835815,0.39529923,0.23824215
24887,0.33579788,1.3541526,0.43243736,0.38136402
24888,0.25218472,1.3850781,0.43541643,0.5235043
24889,0.6097031,1.7770243,0.60924554,0.16208632
24890,0.41825438,2.0413148,0.39459577,0.25605616
24891,0.2537956,1.5628747,0.40641767,0.25275707
24892,0.28754616,1.6681994,0.3659118,0.34213856
24893,0.3371717,0.9084677,0.31612396,0.45414937
24894,0.3540438,2.5710375,0.3139878,0.3355025
24895,0.659837,2.2004745,0.7206192,0.17342825
24896,0.43209216,2.0666406,0.33649066,0.3108683
24897,1.3880258,2.4954908,0.6750273,0.2545104
24898,0.35902926,1.3364061,0.2939651,0.33772418
24899,0.398116,2.565234,0.28128114,0.7780417
24900,0.35228392,2.595505,0.33048666,0.17347102
24901,0.46909606,2.6953523,0.37233177,0.3523741
24902,0.6087741,2.5055163,0.42855945,0.16573486
24903,0.4123389,0.5720011,0.49480242,1.0572923
24904,0.4101999,2.079173,0.27204728,0.5764674
24905,0.34921315,0.7102833,0.3248641,0.21106736
24906,0.78949887,2.0257063,0.29763022,0.4215694
24907,0.4263053,2.3138328,0.35533756,0.46681604
24908,0.5120698,1.8776511,0.32029957,0.19776715
24909,0.9581414,1.3701533,0.4240526,0.677093
24910,0.3500475,1.2798432,0.41105136,0.33556214
24911,0.721828,1.9092945,0.42780203,0.28974193
24912,1.0836381,2.3845882,0.5993525,0.30641663
24913,0.28759778,2.3962948,0.30436915,0.20878042
24914,0.863602,2.4034066,0.28788888,0.28775078
24915,0.5693926,1.9830793,0.32371792,0.15309139
24916,0.36696696,2.4687626,0.2513513,0.17129707
24917,0.62651825,2.5396507,0.37328246,0.32159767
24918,0.28259778,0.70797825,0.3758054,0.53917193
24919,0.5726211,2.410932,0.4944372,0.23003614
24920,0.29208082,1.4793593,0.31087363,0.19499733
24921,0.25682938,1.5386714,0.32415107,0.85434914
24922,0.26315105,0.70783556,0.25464103,0.31683442
24923,0.72397244,1.6702626,0.6826718,0.6334123
24924,0.50460315,1.7077042,0.29316723,0.37946013
24925,0.36029893,2.2595897,0.26057947,0.1728648
24926,0.35368592,1.4054132,0.34297812,0.24572802
24927,0.2654407,1.6597872,0.43057415,0.27956542
24928,0.35650364,1.5236996,0.27582353,0.32766443
24929,0.6488154,2.6769357,0.40338302,0.18414372
24930,0.40071514,1.3779141,0.33161846,0.21708877
24931,0.29187393,2.4419847,0.36167243,0.34003055
24932,0.3697727,1.6842887,0.47436762,0.3983028
24933,0.62058055,1.4378724,0.5734088,0.16088514
24934,0.37154377,1.433958,0.38489264,0.4103425
24935,0.3504264,0.53942585,0.5024394,0.3811063
24936,0.5861393,2.8617208,0.46077996,0.70841223
24937,0.3948313,1.4554158,0.4238098,0.15346932
24938,0.3705086,0.9657439,0.47749516,0.59494436
24939,0.82168025,1.7221692,0.38585937,0.2781611
24940,0.26826513,0.6942254,0.50110364,0.2122106
24941,0.3923909,2.3654552,0.34884658,0.37795535
24942,0.35569963,0.7738243,0.402278,0.37549716
24943,0.47634757,2.2167757,0.37601718,0.59587204
24944,0.29480845,2.1180952,0.31815374,0.32355446
24945,0.6848815,2.1341596,0.3042231,0.35186365
24946,0.44874495,1.0201603,0.28101084,0.2619624
24947,0.35494533,2.353693,0.62750405,0.42178738
24948,0.37918282,1.5896333,0.4204183,0.5844261
24949,0.5114871,1.7166574,0.2814976,0.51941955
24950,0.30241695,0.74062705,0.42945722,0.41694978
24951,0.32489175,1.9171643,0.49845153,0.42359406
24952,0.2895477,0.7765835,0.27490893,0.5888078
24953,0.92274797,1.6311244,0.51439,0.22272123
24954,0.745746,1.7983648,0.31557226,0.5546007
24955,0.4561556,1.5904342,0.46978647,0.21732506
24956,0.37887853,2.3891258,0.38460585,0.21334165
24957,1.1931347,2.8585896,0.7385606,0.511837
24958,0.4637325,2.3983002,0.27463868,0.3304778
24959,0.5582792,2.5983174,0.5165456,0.18939787
24960,0.88319224,1.4356858,0.5550763,0.48669538
24961,0.8299604,2.578432,0.57978463,0.45382828
24962,1.0195609,2.7586188,0.75161225,0.7716434
24963,0.3106234,1.8527188,0.3120916,0.17161213
24964,0.7202612,2.9912105,0.31496423,0.2392413
24965,0.39888588,0.8881421,0.28718823,0.22110176
24966,0.6774321,2.426271,0.2775788,0.35739994
24967,0.3447931,1.375167,0.34528783,0.21020928
24968,0.2578831,1.1215752,0.27354822,0.23917297
24969,0.2826087,1.6237736,0.39997107,0.27660486
24970,0.4839805,1.1725975,0.5597353,0.78425545
24971,0.50811327,2.1476817,0.481956,0.25756308
24972,0.28558594,1.6708442,0.6796787,0.46543428
24973,0.2874098,1.6950796,0.43526453,0.6852205
24974,0.5065047,2.3667517,0.47362748,0.27971423
24975,0.29485545,1.7438293,0.40706545,0.42223224
24976,0.35776475,2.3080695,0.5939814,0.4696773
24977,0.82813114,1.1829697,0.6429798,0.53594327
24978,0.41801184,2.1429076,0.4768061,0.2983592
24979,0.4374895,1.9653484,0.43798825,0.20603879
24980,0.37402293,1.4444824,0.31136292,0.15938243
24981,0.91269726,2.9569523,0.54090786,0.5026421
24982,0.64217556,2.3808908,0.4341476,0.27536175
24983,0.3432393,0.8679296,0.33248368,0.55965585
24984,0.5972728,2.614082,0.33259687,0.21177286
24985,0.25126907,0.63813037,0.31861424,0.5027266
24986,0.37238514,0.6504897,0.47497365,0.26303202
24987,0.26389217,1.3597485,0.37332496,0.36114642
24988,0.9659108,2.627697,0.62931514,0.4657748
24989,0.57191086,1.663251,0.34638494,0.48574457
24990,0.2916623,1.7435025,0.42457077,0.20537907
24991,0.2535957,1.4741038,0.6781942,0.15043712
24992,0.26268587,0.59946585,0.77538335,0.5262306
24993,1.0518028,2.2866566,0.7243846,0.40186802
24994,0.44903126,1.6765785,0.6957601,0.307163
24995,0.7686018,1.9178119,0.34661216,0.2856421
24996,0.6898457,1.118652,0.39278802,0.2397676
24997,0.80774343,1.2255251,0.32425305,0.71683955
24998,0.7379344,1.9706627,0.5534495,0.46606383
24999,0.64386076,2.6889567,0.54270196,0.30201024
25000,0.43455788,0.9133058,0.61703986,0.7334398
25001,0.72038376,1.002603,0.36684668,0.6321733
25002,0.36792597,0.8601939,0.7361846,0.5615602
25003,0.7912242,2.8528876,0.26179245,0.28063673
25004,0.7290587,1.7350153,0.47941065,0.517101
25005,0.25358924,1.6704746,0.36234275,0.27814123
25006,0.2957436,0.6732031,0.3232505,0.63058025
25007,0.30684334,1.6367366,0.34048545,0.31338584
25008,0.26094887,0.51101214,0.424946,0.17291427
25009,0.25833336,1.8743812,0.36147025,0.2342912
25010,0.42694846,1.614604,0.4007214,0.40683287
25011,0.342337,1.6974068,0.30517578,0.52017933
25012,0.25682363,0.48768756,0.80417764,0.70890886
25013,0.67345184,2.5747933,0.32717553,0.29920435
25014,0.41987497,2.9304717,0.6406454,0.20376764
25015,0.75833726,2.454212,0.35941517,0.3235185
25016,0.2745649,1.5928746,0.51945734,0.33224887
25017,0.48903856,2.2587695,0.2754677,0.62677306
25018,1.2167318,2.7025282,0.672683,0.45336822
25019,0.6463719,1.6404407,0.47357467,0.4340621
25020,0.2577514,0.8176549,0.38782364,0.64378536
25021,0.6043325,2.126721,0.59246206,0.2073804
25022,0.27253813,0.6630153,0.37729844,0.3220778
25023,0.3207738,1.2463818,0.37341073,0.42907992
25024,0.5483969,2.6575005,0.39421883,0.2940847
25025,0.46841308,1.8652542,0.5194954,0.18203935
25026,0.45464474,2.047069,0.30326766,0.18225902
25027,0.9611173,2.7789888,0.37440926,0.2120368
25028,0.3183899,1.9501978,0.3158209,0.17447534
25029,0.3923799,2.131541,0.2987922,0.21460664
25030,0.2878234,1.3667248,0.5343075,0.26962352
25031,0.3163817,2.7839632,0.3186354,0.37561864
25032,0.29157853,1.5803883,0.47201553,0.24498247
25033,0.36132264,2.8545423,0.29691797,0.36672312
25034,0.2857376,0.66574377,0.4700899,0.4095311
25035,0.5301114,2.1901522,0.78633064,0.50012916
25036,1.4215682,2.2321982,0.78360903,0.21107289
25037,0.40924922,1.1153793,0.26883748,0.46178707
25038,0.27849275,0.70869327,0.29366133,0.5841083
25039,0.25348836,0.7653832,0.5044259,0.46119133
25040,0.7498838,2.730867,0.4427317,0.18555607
25041,0.32024187,2.1143687,0.2634024,0.16696943
25042,0.28915066,1.1798973,0.32039112,0.26907408
25043,0.30341315,0.8747284,0.41690403,0.37513268
25044,0.38912106,2.740484,0.25508606,0.5439312
25045,0.31826895,1.345732,0.4556647,0.35788056
25046,0.7382693,1.7565681,0.57771903,0.50959
25047,0.6129817,2.4357653,0.3202383,0.41132888
25048,0.28590575,2.1604774,0.445481,0.4978944
25049,0.59415275,1.3903034,0.2664875,0.4785894
25050,0.79199815,1.8714525,0.7751444,0.38724196
25051,0.36168715,0.66155416,0.26953146,0.3171169
25052,0.35198638,1.2526132,0.6419402,0.89358824
25053,0.39145938,1.7428813,0.25645396,0.35055447
25054,0.97240245,2.993683,0.6298173,0.25347692
25055,0.2504918,1.8573815,0.6232879,0.3556353
25056,0.27605277,1.660673,0.54142207,0.2723659
25057,0.3718926,2.847269,0.39266515,0.36693898
25058,1.2619934,2.8632362,0.64693195,0.29791135
25059,0.42618698,1.9609886,0.4052916,0.29525742
25060,0.5628951,1.6997148,0.41153678,0.27366957
25061,0.61205673,2.1213548,0.5597168,0.18141931
25062,0.35892007,2.323062,0.39839134,0.57776517
25063,0.25388044,1.0043436,0.56462854,0.32465613
25064,0.33642432,1.2954544,0.2527406,0.1811452
25065,0.40378305,2.131924,0.2969176,0.16910522
25066,0.40496963,1.0220871,0.4723426,0.52575153
25067,0.61641324,2.7373626,0.27518544,0.21035455
25068,0.27007356,2.0339456,0.2775358,0.50611854
25069,0.7323536,2.198576,0.40921715,0.38993886
25070,0.7937952,2.8663974,0.51953286,0.46993896
25071,0.76864225,1.0460694,0.60419893,0.40219527
25072,0.42940015,2.8465476,0.4127945,0.66091
25073,0.3557605,0.69785464,0.502505,0.45807958
25074,0.6681599,2.0211754,0.40377346,0.5728374
25075,0.86470735,2.4887764,0.2651413,0.37625393
25076,0.38267624,1.3153386,0.26310602,0.15418023
25077,0.95364434,2.6463466,0.4855302,0.45135388
25078,0.32091707,1.2666975,0.28968388,0.5221609
25079,0.4507047,1.6119447,0.5129924,0.5934955
25080,0.3767587,1.4804943,0.25563568,0.5945781
25081,0.36061904,0.84908015,0.38088575,0.25253606
25082,0.33487877,0.5030888,0.3782905,0.7901494
25083,0.4433988,2.1743095,0.37609503,0.25584593
25084,0.6185055,1.9532338,0.39278635,0.439375
25085,0.6686854,2.7980678,0.38796067,0.35641074
25086,0.25021476,1.2839397,0.2583265,0.6010128
25087,0.95114267,2.6019745,0.6568248,0.16514683
25088,0.82671565,2.8257017,0.7163933,0.5541907
25089,1.1008066,2.2516937,0.31270024,0.38897732
25090,0.6183712,2.220979,0.32883,0.83518857
25091,0.5610454,2.0809224,0.39761066,0.17140336
25092,0.5059341,1.5466583,0.33477628,0.597575
25093,0.37190545,0.5260989,0.39411098,0.6886373
25094,0.44740614,2.189013,0.32524034,0.29396865
25095,0.83842623,2.0433114,0.33532843,0.47135684
25096,0.49868226,2.4082456,0.37426403,0.5092214
25097,0.58320844,2.1592355,0.31066227,0.4225908
25098,0.47357124,2.4592886,0.54943573,0.44765097
25099,0.69235474,1.8273798,0.5363174,0.4878756
25100,0.8385039,2.9726164,0.6359913,0.16407594
25101,0.5020612,1.9034581,0.29499352,0.22969668
25102,0.45014006,2.1458874,0.31489515,0.47106114
25103,0.3170976,0.9879297,0.4365551,0.50898546
25104,0.5309585,1.9465264,0.33220845,0.18588784
25105,0.30348936,1.3285584,0.26967165,0.92682546
25106,0.28447986,1.6241733,0.39583126,0.17058714
25107,0.73559576,2.4500427,0.6376253,0.39054537
25108,0.2540352,0.9696131,0.31183362,0.35323378
25109,0.39152423,2.0561912,0.5463566,0.39168128
25110,0.35087156,1.8983064,0.30914378,0.18758805
25111,0.39254445,2.486231,0.32550925,0.22071484
25112,0.7147765,1.8823438,0.2528958,0.2724538
25113,1.357413,2.0363626,0.52215016,0.25505048
25114,0.25029683,0.4933247,0.32229504,0.3396994
25115,0.4355358,0.88606924,0.7035534,0.42640644
25116,0.26858076,1.1056663,0.57612646,0.37841296
25117,0.25776657,1.5333673,0.36520386,0.29940832
25118,0.38136074,1.8511456,0.57630295,0.37227866
25119,0.954571,2.523857,0.40084204,0.41140255
25120,0.516536,1.932675,0.2707201,0.5929402
25121,0.4304413,0.8495565,0.271569,0.41082877
25122,0.65514535,2.770753,0.30779326,0.19800934
25123,0.3530696,0.7168464,0.4979819,0.5005007
25124,0.4311466,2.3178337,0.2582168,0.23451519
25125,0.28766418,2.1768918,0.40396282,0.15724808
25126,0.6935568,2.4808214,0.48646042,0.18321793
25127,1.3350085,2.6107428,0.3187095,0.2890782
25128,1.078823,1.8941158,0.72159356,0.55375445
25129,0.364659,2.0788074,0.32175466,0.19709225
25130,0.36159402,0.9462739,0.2614739,0.38562185
25131,0.6251626,1.7124497,0.44296682,0.61133593
25132,0.6188189,2.411188,0.2819488,0.16169621
25133,0.2567046,0.93699545,0.627967,0.17629296
25134,0.34327823,1.6767073,0.42767984,0.26409754
25135,0.58671385,2.7364597,0.6320337,0.17804402
25136,0.2891557,1.5837914,0.2958203,0.2377929
25137,0.28298843,1.5092791,0.26146808,0.44406652
25138,0.28231642,1.0579387,0.45034444,0.38408592
25139,0.34509653,1.1560307,0.43862244,0.31142804
25140,0.27475435,1.0911479,0.27093208,0.29832494
25141,0.4843431,2.0422435,0.5801443,0.23209953
25142,0.74488497,1.6843224,0.5115353,0.31936044
25143,0.2978343,0.70925206,0.3685631,0.40815344
25144,0.50515133,1.1557957,0.40595743,0.1745721
25145,1.0331186,2.916156,0.5794596,0.47345167
25146,0.56530625,1.6212332,0.51457846,0.25272647
25147,0.27744302,2.3153965,0.5496888,0.2193449
25148,0.29250237,1.0329132,0.33510768,0.43567684
25149,0.26074722,1.8208156,0.27210543,0.43255174
25150,0.28362384,1.5766218,0.27103618,0.6728774
25151,0.25274187,1.1667235,0.4634318,0.20457713
25152,0.47665843,1.1100826,0.35017496,0.31646666
25153,0.48431474,0.8488004,0.39431047,0.34621254
25154,0.44928324,1.8910875,0.38534734,0.4310424
25155,0.87307894,2.2302234,0.63997734,0.2911844
25156,0.7917151,1.2848804,0.721262,0.34907556
25157,0.53891003,2.339571,0.35489866,0.2751186
25158,0.2539057,1.6825652,0.36600408,0.19551156
25159,0.42413422,1.2995574,0.33273414,0.3488578
25160,0.27442667,2.4392724,0.46390593,0.31189603
25161,0.5688956,2.0388436,0.31282344,0.21749453
25162,0.7941633,1.983929,0.90271944,0.6641523
25163,0.5301238,1.3484632,0.86911994,0.28576276
25164,0.83182555,1.8487835,0.47814754,0.16360658
25165,0.25422388,1.2066319,0.39118254,0.3049404
25166,0.9416005,1.4712337,0.47329083,0.6532108
25167,0.4287986,2.777227,0.5224327,0.41685927
25168,0.59607553,1.0292318,0.33411658,0.7780358
25169,0.39900076,2.4612312,0.5205699,0.3190032
25170,0.27606115,2.4529982,0.43024582,0.35709688
25171,0.26428258,1.5488949,0.3253959,0.56180274
25172,0.71310514,2.4417937,0.2637164,0.49740306
25173,0.3537617,1.0163519,0.40853602,0.28911313
25174,1.0935664,2.9620209,0.89314276,0.5601885
25175,0.60984194,2.411603,0.44595838,0.54751796
25176,0.5506321,2.7516916,0.5119569,0.3405616
25177,0.5418671,2.370475,0.26756218,0.18730752
25178,0.46263948,1.4299048,0.66410446,0.75429046
25179,0.2604454,2.1655583,0.40516612,0.39578855
25180,0.301004,0.9441422,0.36688498,0.30752712
25181,0.8457963,1.8719294,0.2720253,0.25718424
25182,0.71965265,2.7698514,0.5567994,0.21367514
25183,0.7020561,2.2863917,0.37499967,0.6627139
25184,0.2557487,1.637209,0.6095452,0.40741962
25185,0.32616884,2.1282918,0.41332614,0.28747055
25186,0.45037565,2.51224,0.36892217,0.2065714
25187,0.83090883,2.6304603,0.302264,0.3101856
25188,0.35861388,0.6068758,0.37434548,0.52639776
25189,0.4588078,1.6419964,0.5619041,0.24051581
25190,1.2341384,2.2804325,0.43551606,0.16773394
25191,0.41311932,0.8380829,0.35269287,0.20371525
25192,0.3492282,1.130408,0.5106992,0.45900697
25193,0.30855498,0.78315306,0.63595366,0.49773106
25194,0.5951564,2.3872764,0.48521343,0.15432702
25195,0.5815457,2.4095047,0.25030386,0.24768145
25196,1.2905307,2.4998662,0.7155766,0.40676546
25197,0.5216605,2.145053,0.27110517,0.6532873
25198,0.63935024,2.5697443,0.30302826,0.82426775
25199,0.46171623,2.011443,0.43135586,0.16514511
25200,0.26144803,1.2580831,0.29957175,0.15447153
25201,0.4705457,2.2691872,0.76516664,0.16254838
25202,0.64821273,1.9214876,0.5135089,0.57939345
25203,0.6347875,1.6119368,0.55260426,0.2718598
25204,0.30167416,1.6301043,0.34904712,0.16291474
25205,0.7159001,1.8994925,0.32647595,0.20470215
25206,1.3741301,2.9173944,0.36051235,0.59556115
25207,0.7638699,1.8755664,0.32871675,0.22164483
25208,0.26620713,2.4106076,0.6344063,0.2530423
25209,0.27795336,2.4719532,0.50097436,0.6784932
25210,0.519358,1.3453559,0.4469696,0.30376637
25211,0.3394614,0.9104083,0.48098522,0.4221504
25212,0.5159262,2.6504302,0.6250183,0.20269509
25213,0.57705647,1.5447903,0.32999003,0.39487794
25214,0.27053243,1.7819487,0.4209635,0.29832786
25215,1.1245593,2.059019,0.56562793,0.5128223
25216,0.47243327,0.96072924,0.31525174,0.6133367
25217,0.5986666,1.8860896,0.40062582,0.19207647
25218,0.6380734,1.776906,0.31847584,0.8251799
25219,0.2789613,1.1808419,0.25701144,0.39255998
25220,0.69569093,2.7271,0.5241832,0.3791175
25221,0.55297905,2.738054,0.29733765,0.50010794
25222,0.30058235,1.3855728,0.36627612,0.57137215
25223,0.40483287,1.0298319,0.54024595,0.67551976
25224,0.52498454,1.6899827,0.27070057,0.38456076
25225,0.5086892,2.0567074,0.41828394,0.33755296
25226,0.894421,2.6458948,0.4952493,0.25122303
25227,0.39010715,1.8047887,0.64935535,0.240432
25228,0.38180923,0.7246102,0.75708425,0.5739381
25229,0.48168382,1.809024,0.4212001,0.18793622
25230,0.2630863,0.63688266,0.39073098,0.58926606
25231,0.52949154,1.6460681,0.2762961,0.488343
25232,0.33813983,1.3946097,0.47971117,0.16514651
25233,0.2537345,2.1272964,0.27750072,0.4994172
25234,0.7541887,2.5817068,0.34276494,0.6501449
25235,0.4128097,2.9773135,0.28823805,0.52459276
25236,0.80008376,2.9005435,0.4211729,0.30269915
25237,0.5435419,1.1681002,0.3397714,0.3564562
25238,0.25074294,0.56973296,0.39614403,0.854492
25239,0.59682304,2.4134638,0.47873023,0.1809368
25240,0.94983536,2.531624,0.47537282,0.48304823
25241,0.7151191,2.3871694,0.43559393,0.30742118
25242,0.29109073,2.3518107,0.29538888,0.52564466
25243,0.5043925,1.9418422,0.33598208,0.27638558
25244,0.26935157,0.97802186,0.61424685,0.20837437
25245,0.7096211,1.7231319,0.27669343,0.6765039
25246,0.4214958,1.1835785,0.52244973,0.30413178
25247,0.68575823,2.9720013,0.26427567,0.1580386
25248,0.33482173,1.5887183,0.64069897,0.19519298
25249,0.91155326,2.6679535,0.2811715,0.80386996
25250,0.26113534,2.6452487,0.47582358,0.21404567
25251,0.8122284,2.6584897,0.4961447,0.21978958
25252,0.34358138,0.9767407,0.71327066,0.203701
25253,0.33750096,1.6492412,0.2612793,0.50283754
25254,0.34360752,0.78682196,0.2936705,0.41607618
25255,0.46383902,2.4750483,0.2774873,0.34361708
25256,1.4409641,2.7295105,0.85473126,0.3853473
25257,0.86730784,2.863763,0.43635398,0.55764186
25258,0.2588634,0.9991101,0.33327103,0.6852161
25259,0.5609381,2.8473155,0.2554953,0.7847735
25260,0.33481538,1.8075417,0.37975475,0.41628373
25261,0.59512836,1.9121817,0.3440725,0.42146465
25262,0.26292968,2.1732435,0.30892822,0.17951675
25263,0.33565506,0.7537331,0.25688985,0.69423795
25264,0.8342714,1.5916835,0.80753255,0.7474469
25265,0.6153974,2.0017648,0.68996626,0.15051457
25266,0.33149078,1.6359558,0.30431724,0.15154882
25267,0.6548072,1.8542321,0.3940248,0.21990235
25268,0.3019794,2.2495394,0.8528658,0.5060411
25269,0.5154575,2.3988636,0.48339963,0.24823615
25270,0.29969123,2.817367,0.2645911,0.32151216
25271,0.35454822,0.48578894,0.5384164,0.2739615
25272,0.6225923,2.9849827,0.4104099,0.34641302
25273,0.26515996,1.4265943,0.49173695,0.7400673
25274,0.25947693,1.045439,0.27756292,0.4312059
25275,0.41418782,1.5373867,0.49493536,0.35660502
25276,0.25823116,1.7033318,0.26838505,0.32784954
25277,0.6791387,1.569058,0.46534783,0.4316629
25278,0.33124042,0.7339458,0.39969277,0.5454641
25279,0.25850412,0.56351274,0.2803499,0.47044018
25280,0.30252945,2.8565872,0.45650375,0.31252724
25281,0.7855187,1.9077328,0.3833791,0.47651622
25282,0.65033954,1.7567555,0.3052906,0.25555316
25283,0.355117,1.7954466,0.37292585,0.4613266
25284,0.324027,2.8119733,0.31500226,0.7102758
25285,0.38538834,1.3898339,0.37610385,0.3504883
25286,0.35387212,2.6838703,0.4257691,0.15975407
25287,0.45137024,1.3080132,0.36931103,0.4548077
25288,0.35010445,1.322271,0.8147518,0.21566771
25289,0.34447125,1.3349748,0.3111872,0.41273674
25290,1.0758586,2.9597652,0.44918278,0.25939512
25291,0.277056,1.265289,0.2963172,0.7421383
25292,0.34533903,0.8497076,0.84894544,0.2442611
25293,0.26299447,1.1646551,0.5381058,0.2071482
25294,0.26103,2.5520155,0.3179954,0.2902872
25295,0.39246774,2.1911843,0.41276288,0.18539621
25296,0.3257271,2.0106182,0.30295503,0.15588586
25297,0.31229025,2.159668,0.30278426,0.47950876
25298,0.4426926,1.4945339,0.51181906,0.6685521
25299,0.37136224,2.304348,0.42436773,0.18510336
25300,0.77760726,2.9206998,0.4352078,0.20341292
25301,1.4336344,2.675126,0.26937243,0.2751404
25302,0.43322098,1.9910574,0.32591265,0.31048957
25303,0.30490854,2.084332,0.28622213,0.43143606
25304,0.5790405,1.0538476,0.35231525,0.461819
25305,0.49396825,2.4044344,0.45609188,0.16346306
25306,0.45629334,1.0187979,0.38987032,0.51502043
25307,0.33537915,1.6967473,0.26574594,0.16286209
25308,0.2973168,2.0306957,0.44123882,0.29738533
25309,0.4360238,2.2081363,0.41525427,0.19412895
25310,1.2640147,2.8507292,0.54857606,0.34072587
25311,0.49839935,1.8484472,0.41996706,0.3305516
25312,0.4669497,2.6670642,0.49649915,0.17958981
25313,1.3824835,2.7195294,0.49895793,0.7334403
25314,0.6464515,2.73254,0.3107693,0.5657517
25315,1.4775282,2.8267367,0.4820955,0.33801714
25316,0.37724257,1.0058331,0.28291076,0.20456211
25317,0.2658161,1.9992316,0.2997361,0.54424757
25318,0.32611743,0.8455274,0.5993277,0.3246725
25319,0.36018342,2.3935235,0.2762372,0.21262826
25320,0.57243955,1.7154076,0.32848504,0.4870567
25321,0.31144267,1.3931997,0.26464874,0.35721162
25322,0.26159477,0.527465,0.43978631,0.48644125
25323,1.0060723,2.7026381,0.5419423,0.4817518
25324,0.33480382,1.5251374,0.34660178,0.39708456
25325,0.6885418,1.5816435,0.48065484,0.195303
25326,0.584942,1.4692519,0.27400675,0.2773244
25327,0.42658973,1.9575909,0.3462655,0.19144036
25328,0.35456556,0.5780173,0.5849701,0.6260091
25329,0.53294945,2.0411806,0.6029044,0.19941992
25330,0.58972156,1.9885974,0.37513807,0.2714483
25331,0.80839497,1.2117975,0.46062335,0.2366543
25332,0.3454965,1.0252872,0.39272523,0.6859161
25333,1.0664722,2.8865888,0.27249563,0.41798162
25334,0.38789228,1.8297843,0.3323487,0.34579158
25335,0.47154227,1.4127047,0.37228408,0.20923333
25336,0.57618576,1.9219,0.2808128,0.3073877
25337,0.27848145,1.321726,0.48485956,0.40764812
25338,0.48476994,1.8873789,0.5597706,0.27373248
25339,0.4749886,2.1196806,0.59244776,0.25298128
25340,0.69088393,2.5291095,0.45132837,0.2938995
25341,0.33499315,2.5169551,0.28838173,0.21271195
25342,0.259992,1.1183667,0.39975682,0.2837403
25343,0.4358721,2.1162133,0.3143005,0.15168957
25344,0.39876512,1.3689125,0.2578985,0.42214185
25345,0.87104154,2.4198103,0.3245273,0.16969915
25346,0.7530903,2.919441,0.3587952,0.86827815
25347,0.2907678,0.6187486,0.6098396,0.36545724
25348,0.25764874,0.9702921,0.54142374,0.27027625
25349,0.58382076,2.1840189,0.2664682,0.15906204
25350,0.35043004,1.7127753,0.31713524,0.40995112
25351,0.3088434,2.116022,0.30022997,0.17775832
25352,0.8569947,2.9314606,0.44683665,0.16805431
25353,0.297893,1.2998523,0.45239255,0.25698695
25354,0.4700352,2.6695876,0.59362966,0.29875457
25355,0.5318402,1.5774362,0.43473378,0.4511633
25356,0.4859696,1.6479015,0.4483342,0.16185255
25357,0.4485448,2.0940223,0.27603593,0.3838211
25358,0.33455956,1.2128503,0.27847853,0.23443452
25359,0.8277695,2.6265297,0.2771263,0.2948464
25360,0.8758348,2.3218148,0.27700436,0.25093
25361,0.3540324,2.8654728,0.39942276,0.33303398
25362,0.3112505,2.47231,0.49497983,0.4184647
25363,0.5228347,2.0035775,0.5540666,0.36283344
25364,0.28857595,1.8825278,0.37814602,0.31559902
25365,0.3302671,0.95488983,0.41407686,0.21818589
25366,0.27281335,2.7461452,0.30566683,0.3427374
25367,0.36508083,1.3138251,0.3948882,0.2110643
25368,0.26504105,0.7301149,0.38957307,0.45206392
25369,0.6129192,2.119261,0.56473845,0.5705225
25370,0.35023087,0.83650607,0.3159159,0.18033198
25371,0.62334853,2.2019837,0.29347795,0.44895396
25372,0.6930565,2.3498812,0.29737464,0.54432917
25373,0.42255482,2.0678148,0.27150062,0.242585
25374,0.48781452,2.3392184,0.44435853,0.23720548
25375,0.54005146,1.8296292,0.7259701,0.18624657
25376,0.37383518,2.2422514,0.2745481,0.19260174
25377,0.29980645,0.82454675,0.5099104,0.7242707
25378,0.6319486,2.8931782,0.2933786,0.4634997
25379,0.27977052,0.98350453,0.39601249,0.2903912
25380,0.99632347,2.927645,0.6426912,0.42869964
25381,1.7638903,2.1877675,0.5488112,0.31437317
25382,0.25295672,1.2940753,0.5091315,0.16264845
25383,0.39576736,0.69294316,0.91307366,0.31638715
25384,0.33535308,1.4976672,0.4663957,0.7723867
25385,1.2648935,2.9882524,0.3649165,0.36527672
25386,0.73035294,2.1095884,0.3688363,0.4196418
25387,0.7415363,1.8859503,0.8874924,0.62831837
25388,0.6543687,2.2421312,0.52106154,0.29786658
25389,0.6401317,2.6977844,0.4419632,0.30980143
25390,0.38583237,1.8206341,0.3709506,0.17917293
25391,0.8345957,2.4871325,0.3310658,0.29005134
25392,0.47358197,2.0300295,0.80785453,0.6977553
25393,0.2559589,0.8119297,0.5636163,0.25306872
25394,0.448263,2.8283436,0.43338478,0.26944685
25395,0.4742632,1.7647425,0.4460081,0.33800182
25396,0.2684193,1.781615,0.37372077,0.3282392
25397,0.51219654,1.3374658,0.28368807,0.5240377
25398,0.34059203,1.8603348,0.315207,0.20383689
25399,0.27939638,1.6713591,0.4386184,0.2454671
25400,0.55191386,1.2821807,0.4629659,0.2637957
25401,0.25198284,2.4028938,0.2826219,0.418692
25402,0.27245504,0.89058256,0.2770617,0.58739275
25403,0.60368365,1.4814593,0.28919023,0.73196214
25404,0.6741612,2.7632306,0.7515606,0.32630065
25405,0.28084254,1.1997584,0.26416767,0.49444664
25406,0.5374702,1.4320276,0.3608107,0.49608052
25407,0.9361167,2.8367815,0.42238632,0.7367789
25408,0.610517,1.7864436,0.49269292,0.3338359
25409,0.39655024,2.312074,0.4296704,0.36291277
25410,0.31563178,1.6324383,0.47284794,0.3863234
25411,0.3783847,2.0176206,0.25300312,0.15810232
25412,0.27289867,1.405813,0.39057508,0.23723486
25413,0.36291882,1.0297769,0.35043877,0.823579
25414,1.0329719,2.4414244,0.75405675,0.18991782
25415,0.5121835,2.269294,0.5058758,0.34116644
25416,1.2350187,2.6816864,0.87230605,0.45094013
25417,0.30454987,1.7795082,0.5415683,0.20585273
25418,0.3174534,1.5649004,0.6596042,0.680974
25419,0.41742805,1.8001432,0.34658977,0.38475925
25420,0.2684823,1.57048,0.349371,0.19399834
25421,1.3903161,2.9029186,0.31704348,0.4281274
25422,1.0753162,2.2798047,0.38961846,0.3335787
25423,0.33883792,1.4286159,0.33642724,0.6873971
25424,0.43851304,1.6254684,0.39820603,0.26815936
25425,0.34854576,0.862359,0.8021709,0.60179675
25426,0.9476945,2.4370732,0.35874337,0.21403049
25427,0.27686733,1.9182826,0.30159447,0.4019383
25428,0.31950203,1.4253923,0.27235213,0.2900456
25429,0.37054506,1.0417476,0.40297005,0.3650663
25430,0.32318944,1.7291462,0.4541259,0.17081954
25431,0.32974827,2.8857343,0.2789066,0.17185125
25432,0.5466131,2.351711,0.34294373,0.2615439
25433,0.5294079,2.1700096,0.64054817,0.2516584
25434,0.3675956,2.313214,0.49505904,0.21560429
25435,0.5874332,1.0821176,0.7571995,0.56158054
25436,0.50708926,2.394099,0.2527004,0.17789048
25437,0.86304986,2.3491328,0.5866661,0.21757099
25438,0.27418333,0.67651427,0.5314389,0.77622294
25439,0.48220742,1.8741348,0.32026386,0.36552337
25440,0.26707056,2.0897179,0.2799427,0.29317075
25441,0.40449235,0.72876376,0.70792305,0.28326365
25442,0.6246572,2.3305707,0.35319299,0.33078954
25443,0.3382306,1.285166,0.3489111,0.1785926
25444,0.8494606,1.8647175,0.40153372,0.16328618
25445,0.27349243,1.8998866,0.2515104,0.46830443
25446,0.55417126,2.539644,0.60769033,0.33614868
25447,0.250905,2.656147,0.34284228,0.5735749
25448,0.29915735,0.7626332,0.43820062,0.3476086
25449,1.1160268,2.8968482,0.6432247,0.42733434
25450,1.1365105,2.3337755,0.6206734,0.62615603
25451,0.33154038,1.5819149,0.30230322,0.15879193
25452,0.34387973,0.8948745,0.5286272,0.5995171
25453,0.9580095,2.7343085,0.29560116,0.33143416
25454,0.32427952,1.153346,0.28886083,0.32879505
25455,0.8598013,2.1851332,0.332169,0.27287298
25456,0.74961513,1.7170511,0.35790536,0.25778005
25457,0.36491832,1.4358904,0.6014081,0.3098395
25458,0.26487792,0.54413986,0.4985673,0.25299364
25459,0.968528,2.1405942,0.6992415,0.36550972
25460,0.38204974,1.2205515,0.53283274,0.29593915
25461,0.69922525,2.445727,0.2582902,0.41358608
25462,0.70195013,2.8437912,0.63608223,0.3281789
25463,1.9986483,2.3293364,0.48767996,0.3542072
25464,0.5417874,2.078528,0.46096668,0.18764079
25465,0.36244416,2.2029784,0.31287366,0.4854246
25466,0.4776286,2.7001889,0.3046019,0.37317157
25467,0.39463606,0.76464313,0.34166926,0.31396574
25468,1.3744361,2.5254405,0.5721995,0.73852545
25469,0.4992252,2.9677155,0.34670213,0.18868405
25470,0.34353426,1.2654569,0.39640447,0.31927916
25471,0.40176064,2.7578294,0.5399544,0.226914
25472,0.99965143,2.9225159,0.4859543,0.15205085
25473,0.34431595,2.0002723,0.26752287,0.2582519
25474,0.26315558,0.5611017,0.34193316,0.35508895
25475,0.30710503,0.94063145,0.5056259,0.6009262
25476,0.32106087,1.7614326,0.33655643,0.15144092
25477,0.29744017,1.4033751,0.45793322,0.42709124
25478,0.2630363,1.106341,0.35747597,0.22963454
25479,0.27258956,0.63026065,0.33187848,0.7583536
25480,0.35490835,1.132816,0.4463019,0.28100705
25481,0.32822636,1.1819009,0.27101603,0.4624503
25482,0.325789,2.7771935,0.38929957,0.38804772
25483,0.7925766,1.760237,0.4433338,0.5698302
25484,0.84140706,1.4019327,0.35588202,0.40673032
25485,0.6761768,2.778068,0.2779167,0.23904014
25486,0.33645514,1.8749435,0.3035351,0.35163876
25487,0.95016927,2.4586477,0.41935378,0.34896356
25488,0.73239946,2.820845,0.42129815,0.37883204
25489,0.7859631,1.7128786,0.31369552,0.2813741
25490,0.78012764,1.837756,0.6471082,0.3410047
25491,0.3985701,2.5180714,0.38057953,0.50315756
25492,0.4141103,1.7581999,0.29690662,0.28889027
25493,0.32238978,0.9983531,0.42171514,1.107397
25494,0.76969856,1.4688884,0.44281688,0.46214172
25495,0.50554866,0.6320113,0.6108055,0.67182153
25496,0.585982,2.7148256,0.37643215,0.16142242
25497,0.37565756,2.9742916,0.31368187,0.2775193
25498,0.32231352,1.8422859,0.52518404,0.35750446
25499,0.30947074,1.9078553,0.8446942,0.3393273
25500,0.25706634,1.899991,0.321008,0.7171148
25501,0.49364352,1.823885,0.6451194,0.46453863
25502,0.83989245,1.9738709,0.42931408,0.5134054
25503,0.5426029,1.8639371,0.38718215,0.21818313
25504,0.25126126,1.2194371,0.441542,0.17257562
25505,0.7752857,1.7004697,0.6462418,0.3794798
25506,0.69524103,1.8055831,0.9103314,0.26672027
25507,0.43967733,1.6336097,0.41264293,0.55917007
25508,0.3551549,0.6914929,0.46257526,0.26895016
25509,0.6090485,1.737312,0.3218035,0.518682
25510,0.39125362,1.5297536,0.5664806,0.45345107
25511,0.25652897,1.2948489,0.2695913,0.33063778
25512,0.30798656,1.9477018,0.43556762,0.5370925
25513,0.2802274,0.6607402,0.4671534,0.3640784
25514,0.3286569,1.7873392,0.28760535,0.60551375
25515,0.39676267,0.6723686,0.55108553,0.45467892
25516,0.3723375,1.4057838,0.25245488,0.30624616
25517,1.169791,2.9097261,0.47125423,0.576998
25518,1.1065685,2.6786811,0.6893902,0.48655146
25519,0.28954485,1.9779998,0.55685025,0.31779605
25520,0.4392225,1.967776,0.42864385,0.21159628
25521,0.4073672,2.4072533,0.25303492,0.1980391
25522,0.62236303,1.2580669,0.5761625,0.44324964
25523,1.572329,2.8016179,0.49814263,0.3205234
25524,0.39278123,2.4099185,0.313315,0.23897572
25525,0.26509976,0.72913575,0.656306,0.6067976
25526,0.3353574,2.9179928,0.30710906,0.3804841
25527,0.26466843,0.8104385,0.48733187,0.33684075
25528,0.29009813,0.81496555,0.8129289,0.2569732
25529,1.3604001,1.9514103,0.45546234,0.33518696
25530,0.36509874,1.9843976,0.3060056,0.42193705
25531,0.25583827,1.0290684,0.40673038,0.29643074
25532,0.5269429,1.506387,0.76925707,0.17186005
25533,0.76897377,2.1497452,0.31648126,0.18861833
25534,0.49032894,2.7074819,0.37725362,0.42521214
25535,0.60041,1.6103988,0.39976618,0.17540881
25536,0.513521,1.9402406,0.7440234,0.40396684
25537,0.5076726,1.4091007,0.2672672,0.3201339
25538,0.6358944,2.1926608,0.68386745,0.3396146
25539,0.31528434,0.8350425,0.28454036,0.21619996
25540,0.36220956,1.2318172,0.35381353,0.3336785
25541,0.40826702,1.77918,0.57511413,0.25922045
25542,0.841735,1.9191284,0.47204158,0.375469
25543,0.6905496,1.4223045,0.75306594,0.36472327
25544,0.4149582,1.5987221,0.7155559,0.23085482
25545,0.26071405,0.698519,0.31562492,0.43717614
25546,0.5256184,1.1699889,0.52673554,0.20324136
25547,0.3499791,1.8957947,0.26422694,0.20005573
25548,0.3159229,2.0836892,0.432791,0.39469802
25549,0.4693373,2.3561356,0.2634575,0.5162395
25550,0.2716073,2.0341601,0.3057001,0.1536198
25551,0.8913544,2.2697835,0.5755734,0.3618491
25552,0.7583917,2.2235932,0.44095588,0.4058962
25553,0.4789739,1.2433246,0.733675,0.2256523
25554,0.96270895,1.7825227,0.74314576,0.3460642
25555,1.170848,2.3258004,0.575024,0.7693821
25556,0.6477124,1.755448,0.60298157,0.37520152
25557,0.341601,0.975772,0.33388358,0.37130335
25558,0.2767904,0.55996555,0.48821354,0.4234865
25559,0.35651568,0.8524432,0.7203716,0.44299197
25560,0.4605387,1.6654884,0.26151863,0.46594864
25561,0.42559952,0.98417896,0.68527746,0.32945415
25562,0.28362224,1.7764162,0.35958996,0.39547625
25563,0.5434404,1.8405185,0.37391824,0.33374944
25564,0.40411365,2.775433,0.34053499,0.2111315
25565,0.9815038,2.6830122,0.2716692,0.31064516
25566,1.0157655,2.7893593,0.44718245,0.36675715
25567,0.5781117,2.2234583,0.42097202,0.39955643
25568,0.28915223,0.9057116,0.33466867,0.32382149
25569,0.28974354,2.9077256,0.3121267,0.21800284
25570,0.39330482,1.1867464,0.3678167,0.157444
25571,0.2793661,1.4105451,0.45109135,0.27630928
25572,0.7355695,2.2390335,0.46795657,0.5395605
25573,0.2665406,0.5646224,0.54836124,0.41468525
25574,0.41041684,1.5686158,0.46606082,0.42665905
25575,0.4778629,2.1669862,0.26324022,0.9072206
25576,0.48388565,1.8545786,0.37450615,0.38110545
25577,0.38724875,1.0188763,0.26367468,0.35533035
25578,0.26264766,0.9815305,0.74405783,0.71495366
25579,0.32762805,1.7506372,0.3022746,0.19722962
25580,0.27790293,2.8594172,0.2656772,0.25335655
25581,0.62568355,2.381558,0.365683,0.2559147
25582,0.3273104,2.0959373,0.27168098,0.704777
25583,0.28951466,0.77809024,0.42735705,0.55565023
25584,0.5446431,2.0324068,0.41072106,0.5653214
25585,0.40531668,1.1285157,0.25880677,0.43034315
25586,0.40958747,1.1333768,0.3351398,0.21736509
25587,0.9506705,1.918209,0.5211936,0.3932742
25588,0.57428753,2.5999377,0.47414523,0.67662096
25589,0.40197778,1.8095075,0.34531432,0.22623785
25590,0.25216317,1.549374,0.301312,0.33991104
25591,0.45770755,2.0511782,0.59294343,0.5252472
25592,0.4091109,1.7756678,0.3126889,0.19881408
25593,0.33182913,0.5485082,0.6221275,0.22179496
25594,0.27569726,0.9748783,0.30948305,0.6751463
25595,0.9002793,2.1515832,0.52936214,0.42871752
25596,0.5276523,1.9678429,0.38010663,0.42230234
25597,0.55321187,2.341091,0.53343576,0.20507616
25598,0.25658172,0.8964886,0.28190798,0.5433005
25599,0.28546163,0.47038466,0.68021774,0.25243485
25600,0.86754996,2.5558958,0.33712682,0.22284552
25601,0.8199201,1.2896413,0.53811836,0.6106208
25602,0.25016227,0.7893002,0.30082056,0.57266235
25603,0.31247234,0.87622976,0.34922805,0.39241046
25604,0.38806766,2.6613116,0.5108971,0.1680878
25605,0.6799475,1.9238937,0.3001504,0.4737555
25606,0.42608607,2.7942839,0.26716635,0.7056728
25607,0.6407244,2.141939,0.6516297,0.47424477
25608,0.43590304,1.7852801,0.5144766,0.28857535
25609,0.3572386,2.0520716,0.5913117,0.35036808
25610,0.53986895,2.1272326,0.287098,0.28898767
25611,0.35008076,1.6181011,0.33042693,0.558512
25612,0.26868314,1.7149479,0.51209253,0.35547414
25613,0.6994247,2.1908326,0.5264576,0.3489996
25614,0.3810675,2.0384912,0.37631118,0.25518075
25615,0.60912883,2.1732633,0.2978116,0.2494492
25616,0.3061178,1.918122,0.38202462,0.46808156
25617,0.2562551,0.44033328,0.4435851,0.26782653
25618,0.2514704,2.5284383,0.34636697,0.35350835
25619,0.41811243,2.2570808,0.43354782,0.3803937
25620,0.28835577,1.869545,0.3948693,0.5298475
25621,0.26563606,0.82584065,0.4068265,0.3331403
25622,0.3057131,2.2044492,0.49925402,0.36841485
25623,0.25487214,0.8078554,0.26086196,0.4769291
25624,0.2931761,0.45475382,0.30111784,0.265303
25625,0.50308454,2.4857447,0.57949764,0.1824223
25626,1.0572405,1.8308773,0.76504654,0.25325465
25627,0.50219697,1.2758464,0.3748158,0.39880893
25628,0.7335658,2.5858893,0.2815959,0.37730527
25629,0.2826884,0.9027648,0.26724634,0.5243328
25630,0.50464183,2.1464422,0.545737,0.29173884
25631,0.83135164,2.3246915,0.6202678,0.2542433
25632,0.57774544,1.9737433,0.6824183,0.45528626
25633,0.37448248,2.4917548,0.3125163,0.33164623
25634,0.3704861,1.9673396,0.3217,0.22496024
25635,0.29059613,1.7103988,0.40047783,0.33645016
25636,0.2522245,0.669662,0.5568623,1.0252115
25637,1.3524058,2.9531944,0.65390027,0.64414287
25638,0.2789708,0.7897769,0.31975263,0.4322613
25639,0.6055735,2.1479034,0.28444645,0.19374831
25640,0.6609986,1.872648,0.3808045,0.2916084
25641,0.45193785,1.7316157,0.50925726,0.29939502
25642,0.44180915,1.3088398,0.33309072,0.29246917
25643,0.7959585,1.7652664,0.61146104,0.36923447
25644,0.69401044,1.9148623,0.40505135,0.2835189
25645,0.38116217,0.80268097,0.4566352,0.23384045
25646,0.310612,1.6292403,0.7112877,0.20554243
25647,0.35094655,1.90226,0.29667127,0.31331676
25648,0.27812245,2.033445,0.48246214,0.3809875
25649,1.0160513,2.9520416,0.7499883,0.4911324
25650,0.28498423,1.220531,0.26051912,0.18100034
25651,0.8203004,2.6985936,0.54090196,0.27041844
25652,0.2924287,0.9683673,0.37322283,0.3251693
25653,1.0962511,2.9629314,0.43220842,0.6001908
25654,0.42881018,2.0981226,0.4955524,0.57843715
25655,0.44419232,2.5595088,0.30609325,0.36397868
25656,0.50265324,1.7431688,0.26183268,0.2771911
25657,0.81353456,2.7421007,0.37131473,0.1584888
25658,0.86135614,1.9015901,0.59640944,0.28647074
25659,0.63605785,2.2790446,0.46612215,0.1558454
25660,0.26016814,2.093155,0.54141784,0.43218514
25661,0.25305656,1.1922381,0.59604806,0.58264023
25662,0.53182924,2.1990604,0.32791916,0.52047884
25663,0.29399234,0.82875997,0.40594986,0.43662602
25664,0.8530615,2.72636,0.65017045,0.42089546
25665,0.48376244,1.7056718,0.35412255,0.6147227
25666,0.28536153,1.8383151,0.2811817,0.29183635
25667,0.31957322,1.3006269,0.45021197,0.71127474
25668,0.7042948,1.4422662,0.38502654,0.28337288
25669,0.6425724,2.483314,0.4619654,0.22173646
25670,0.26271617,1.4360105,0.3352093,0.58237493
25671,0.46066537,0.85615116,0.68911374,0.35353976
25672,0.5116711,1.3074061,0.41028783,0.54405874
25673,1.08946,2.7704787,0.4535364,0.62907374
25674,0.43186566,0.9932798,0.31446236,0.5132246
25675,1.0112461,2.9068322,0.4089526,0.3959779
25676,0.34619233,2.0241933,0.3121935,0.39475736
25677,0.48965666,1.6353996,0.50857174,0.33926108
25678,0.4620828,2.0528014,0.71075034,0.26726803
25679,0.3699159,2.1858544,0.30569926,0.15681781
25680,0.3457923,1.6544455,0.41198808,0.3359105
25681,0.45333683,0.7522897,0.25835922,0.21803804
25682,0.986336,2.9865348,0.46072924,0.29752362
25683,0.34495893,0.8915557,0.41132724,0.55355954
25684,0.9229722,2.1912048,0.28835985,0.5351249
25685,0.34146714,2.8526182,0.43346998,0.22288707
25686,0.48488408,2.1865597,0.658682,0.16608767
25687,0.564149,1.6058716,0.41101202,0.26199237
25688,0.4723367,1.5105652,0.598427,0.34177738
25689,0.85155565,2.714845,0.27865472,0.26312184
25690,0.5527489,1.5529076,0.36864293,0.8256126
25691,0.88245964,1.5558629,0.33068666,0.5873623
25692,1.688237,2.9824586,0.58450854,0.5467021
25693,0.30837196,0.78609055,0.33737797,0.51646125
25694,0.34147215,0.99203664,0.50507057,0.6182475
25695,0.7324138,1.676305,0.57592416,0.35855466
25696,0.83902,2.5954309,0.48861793,0.16268903
25697,0.4356088,2.0815434,0.5689896,0.15945563
25698,0.710034,2.2570121,0.32153016,0.40469456
25699,0.39273468,1.3833293,0.5285955,0.6631894
25700,0.52344817,1.8852253,0.28552797,0.24201097
25701,0.5532333,1.3665211,0.29817152,0.61922956
25702,0.41685936,1.4125128,0.5758908,0.24177003
25703,0.68373,2.1154966,0.4688977,0.30746633
25704,0.6728015,2.8123841,0.30834827,0.20717539
25705,0.46520436,2.359029,0.36098018,0.40703478
25706,0.41249388,2.2026606,0.29324588,0.18231106
25707,0.28298026,2.4034595,0.2819717,0.30266055
25708,0.69540507,1.6733198,0.57677865,0.17726564
25709,0.4065439,1.6465594,0.25682375,0.22724086
25710,0.6106884,2.4584346,0.79382044,0.18933596
25711,0.83958596,2.3601127,0.49684966,0.2479155
25712,0.400613,1.6243719,0.42648602,0.25935966
25713,0.75489664,2.4137218,0.498573,0.63095
25714,0.36814114,1.7700317,0.3380044,0.18487631
25715,0.26927406,0.8652844,0.5693908,0.18316297
25716,0.34341922,2.1593547,0.35839015,0.34829324
25717,0.43496925,2.4171257,0.2906796,0.26183268
25718,0.38258705,1.5107528,0.43876073,0.63924694
25719,0.5736064,1.5367101,0.26891568,0.20323846
25720,0.5178304,2.1377072,0.41675788,0.511896
25721,1.1105803,1.9387568,0.3497582,0.25487426
25722,0.5239288,0.72526866,0.5256512,0.26531577
25723,0.99979526,2.292134,0.4623816,0.85451937
25724,0.65151614,1.7779205,0.6035432,0.41346073
25725,0.25282615,1.9749073,0.2659926,0.66706574
25726,0.80957234,1.8147914,0.689561,0.28221858
25727,0.476887,1.5511093,0.4519913,0.33461446
25728,0.5383115,1.2332712,0.30261517,0.40920338
25729,0.3608233,2.892057,0.38299373,0.35134512
25730,0.47731167,2.031027,0.39306247,0.26613486
25731,0.3103936,1.3804011,0.2879274,0.34173858
25732,0.7217823,2.5087726,0.2855499,0.17506534
25733,0.36343932,1.2147758,0.3974337,0.55423653
25734,0.681631,1.0289891,0.32291052,0.24784555
25735,0.48073864,1.7922182,0.49375993,0.39906925
25736,0.4481858,0.7254054,0.3000167,0.44293898
25737,0.27662745,0.6681953,0.48383588,0.5145404
25738,0.5037183,1.7660209,0.25237876,0.29408288
25739,0.28371963,1.8006895,0.62485343,0.39576477
25740,0.57837945,2.3010993,0.78795683,0.19281173
25741,0.77616614,1.6735636,0.6768362,0.5029554
25742,0.61069196,2.2632442,0.30236632,0.47474405
25743,0.2976672,1.609092,0.48160797,0.44532332
25744,0.4726009,2.39942,0.35358673,0.3685817
25745,0.2537104,0.93256664,0.45408747,0.4795567
25746,0.68433017,1.8976326,0.3393802,0.28286546
25747,0.5086967,2.6629412,0.2998399,0.15611583
25748,0.31933555,0.67416817,0.4702517,0.4667711
25749,0.34765762,0.82523996,0.5604136,0.798614
25750,0.63264453,2.948028,0.33290875,0.5996799
25751,0.35057098,1.5392815,0.7734157,0.2993084
25752,0.39085463,1.8345447,0.6039564,0.5087825
25753,0.2967828,0.6063598,0.3263647,0.39533964
25754,1.3739353,1.9960679,0.6232971,0.20771722
25755,0.84913045,2.7875853,0.48721167,0.3473409
25756,0.28035027,1.3500186,0.2668643,0.4558272
25757,0.3913096,1.7390436,0.40102947,0.5184544
25758,0.31237748,0.6063927,0.25715658,0.170892
25759,0.34382826,1.5331542,0.2844253,0.38000694
25760,0.3216616,2.0014648,0.53095144,0.7397291
25761,0.2766611,1.4809557,0.55419505,0.17042333
25762,0.29631293,1.4200046,0.2576134,0.19772296
25763,0.358361,2.0208185,0.4391446,0.58908427
25764,0.26018885,2.4491527,0.42452374,0.2127952
25765,1.0195618,2.8439012,0.51005137,0.5612973
25766,0.48790357,1.9374337,0.5848416,0.31809762
25767,0.5903937,1.5473318,0.33334866,0.73100734
25768,0.28783774,0.9527283,0.82431537,0.34274662
25769,0.31293282,0.42460084,0.83299404,0.20775333
25770,0.5575535,1.70316,0.3001385,0.88521683
25771,0.46308812,1.3523656,0.4149644,0.39722887
25772,0.33800596,1.3474135,0.28165683,0.351233
25773,0.6037352,2.0573199,0.3158838,0.44601664
25774,0.7482115,2.9801037,0.5923669,0.32669392
25775,0.27246407,1.9647948,0.2822213,0.18917069
25776,0.6564983,2.254065,0.2788762,0.36766487
25777,0.46071047,1.2630144,0.62952304,0.34696752
25778,0.4847659,2.1865492,0.47065553,0.415507
25779,0.72640115,2.3924093,0.35271105,0.4732352
25780,0.29792646,1.1510844,0.54219186,0.39906716
25781,0.3315479,1.9500151,0.4967073,0.3912806
25782,0.42374226,1.2401423,0.5208905,0.2541183
25783,0.3923801,2.1598735,0.54069585,0.6479962
25784,0.4511786,2.2805905,0.5558917,0.23419063
25785,0.87727344,2.2708058,0.48306915,0.46837443
25786,1.1359469,2.5834062,0.8335066,0.28232768
25787,0.45337784,1.1879883,0.32690784,0.2846926
25788,0.85724056,2.9354064,0.7054669,0.51612914
25789,0.33014354,2.7249942,0.4742359,0.6828438
25790,0.2796973,1.8555104,0.39461705,0.50203055
25791,0.3711656,1.6998539,0.5980816,0.7638858
25792,0.44796863,1.2258883,0.48907924,0.25384533
25793,0.49483585,1.1607602,0.4304365,0.83253676
25794,0.38429198,2.1291199,0.2798755,0.23184268
25795,0.52430975,2.821713,0.4470783,0.2696337
25796,0.839287,1.8422558,0.8952875,0.28005666
25797,0.25216317,1.224741,0.43899095,0.5528955
25798,0.28503433,0.7763406,0.3888007,0.4366099
25799,1.0087063,2.3849485,0.573715,0.4106415
25800,0.5224216,1.5347196,0.3806578,0.37054458
25801,0.40076262,1.2655512,0.68563116,0.3298424
25802,0.3813778,2.212332,0.3358968,0.5483139
25803,0.5574845,1.3938476,0.36501864,0.20026232
25804,0.28247276,2.149458,0.439215,0.18912846
25805,0.4512619,1.3019036,0.9057935,0.20179719
25806,0.48342305,1.7682056,0.4718319,0.2885834
25807,0.27202836,0.8422222,0.4985741,0.39512333
25808,0.48411483,0.8605038,0.39726543,0.31143188
25809,0.42378333,2.0722554,0.3133918,0.16118442
25810,0.41065553,1.7561463,0.32744086,0.23383205
25811,0.7129205,2.6712337,0.39241904,0.2994607
25812,0.30646,1.5341563,0.37620854,0.39274356
25813,0.27385092,0.97759426,0.5083708,0.43055996
25814,1.5305269,2.9821718,0.47002155,0.20817809
25815,0.4888505,1.8827633,0.41715267,0.9259582
25816,0.30232155,1.7876761,0.4067161,0.17145738
25817,0.94832987,2.4764209,0.47411558,0.5535144
25818,0.34878495,1.7977493,0.4616852,0.59303504
25819,0.55397063,2.1769664,0.2838406,0.1874158
25820,0.57625556,1.6439209,0.5701602,0.43657386
25821,0.29141665,1.0688115,0.27702314,0.3881502
25822,0.2743747,1.7716516,0.27033338,0.25724733
25823,0.6145581,2.191415,0.5908945,0.3421129
25824,0.32940856,0.49767792,0.35278076,0.27933946
25825,0.64994526,2.6103432,0.27153254,0.22614779
25826,0.3762633,1.1782482,0.6929769,0.5134372
25827,1.1382788,2.3991926,0.43668097,0.25894597
25828,0.47867584,2.9747002,0.37147993,0.6724234
25829,0.29705524,1.1870418,0.3379636,0.29101974
25830,0.29637071,1.0855426,0.32188025,0.30199906
25831,0.42887747,1.3795625,0.2500234,0.2208256
25832,0.3067394,1.0171949,0.26660255,0.19392103
25833,0.26723427,2.332081,0.6922045,0.5687764
25834,0.42083487,2.197766,0.29646075,0.3253862
25835,0.48182455,2.1128573,0.48383045,0.82338554
25836,0.6584772,2.7251961,0.39997283,0.3219352
25837,0.43386126,2.3072941,0.7032363,1.0539997
25838,0.29937202,0.69285834,0.64003444,0.5174831
25839,0.25735927,1.7846494,0.33154163,0.15095647
25840,0.4306523,1.547943,0.46474373,0.91584754
25841,0.29128656,0.6029362,0.42591596,0.17422372
25842,0.47890317,0.9666304,0.57412386,0.606715
25843,0.5503788,2.252552,0.3212838,0.25044632
25844,0.6026252,2.493892,0.4664863,0.45501882
25845,0.58480716,1.3495023,0.5064575,0.35775942
25846,0.51881033,1.4762954,0.37565437,0.25462255
25847,0.5310239,1.7760853,0.5375952,0.35923898
25848,0.31593195,1.8568902,0.5393508,0.5987082
25849,0.4096317,2.4017537,0.39767772,0.42116505
25850,0.47657186,1.6203675,0.33522773,0.22496511
25851,0.26741165,2.1889973,0.2957601,0.8035436
25852,0.26330864,1.2308766,0.26279038,0.2599612
25853,0.7287326,2.3787806,0.35648426,0.4132285
25854,0.6872123,2.2581549,0.2858345,0.16876388
25855,0.83926946,2.681969,0.34984946,0.18587144
25856,1.1002814,2.7766042,0.46682927,0.42754486
25857,0.32382658,0.81990886,0.36216554,0.61712503
25858,0.413808,0.968162,0.49596354,0.20665888
25859,0.2873598,1.237773,0.39144287,0.18453473
25860,1.2392054,2.5094302,0.52394634,0.32589814
25861,1.1097132,2.483061,0.52095425,0.402349
25862,0.39094073,1.3940222,0.30372328,0.7327364
25863,0.26112223,0.8626273,0.30895284,0.41700894
25864,0.33586854,0.7360834,0.6866847,0.5762269
25865,0.28716174,1.4170047,0.6964143,0.31977877
25866,0.4536662,1.6493183,0.59895647,0.410428
25867,0.3765413,1.1437569,0.32666248,0.75709736
25868,0.54940736,1.3210422,0.3238807,0.38155165
25869,0.52563846,2.0961072,0.7431115,0.18193148
25870,0.29693702,1.3789226,0.42650193,0.19378403
25871,0.69156367,1.9283261,0.55911684,0.22371387
25872,0.50358003,1.2694914,0.42230222,0.9484198
25873,0.30612832,1.2325459,0.41794726,0.40146092
25874,0.39372498,1.2398853,0.27574468,0.37531263
25875,0.31056464,2.66277,0.3016344,0.2685711
25876,0.39563513,2.3264847,0.30567536,0.4292196
25877,0.4486917,2.6719406,0.25774848,0.61166346
25878,0.95341855,1.2178642,0.8072309,0.48922747
25879,0.4960752,2.3274963,0.5130438,0.18277875
25880,0.48214382,2.2530935,0.29657194,0.3504125
25881,0.2940755,0.90102136,0.43748027,0.36221397
25882,0.572597,2.3884125,0.3237751,0.26249108
25883,0.394426,1.7454382,0.39657563,0.22159277
25884,0.3545302,2.6833498,0.28031904,0.33163297
25885,0.3595531,1.2949593,0.35866258,0.60618657
25886,0.4230911,1.9116051,0.4251281,0.16249333
25887,0.25612235,2.174035,0.3377856,0.32322672
25888,0.27136064,0.8556739,0.7954165,0.44113114
25889,0.26267496,2.0761137,0.28736034,0.5904657
25890,0.64752537,2.3659225,0.32403576,0.3525987
25891,0.8023171,2.5587418,0.27741528,0.39146534
25892,0.9995986,2.2653027,0.48801845,0.84638184
25893,0.6747075,1.5946914,0.44104052,0.23963752
25894,0.25657716,1.7080008,0.2921593,0.41075376
25895,0.6272249,1.5239415,0.47439954,0.70169234
25896,1.0133487,2.058224,0.46440768,0.44764018
25897,0.39950928,2.2560663,0.3478233,0.58527637
25898,0.47360086,1.4343127,0.32353702,0.19762944
25899,0.35877532,1.6345091,0.2792943,0.513599
25900,0.72762436,1.6293677,0.47221744,0.24399327
25901,0.53673387,1.4521383,0.4904928,0.16961187
25902,0.27450055,2.2566187,0.25317353,0.20260386
25903,0.2586761,1.2101922,0.2642661,0.37843385
25904,0.37043098,1.9216988,0.363937,0.6136082
25905,1.7665908,2.719519,0.3220218,0.23557657
25906,0.29421547,1.5930259,0.31033418,0.15959479
25907,0.3017946,1.1641427,0.36918178,0.43896925
25908,0.33603254,2.2770286,0.3120236,0.52092165
25909,0.45321566,1.307761,0.27786258,0.23511395
25910,0.8642365,2.4796708,0.27694452,0.6994783
25911,0.33708468,1.6252317,0.2695534,0.57577246
25912,0.43500406,1.7201828,0.3896844,0.65121835
25913,0.40424,1.3243984,0.42470953,0.21949156
25914,0.45870745,2.3103552,0.5239084,0.19281423
25915,0.33138677,1.5437742,0.30652958,0.24283583
25916,0.286964,0.68111557,0.25079137,0.32151857
25917,0.6239772,1.5876647,0.6245842,0.5131935
25918,0.25498715,1.7443769,0.37920845,0.17291437
25919,0.25364444,1.6917785,0.28095233,0.7546016
25920,0.6038878,2.7969582,0.38365892,0.37180388
25921,0.31033963,1.1891912,0.3670847,0.5065724
25922,0.6523461,2.4638128,0.6463696,0.4583015
25923,0.28162202,0.936564,0.32166317,0.35560307
25924,0.3020521,0.87288505,0.38388598,0.5249221
25925,0.3620617,2.293714,0.29637447,0.20778243
25926,0.42975855,2.7700782,0.2720873,0.50391704
25927,0.95192295,2.1288352,0.68128306,0.24911729
25928,0.32546917,1.0317805,0.54814285,0.48785543
25929,0.33728856,1.1348965,0.38283944,0.26712254
25930,0.25698987,1.4968503,0.4849511,0.30698743
25931,0.56512356,1.5270318,0.28878775,0.24347158
25932,0.28698874,0.7132585,0.57591265,0.34522146
25933,0.28959256,1.8874497,0.28847444,0.5431337
25934,0.6740009,2.6084137,0.37486595,0.19893305
25935,0.5109993,2.0830598,0.3121285,0.5569879
25936,0.32940027,2.7609222,0.6326567,0.2939298
25937,0.37534824,2.3331575,0.4730456,0.3279842
25938,0.7536381,2.5557258,0.4830679,0.59883046
25939,1.2342812,2.10948,0.33449653,0.33228084
25940,1.2644598,2.9078534,0.26071298,0.5654391
25941,0.3286694,1.6224056,0.34522468,0.70819426
25942,0.55902624,1.6097416,0.4278222,0.2058565
25943,0.30122635,1.5906655,0.41989076,0.51287687
25944,0.3659742,1.0160259,0.45309177,0.36891952
25945,0.3109808,1.1878556,0.28916192,0.5277873
25946,0.5100384,1.4237264,0.5607071,0.21248798
25947,0.43474758,2.2487714,0.31787857,0.27640536
25948,0.26142216,1.925246,0.40887758,0.71743274
25949,0.81235206,2.6414654,0.7143578,0.16118218
25950,0.46738958,1.6288612,0.5293169,0.26644045
25951,0.4051789,1.3616781,0.26690423,0.34815717
25952,0.36849603,2.9570332,0.27873418,0.23550889
25953,0.575491,1.3452963,0.390046,0.36656445
25954,1.1873447,2.44809,0.49023965,0.22004752
25955,0.39806503,0.85666347,0.44565183,0.27074566
25956,0.39986077,2.6794922,0.46511117,0.44022006
25957,0.2653663,0.82507867,0.5714564,0.7660922
25958,0.39157727,2.5410178,0.29908222,0.22302556
25959,0.45280036,1.4050697,0.5589009,0.20753074
25960,0.64203197,1.9072105,0.31412432,0.41513863
25961,1.1984013,1.6005394,0.62325203,0.28817067
25962,0.40704614,0.61842304,0.5075193,0.22485423
25963,0.28135765,0.6188209,0.28725597,0.602454
25964,0.28408694,1.7694352,0.34210268,0.70213956
25965,0.29805222,1.0215346,0.34133586,0.5349962
25966,0.66681343,2.4412787,0.7424296,0.5032955
25967,0.67106104,1.6832707,0.3658275,0.43325457
25968,0.4096127,2.1561475,0.41124406,0.6723203
25969,0.50802624,1.4359986,0.33098242,0.39229515
25970,0.353793,1.2996335,0.32012427,0.17614368
25971,0.52835107,1.8224686,0.6656014,0.20845468
25972,0.9000153,2.9534464,0.2552207,0.43612486
25973,0.9130383,1.4552456,0.5109042,0.39424527
25974,0.41334042,1.8215556,0.7104873,0.50690126
25975,0.44574973,2.725312,0.45566833,0.468677
25976,0.72417414,1.7455983,0.41550022,0.23377055
25977,0.85650206,2.5369596,0.35876983,0.37234053
25978,0.25544292,2.7559824,0.2513601,0.69637996
25979,0.3285024,0.9434374,0.36189115,0.1894883
25980,0.38772014,1.4419092,0.47161618,0.25843284
25981,0.5250276,2.8187048,0.2505249,0.3109732
25982,0.2788981,2.5605867,0.26689172,0.25005567
25983,0.2758148,2.030758,0.3518184,0.53207684
25984,0.5946693,2.5486484,0.5142152,0.5228385
25985,0.73216486,2.1717288,0.29905915,0.41729704
25986,0.28511244,0.5747279,0.46711543,0.6854159
25987,0.39369795,0.8424663,0.3460833,0.43666765
25988,0.35207534,0.77291113,0.34210527,0.42551517
25989,0.29514217,1.6881877,0.32745323,0.48750082
25990,0.32846323,1.0736012,0.4149727,0.37851825
25991,0.33955598,2.7300162,0.26439205,0.33180892
25992,0.4592978,2.7190487,0.298067,0.45948896
25993,0.4452815,1.9148929,0.44907865,0.3164008
25994,0.2919662,1.8069162,0.35559723,0.18977171
25995,0.4616529,1.555968,0.3291832,0.22561868
25996,0.60000175,1.9103317,0.35941452,0.4898558
25997,0.2796906,1.8014704,0.5557824,0.2658158
25998,0.6410471,1.416597,0.66203,0.63905835
25999,0.310148,1.472826,0.2568727,0.3257132
26000,0.7362551,2.3980944,0.6368766,0.41839153
26001,1.2555406,2.441557,0.50279,1.1072866
26002,0.6514367,1.2492775,0.29945928,0.31297272
26003,0.80044025,2.099878,0.42553198,0.17349568
26004,0.3164848,2.0197182,0.31901795,0.37680253
26005,0.40082884,2.1949458,0.28101563,0.34767485
26006,0.34985596,0.6015094,0.48326725,0.43775946
26007,0.76523376,1.5221177,0.46669972,0.18211143
26008,0.6332032,1.8891827,0.39173502,0.19833472
26009,0.8546753,1.9290688,0.66822064,0.24576753
26010,0.25260693,0.6527346,0.81158555,0.69544935
26011,0.4812124,0.88125336,0.37762392,0.6269503
26012,0.7569685,2.6162264,0.5116138,0.3714672
26013,0.32489964,0.90430737,0.507468,0.46618515
26014,0.6197535,2.3021567,0.7822189,0.17036642
26015,0.27507243,1.744933,0.30835965,0.3379918
26016,0.25160506,2.9995506,0.3193732,0.2629248
26017,0.34627917,1.409474,0.58599883,0.6798996
26018,0.2530358,0.7248662,0.46439052,0.33654144
26019,0.27252412,1.9077868,0.45369866,0.4090698
26020,2.1139696,2.910721,0.45630708,0.33009356
26021,0.5586602,2.140075,0.4965358,0.52029073
26022,0.9098118,2.8721864,0.58705056,0.2624711
26023,0.2970031,2.0506213,0.37911195,0.2516092
26024,0.33093217,1.2407016,0.6543018,0.6460758
26025,1.0022935,1.9204149,0.32989955,0.48111942
26026,0.82585436,1.9774517,0.60561687,0.5570741
26027,0.3398268,2.3822007,0.5959026,0.41232818
26028,0.31530663,1.6468627,0.57725334,0.5053472
26029,0.63927054,1.3626854,0.78093344,0.43077022
26030,0.46128973,1.3117424,0.3366926,0.23632786
26031,0.29946685,1.8829374,0.28181502,0.28114113
26032,0.5262897,1.5614065,0.5179232,0.28503874
26033,0.6284882,2.0479379,0.29551932,0.44505313
26034,0.6500819,2.2656035,0.68422127,0.9054927
26035,0.2948206,0.7819859,0.4832373,0.7776752
26036,0.60479075,2.0461698,0.3731086,0.3759528
26037,0.31684852,2.047917,0.28185064,0.28759107
26038,0.3143374,0.68899876,0.49418148,0.65125453
26039,0.32518417,0.8827561,0.7311889,0.42677596
26040,0.30868188,2.3110917,0.36776635,0.40530986
26041,0.46526012,2.6618617,0.3400423,0.16538426
26042,0.60719913,2.0906997,0.39696458,0.27613175
26043,0.3001985,1.2503333,0.43050665,0.3025765
26044,0.31834546,1.456157,0.25826532,0.4483305
26045,0.45234337,1.5921842,0.3181167,0.20852412
26046,0.35714123,1.4715714,0.30365953,0.4733066
26047,0.31644022,0.7943429,0.37061164,0.26514882
