kind,off_cardinal_degrees,seed,yaw_degrees
Desk,24.478145101087463,200000,65.52185489891254
Chair,16.464127124813132,200000,73.53587287518687
Desk,10.642629554432062,200000,79.35737044556794
Chair,5.318376065664268,200000,95.31837606566425
Desk,35.19491729672174,200000,54.80508270327825
Chair,3.878775647783641,200000,356.12122435221636
Desk,32.01160045627378,200000,57.98839954372622
Chair,7.516715063647069,200000,82.48328493635293
Desk,38.18079173505204,200000,51.81920826494796
Chair,21.216445342434426,200000,68.78355465756557
Desk,24.39238477831229,200000,65.60761522168771
Chair,18.484811758368707,200000,71.5151882416313
Desk,34.59801921671807,200000,34.59801921671807
Chair,27.49748962561702,200000,27.497489625617025
Table,19.534129323480272,200030,109.53412932348029
Chair,6.077898475533296,200030,6.077898475533294
Chair,22.636327761570328,200030,22.63632776157032
Chair,11.133908388801323,200030,11.133908388801322
Chair,30.44417145892919,200030,30.444171458929187
Chair,24.133267685933333,200030,245.86673231406667
Chair,35.9801994776999,200030,215.98019947769987
Chair,9.286097749149349,200030,260.71390225085065
Chair,40.51309931333236,200030,130.51309931333236
Desk,2.363756107780546,200044,87.63624389221945
Chair,29.311028449516613,200044,150.6889715504834
Desk,19.060373440998404,200044,109.0603734409984
Chair,29.718706233360535,200044,119.71870623336054
Desk,1.0544012359888768,200044,91.05440123598888
Chair,16.20250006593153,200044,106.20250006593152
Desk,13.825802376793433,200044,103.82580237679345
Chair,6.325959796338509,200044,83.6740402036615
Desk,3.0692760775018257,200044,93.06927607750183
Chair,6.311865034578261,200044,83.68813496542172
Desk,34.69144131476867,200044,124.69144131476867
Chair,21.086781922927344,200044,111.08678192292734
Desk,39.459733595718205,200044,129.4597335957182
Chair,30.19745257823797,200044,120.19745257823797
Desk,18.027066975791797,200044,108.02706697579178
Chair,38.34747354634251,200044,128.3474735463425
Desk,41.89963886494061,200044,138.1003611350594
Chair,41.53572584523775,200044,131.53572584523775
Desk,1.7020555388708942,200044,91.7020555388709
Chair,24.994182198381054,200044,114.99418219838104
CoffeeTable,12.06643806401911,200044,102.0664380640191
Chair,30.94755899970184,200044,30.947558999701844
Chair,44.96519225200856,200044,135.03480774799144
Desk,16.89613269663832,200044,196.89613269663832
Chair,37.019711075827786,200044,217.01971107582776
Desk,4.64848373551871,200044,184.6484837355187
Chair,19.896987689480113,200044,199.8969876894801
Desk,3.4870467185869813,200044,183.48704671858698
Chair,28.841282860240653,200044,208.84128286024065
Desk,18.647963738281135,200044,108.64796373828113
Chair,17.228689983962624,200044,107.22868998396262
Desk,4.950471065363786,200044,274.9504710653638
Chair,0.952867796473754,200044,269.04713220352625
Desk,2.517937926575712,200044,357.4820620734243
Chair,3.107339610426834,200044,356.89266038957317
Desk,9.016713965596097,200044,189.0167139655961
Chair,13.93732134680323,200044,193.93732134680323
Desk,13.36435250387649,200044,166.6356474961235
Chair,40.858580280765835,200044,139.14141971923416
Desk,17.24774738294866,200044,252.7522526170513
Chair,3.4176061804116102,200044,266.5823938195884
Desk,16.911652588073935,200044,286.91165258807393
Chair,21.12285227523978,200044,291.1228522752398
Desk,6.841286837326095,200044,263.1587131626739
Chair,10.12874902619717,200044,280.12874902619717
Desk,7.51692091709333,200044,277.51692091709333
Chair,14.878257502873339,200044,255.12174249712663
Desk,1.8750799929534878,200107,271.8750799929535
Chair,3.725370460066074,200107,266.2746295399339
CoffeeTable,3.5107977657896186,200107,266.4892022342104
Chair,23.839955649621004,200107,293.839955649621
CoffeeTable,1.6495466160561136,200107,271.6495466160561
Chair,32.52102603197147,200107,237.4789739680285
Chair,6.022618339502401,200107,276.0226183395024
Desk,19.113509546918863,200107,109.11350954691885
Chair,32.37640534354256,200107,122.37640534354256
Desk,10.715455149302159,200107,100.71545514930217
Chair,3.4116271601394033,200107,86.58837283986058
Desk,0.666809817207735,200107,89.33319018279226
Chair,12.428106213039513,200107,102.42810621303951
Desk,24.528525280013326,200107,65.47147471998667
Chair,32.07337103616683,200107,57.92662896383316
Desk,22.464891730134738,200107,67.53510826986526
Chair,38.141002475289184,200107,128.14100247528918
CoffeeTable,21.768704831536155,200107,111.76870483153616
Chair,7.651434630016183,200107,82.34856536998382
Chair,36.05976766194419,200107,126.05976766194418
CoffeeTable,2.0121975933752196,200107,92.0121975933752
Chair,17.72647346862331,200107,72.27352653137669
CoffeeTable,0.2518623228180843,200107,89.74813767718192
Chair,13.059262401890749,200107,76.94073759810925
CoffeeTable,0.9488081848152206,200107,89.05119181518478
Chair,26.88246089118533,200107,153.11753910881467
CoffeeTable,35.520962940745505,200107,54.479037059254495
Chair,11.605977872853217,200107,78.39402212714678
Chair,18.602354050039807,200107,71.3976459499602
CoffeeTable,21.364941289668565,200107,21.36494128966856
Chair,44.54390477393579,200107,44.54390477393579
Desk,42.36379197477609,200277,137.6362080252239
Chair,32.22108682056401,200277,147.778913179436
Desk,18.836140678296005,200277,108.836140678296
Chair,29.36922489664252,200277,119.36922489664252
Desk,20.590474421629153,200277,110.59047442162914
Chair,36.25974712117869,200277,126.25974712117868
Desk,19.494182706003755,200277,109.49418270600376
Chair,2.8418263624597557,200277,87.15817363754024
Desk,30.8727349060012,200277,120.87273490600121
Chair,44.86030659803191,200277,135.1396934019681
Desk,39.67924784529765,200277,309.67924784529765
Chair,30.607693018660655,200277,300.60769301866065
Desk,0.9220510557826174,200277,89.07794894421738
Chair,1.0031272429026217,200277,91.00312724290261
Desk,41.28567448041227,200277,138.71432551958773
Chair,38.601149486262216,200277,141.39885051373778
Desk,15.377045500064497,200277,105.3770455000645
Chair,16.933450973069682,200277,106.93345097306967
Desk,33.41858385452679,200277,303.4185838545268
Chair,8.14992244140484,200277,261.85007755859516
Desk,2.0227461577435406,200277,267.97725384225646
Chair,9.370935609874323,200277,260.6290643901257
Desk,37.52186121140187,200277,307.52186121140187
Chair,28.790425591110306,200277,298.7904255911103
Desk,36.537822674484005,200277,323.462177325516
Chair,16.210368723053136,200277,343.78963127694686
Desk,7.686650151339421,200277,172.31334984866058
Chair,16.844921728909526,200277,196.84492172890953
Desk,35.115990457930195,200277,144.8840095420698
Chair,28.64318423780864,200277,118.64318423780864
Desk,1.9590656817982506,200277,181.95906568179825
Chair,25.140491165711154,200277,205.14049116571115
Desk,23.067220465718464,200277,203.06722046571846
Chair,3.6646865533893447,200277,183.66468655338934
CoffeeTable,16.86736070276129,200277,253.13263929723868
Chair,43.97516282430263,200277,226.02483717569734
Chair,38.01317252072653,200277,308.0131725207265
Desk,27.20724887080769,200277,117.20724887080767
Chair,28.845465863505098,200277,151.1545341364949
Desk,35.372768347270494,200277,125.37276834727051
Chair,34.96568756340801,200277,124.96568756340801
CoffeeTable,17.383406600101807,200654,252.61659339989822
Chair,28.702111411803372,200654,208.70211141180337
Chair,13.226216162453909,200654,283.2262161624539
CoffeeTable,33.64329565402812,200654,236.35670434597188
Chair,26.9510168266072,200654,243.04898317339277
CoffeeTable,3.510511286892097,200654,266.4894887131079
Chair,1.3942057269071029,200654,268.6057942730929
CoffeeTable,12.93897298327198,200654,257.061027016728
Chair,40.317262750316615,200654,229.68273724968338
CoffeeTable,42.649412559523284,200654,132.64941255952328
Chair,25.762770703081316,200654,115.76277070308132
Chair,43.82045122522695,200654,136.17954877477305
CoffeeTable,31.197928973143632,200654,238.80207102685637
Chair,37.82872175297456,200654,217.82872175297456
Chair,5.276655938131853,200654,275.27665593813185
Desk,34.70404485102705,201216,214.70404485102705
Chair,27.847523888648425,201216,242.1524761113516
Desk,19.444087470740982,201216,199.44408747074098
Chair,24.27277523287526,201216,204.27277523287526
Desk,16.63540139851159,201216,73.36459860148841
Chair,10.068952491588334,201216,100.06895249158835
Desk,38.863117043671934,201216,38.86311704367193
Chair,40.96206924727687,201216,49.037930752723135
Desk,1.4691539247281753,201216,91.46915392472816
Chair,23.94955715761158,201216,66.05044284238842
Desk,23.93498072198456,201216,23.934980721984555
Chair,3.1447147257335004,201216,3.1447147257334986
Desk,32.93521261636812,201216,327.0647873836319
Chair,44.85800023722652,201216,315.1419997627735
CoffeeTable,1.6541194142601725,201216,1.6541194142601694
Chair,30.55282259153546,201216,329.44717740846454
CoffeeTable,3.447533290996205,201216,356.5524667090038
Chair,6.104074338882754,201216,353.89592566111725
Desk,15.017031296559708,201447,344.9829687034403
Chair,7.513600648711645,201447,7.513600648711642
Desk,44.87354611744291,201447,314.8735461174429
Chair,43.14109209707135,201447,316.85890790292865
CoffeeTable,8.396846991903445,201447,81.60315300809656
Chair,16.50779223838005,201447,73.49220776161995
Desk,12.823000184599579,201447,102.82300018459958
Chair,23.08408414886364,201447,113.08408414886364
Desk,6.0250736693345175,201447,96.02507366933452
Chair,16.26239134425657,201447,106.26239134425656
Desk,18.509829754813097,201447,108.50982975481311
Chair,17.16320131933918,201447,107.16320131933918
Desk,19.41177725679907,201447,70.58822274320093
Chair,30.096139521793972,201447,59.90386047820603
Desk,27.56941242264088,201447,297.5694124226409
Chair,33.78957402687399,201447,303.789574026874
Desk,6.649288680177733,201447,263.35071131982227
Chair,13.31911553935646,201447,283.31911553935646
Desk,30.96720684637137,201447,300.96720684637137
Chair,39.0666700186336,201447,309.0666700186336
Table,3.273650534384956,201447,266.72634946561504
Chair,18.922088953269082,201447,161.07791104673092
Chair,2.0334734629029185,201447,357.9665265370971
Chair,4.744291490271507,201447,355.2557085097285
Chair,5.296748032772598,201447,5.296748032772598
Chair,11.594582153668057,201447,78.40541784633194
Chair,4.293727404102015,201447,265.706272595898
Desk,2.673574235450616,201447,92.67357423545062
Chair,40.10155518824578,201447,130.10155518824578
Desk,10.69902006062884,201447,79.30097993937116
Chair,10.69902006062884,201447,79.30097993937116
Desk,39.42726980704609,201447,129.4272698070461
Chair,16.940337925767153,201447,106.94033792576714
Desk,16.486376199872552,201447,196.48637619987255
Chair,40.87028539716039,201447,220.8702853971604
Desk,17.95687852201374,201447,162.04312147798626
Chair,8.626095794422213,201447,98.62609579442221
Desk,6.890811362542706,201447,186.8908113625427
Chair,34.08765112544734,201447,214.08765112544737
CoffeeTable,6.197996937608451,201447,173.80200306239155
Chair,21.076999998129992,201447,201.07699999813
CoffeeTable,24.398156365821535,201110,24.398156365821542
Chair,8.860398106735133,201110,8.860398106735131
CoffeeTable,1.4287247504450278,201110,1.4287247504450247
Chair,0.9308535327323284,201110,0.930853532732332
CoffeeTable,17.346662405340055,201110,107.34666240534007
Chair,24.466754700120262,201110,65.53324529987974
Desk,10.745497985609859,201110,280.74549798560986
Chair,38.52889909693624,201110,218.52889909693621
CoffeeTable,22.200981640119522,201110,67.79901835988048
Chair,34.91408279003507,201110,34.91408279003507
Desk,11.342738554818311,201110,78.65726144518169
Chair,27.10585211844341,201110,117.10585211844341
CoffeeTable,11.804043241692,201110,281.804043241692
Chair,3.2271263614203463,201110,266.77287363857965
Desk,10.973595142960448,201110,100.97359514296045
Chair,4.263038961874827,201110,94.26303896187483
CoffeeTable,15.075922212615524,201110,254.92407778738448
Chair,8.176739113965994,201110,278.176739113966
Desk,44.15289392099223,201110,134.15289392099223
Chair,41.44190400628506,201110,131.44190400628506
CoffeeTable,19.17819648198912,201110,109.17819648198912
Chair,42.18174148882571,201110,132.1817414888257
CoffeeTable,21.97000516416844,201110,68.02999483583156
Chair,20.812957003947403,201110,69.1870429960526
Desk,14.137534594859247,201110,75.86246540514075
Chair,34.909360861206494,201110,55.090639138793506
CoffeeTable,44.234020366800394,201110,45.76597963319961
Chair,29.150916333902885,201110,29.150916333902885
CoffeeTable,25.548957383563362,201110,64.45104261643664
Chair,13.628839746030309,201110,76.37116025396969
Desk,15.950666802363173,201110,164.04933319763683
Chair,21.768766733019135,201110,158.23123326698087
Desk,38.14477867851912,201110,231.85522132148088
Chair,18.802090207891354,201110,251.19790979210865
Desk,40.26712894324271,201110,229.73287105675732
Chair,21.426082210985896,201110,248.57391778901413
Desk,8.262518572069496,201110,171.7374814279305
Chair,15.94898762466346,201110,195.94898762466346
Desk,1.6464166842540067,201110,358.353583315746
Chair,38.90915287295621,201110,308.9091528729562
Desk,4.036853213769916,201110,355.9631467862301
Chair,11.175027850884476,201110,11.175027850884476
Desk,31.55871818286522,200681,328.4412818171348
Chair,22.33140821736862,200681,337.6685917826314
Desk,13.617614540546981,200681,346.382385459453
Chair,10.45871583177302,200681,280.458715831773
Desk,31.55871818286522,200681,328.4412818171348
Chair,25.44677609037973,200681,295.44677609037973
Desk,13.617614540546981,200681,346.382385459453
Chair,12.78896229722534,200681,347.21103770277466
Desk,34.491894644349486,200681,304.4918946443495
Chair,13.56582584772184,200681,283.56582584772184
Desk,1.9910889570143127,200681,358.0089110429857
Chair,30.22251815222046,200681,329.77748184777954
Desk,32.68140530751555,200681,302.68140530751555
Chair,14.538828504990931,200681,284.53882850499093
Desk,1.406609152510768,200681,1.40660915251077
Chair,5.752047064202088,200681,354.2479529357979
Desk,13.96017509801652,200681,283.9601750980165
Chair,34.1803140544194,200681,304.1803140544194
Desk,37.32621679492752,200681,232.6737832050725
Chair,29.165307682120982,200681,209.16530768212098
Desk,23.92524082878623,200681,66.07475917121377
Chair,2.273655424027254,200681,92.27365542402725
Desk,11.753568730409938,200681,101.75356873040995
Chair,36.95530642531162,200681,126.95530642531162
Desk,29.69385439467672,200681,60.30614560532328
Chair,34.860877929179225,200681,34.86087792917922
Desk,41.310298854851396,200681,41.310298854851396
Chair,40.058143711343206,200681,40.05814371134321
Desk,39.505346971468555,200681,50.49465302853145
Chair,13.576144817612118,200681,76.42385518238788
Desk,10.71138714895676,200681,100.71138714895675
Chair,39.53721928405719,200681,140.4627807159428
Desk,9.252914692764307,200681,80.7470853072357
Chair,21.90558751926187,200681,68.09441248073813
CoffeeTable,44.760859253766654,200681,44.76085925376665
Chair,42.189374821891334,200681,42.189374821891334
CoffeeTable,9.637100083133376,200681,80.36289991686662
Chair,14.714686441050432,200681,75.28531355894957
Desk,9.329256000747478,200681,80.67074399925252
Chair,6.477331763983102,200681,96.4773317639831
Desk,5.678175960912597,200681,95.6781759609126
Chair,44.72936169965823,200681,45.27063830034177
Desk,11.433789937151573,200681,258.5662100628484
Chair,3.584046938068127,200681,273.5840469380681
Desk,38.235954576332745,200681,38.23595457633275
Chair,29.795558597655912,200681,29.79555859765591
Desk,38.23595723544173,200681,218.23595723544173
Chair,36.9267142961001,200681,216.9267142961001
Desk,27.124596638391097,200681,297.1245966383911
Chair,16.340001136716012,200681,286.340001136716
Desk,8.194484028241177,200681,81.80551597175882
Chair,26.785297173052555,200681,63.21470282694744
Desk,24.683390042459237,200681,65.31660995754076
Chair,7.474763093887589,200681,82.52523690611241
Desk,5.1113836030173445,200681,95.11138360301734
Chair,17.850011557940434,200681,107.85001155794045
Desk,16.538090246586563,200681,73.46190975341344
Chair,0.8377888119617296,200681,90.83778881196172
Desk,11.729897184784122,200681,78.27010281521588
Chair,12.236102326313244,200681,102.23610232631323
Table,29.533815823340774,201278,60.46618417665922
Chair,39.39975371461492,201278,309.3997537146149
Chair,44.71813418030263,201278,314.7181341803026
Chair,6.626724066971008,201278,173.373275933029
Chair,27.510663276922685,201278,152.48933672307732
Chair,10.82464985725818,201278,259.1753501427418
Chair,17.643068002386116,201278,72.35693199761388
Desk,26.624796041137046,201047,153.37520395886295
Chair,8.496187949657696,201047,171.5038120503423
Desk,31.905193393671084,201047,121.90519339367107
Chair,7.485336824316732,201047,97.48533682431673
Desk,0.435182828479185,201047,90.43518282847918
Chair,24.63053468585842,201047,65.36946531414158
Desk,8.001720766756364,201047,98.00172076675635
Chair,33.973341850975316,201047,123.9733418509753
Desk,2.4483475966536616,201047,87.55165240334634
Chair,16.011407182099504,201047,106.01140718209949
Desk,36.903482392742006,201047,126.903482392742
Chair,19.6030618758125,201047,109.60306187581249
Desk,41.950690528361235,201047,131.95069052836124
Chair,29.91316125557549,201047,150.0868387444245
Desk,14.314976553542294,201047,104.3149765535423
Chair,23.897409198207754,201047,113.89740919820775
Desk,9.939354044033223,201047,170.06064595596678
Chair,6.6326938758362814,201047,186.63269387583628
Desk,33.459093505877036,201047,213.45909350587704
Chair,26.65304244907702,201047,206.65304244907702
Desk,40.21738853045292,201047,220.2173885304529
Chair,25.41906365706376,201047,154.58093634293624
Desk,41.39041648358011,201047,221.39041648358014
Chair,39.17315770668756,201047,230.8268422933124
Table,14.827423152054877,201047,165.17257684794512
Chair,5.951803826493176,201047,95.95180382649319
Chair,28.732213490485037,201047,61.267786509514956
Chair,27.728064847472623,201047,62.27193515252738
Chair,6.664896050517086,201047,263.3351039494829
Chair,1.8513401037522499,201047,268.14865989624775
Chair,32.100321846975305,201047,327.8996781530247
Chair,13.808303121855658,201047,166.19169687814434
Desk,2.3074358917536983,201047,177.6925641082463
Chair,28.49588292961846,201047,241.50411707038157
Desk,4.901135616219619,201047,175.09886438378038
Chair,23.132067828971373,201047,203.13206782897137
CoffeeTable,27.81444089419756,200668,117.81444089419757
Chair,15.997833811932821,200668,105.99783381193284
CoffeeTable,2.026324073494152,200668,87.97367592650585
Chair,28.4648026283416,200668,61.535197371658406
Desk,26.794710869626556,200668,296.79471086962656
Chair,7.530723881738027,200668,277.530723881738
Desk,7.306533128593571,200668,352.69346687140643
Chair,19.603640379546675,200668,340.3963596204533
CoffeeTable,22.243204435277192,200668,157.7567955647228
Chair,15.166321958296777,200668,164.83367804170322
CoffeeTable,4.895050393075309,200668,184.8950503930753
Chair,18.852394367069394,200668,161.1476056329306
CoffeeTable,13.057390365135177,200668,166.94260963486482
Chair,15.508761643712631,200668,164.49123835628737
Desk,1.7732440096814344,200668,181.77324400968143
Chair,4.034868855245406,200668,184.0348688552454
Desk,4.869541188161577,200668,85.13045881183841
Chair,12.263059990574135,200668,102.26305999057413
CoffeeTable,18.169684971046763,200668,71.83031502895324
Chair,39.30156822909453,200668,50.69843177090547
CoffeeTable,14.109345071338822,200668,75.89065492866118
Chair,12.226740195940806,200668,102.22674019594079
Desk,28.726193239292712,200668,151.2738067607073
Chair,18.896752759568415,200668,161.10324724043159
CoffeeTable,16.14787887544722,200668,163.85212112455278
Chair,13.39156226956726,200668,166.60843773043274
CoffeeTable,43.97787250331362,200668,133.97787250331362
Chair,37.66074352183256,200668,127.66074352183257
Desk,29.414506162551675,200668,240.5854938374483
Chair,3.9834994059284554,200668,266.01650059407154
Desk,39.44190775483716,200668,140.55809224516284
Chair,23.78914769894328,200668,156.21085230105672
Desk,39.44190775483716,200668,140.55809224516284
Chair,18.91351177507599,200668,161.086488224924
CoffeeTable,28.882799793435822,200668,151.11720020656418
Chair,24.660370133485372,200668,155.33962986651463
Desk,27.393457495116223,200668,62.60654250488377
Chair,15.663143586376151,200668,74.33685641362385
Desk,36.92076433507765,200668,36.920764335077656
Chair,41.54073216681272,200668,41.54073216681271
CoffeeTable,6.6262240584547385,200668,83.37377594154525
Chair,37.804967334148415,200668,142.19503266585158
CoffeeTable,27.67380249016587,200668,27.673802490165865
Chair,20.330389214215316,200668,20.330389214215316
Desk,6.995317329140107,200348,276.9953173291401
Chair,15.108439815238171,200348,285.10843981523817
Desk,14.889214703665232,200348,284.88921470366523
Chair,1.9292646116389847,200348,271.929264611639
Desk,0.898568586229203,200348,269.1014314137708
Chair,35.63227853277908,200348,234.3677214672209
Desk,6.995317329140107,200348,276.9953173291401
Chair,17.03446384371125,200348,252.96553615628878
Desk,14.889214703665232,200348,284.88921470366523
Chair,33.93311714328814,200348,303.93311714328814
Desk,22.47409875054251,200348,292.4740987505425
Chair,10.268436136650053,200348,280.26843613665005
Desk,35.61331587750925,200348,305.61331587750925
Chair,37.02109609845752,200348,307.0210960984575
Desk,11.777048952214443,200348,258.22295104778556
Chair,5.806183532391742,200348,275.80618353239174
Desk,31.311711126444152,200348,148.68828887355585
Chair,25.14907407348221,200348,205.1490740734822
Desk,40.15367562363434,200348,220.15367562363434
Chair,42.784405610399574,200348,222.78440561039957
Desk,31.311711126444152,200348,148.68828887355585
Chair,5.852537764612265,200348,174.14746223538774
Desk,4.420979383806127,200348,184.42097938380613
Chair,14.890075675592414,200348,194.8900756755924
Desk,31.311711126444152,200348,148.68828887355585
Chair,12.08789993915019,200348,167.9121000608498
Desk,4.420979383806127,200348,184.42097938380613
Chair,37.372511373414056,200348,127.37251137341406
Desk,10.650543636817304,200348,169.3494563631827
Chair,15.465852834435282,200348,164.53414716556472
Desk,22.057840718036488,200348,202.0578407180365
Chair,18.287383085197035,200348,198.28738308519704
Desk,22.34315078169982,200348,202.34315078169982
Chair,32.650862051331615,200348,212.65086205133164
Table,11.632173113927706,201363,11.632173113927708
Chair,19.23581731221094,201363,199.23581731221094
Chair,22.987770332821043,201363,22.987770332821047
Desk,24.337920739861644,201363,24.33792073986164
Chair,16.812720376948675,201363,73.18727962305132
Desk,23.77328286487392,201363,23.773282864873913
Chair,44.26466978177422,201363,44.26466978177422
Table,6.121612863470602,201363,353.8783871365294
Chair,10.365463880146535,201363,259.63453611985346
Chair,21.161310737683465,201363,201.16131073768346
Chair,20.994466206379172,201363,339.0055337936208
Table,4.910560771949491,201363,175.0894392280505
Chair,26.673567332533082,201363,116.67356733253308
Chair,4.520061386678094,201363,175.4799386133219
Desk,31.61728056638333,201363,211.61728056638333
Chair,44.12194315225929,201363,225.87805684774074
Table,12.57123661620227,201363,347.42876338379773
Chair,12.76946873780048,201363,257.2305312621995
Chair,36.73758381475747,201363,53.26241618524252
Chair,38.875743703922126,201363,308.8757437039221
Desk,30.87249579896178,201363,329.1275042010382
Chair,8.230734678620195,201363,351.7692653213798
CoffeeTable,21.769097101945817,201055,291.7690971019458
Chair,6.753970317097128,201055,276.7539703170971
CoffeeTable,1.4523151064892659,201055,268.54768489351073
Chair,26.271660768920583,201055,243.7283392310794
CoffeeTable,6.026277292064265,201055,263.97372270793574
Chair,1.6049876883288334,201055,271.60498768832883
CoffeeTable,31.989070220534757,201055,31.989070220534753
Chair,34.31139002057145,201055,55.688609979428556
CoffeeTable,25.431913565174042,201055,64.56808643482596
Chair,8.97218256188404,201055,81.02781743811596
CoffeeTable,6.348322751904462,201055,6.348322751904463
Chair,17.057582668703674,201055,342.9424173312963
Desk,14.536915949829677,201055,194.53691594982968
Chair,7.48011564356861,201055,187.4801156435686
Desk,2.500963846215001,201055,177.499036153785
Chair,22.69100645351415,201055,112.69100645351415
Desk,4.025558702434523,201055,175.97444129756548
Chair,19.260769624188868,201055,199.26076962418887
Desk,5.277648690351867,201055,185.27764869035187
Chair,2.374798539727209,201055,177.6252014602728
Desk,15.512808260980762,201055,254.48719173901924
Chair,13.506997611786744,201055,256.49300238821326
Desk,26.170423320864444,201055,153.82957667913556
Chair,1.8610330144113618,201055,178.13896698558864
Desk,42.850052455456705,201055,317.1499475445433
Chair,35.76438080589895,201055,324.23561919410105
Desk,1.1279784016399503,201055,358.87202159836005
Chair,7.902861872187778,201055,7.902861872187777
Desk,44.28343816026933,201055,315.7165618397307
Chair,44.871550689081346,201055,315.12844931091865
CoffeeTable,12.671069928341439,201055,12.671069928341435
Chair,6.335036204410073,201055,353.6649637955899
CoffeeTable,21.817936435762775,201055,68.18206356423723
Chair,9.297966364195432,201055,80.70203363580457
