seed,layout,id,kind,neighbor,support,x_m,y_m,z_m,width_m,height_m,depth_m,yaw_radians,variant,u,v
0,Reception,0,CoffeeTable,false,,-1.444883,0,1.1895518,1.1926006,0.4028866,0.6519114,3.5830638,0,0.34953633,0.6461968
0,Reception,1,Chair,false,,-0.7137469,0,-0.13570857,0.68,1.0056483,0.68,4.3842077,4,0.42567357,0.4833213
0,Reception,2,Chair,false,,-2.7603817,0,0.9460654,0.8995019,0.9506964,0.9664222,4.3694997,8,0.21254614,0.6162721
0,Reception,3,Desk,false,,-3.0051718,0,-0.3846655,1.0924191,0.74,0.66470826,3.8218884,2,0.18705481,0.45272434
0,Reception,4,Chair,false,,-3.6313102,0,-1.0001876,0.68,0.48,0.68,3.9649026,6,0.12185153,0.3770762
0,Reception,5,Desk,false,,-2.4649558,0,2.993687,1.1524476,0.74,0.7393091,3.2993667,2,0.24331048,0.86792624
0,Reception,6,Chair,false,,-2.689827,0,2.1083682,0.68,0.8386131,0.68,2.93274,5,0.2198934,0.75912
0,Reception,7,TrashCan,false,,-2.514596,0,-3.4183245,0.35,0.54456675,0.35,0,1,0.23814118,0.07988548
0,Reception,8,Desk,false,,3.25456,0,0.4907256,1.9895527,0.754767,0.8514822,0.5946523,2,0.83891535,0.56031054
0,Reception,9,Chair,false,,3.8562293,0,1.2496784,0.68,0.99418306,0.68,1.7365192,4,0.90157056,0.6535864
0,Reception,10,Sofa,false,,2.9434593,0,-2.852996,1.4955182,0.92284167,0.93729603,0.26111877,1,0.80651873,0.14936474
0,Reception,11,Bookcase,false,,1.5867051,0,-2.4086542,1.161929,1.3570269,0.34,-1.5707964,1,0.6652324,0.20397466
0,Reception,12,Plant,false,,-3.8514345,0,3.1083245,0.9,1.696274,0.9,1.7141922,2,0.09892878,0.88201535
0,Reception,13,TrashCan,false,,4.1814346,0,2.0683246,0.37,0.55,0.37,0,0,0.935436,0.75419855
0,Reception,14,Desk,true,,-2.112631,0,6.0683246,1.5,0.74,0.75,3.1415927,2,0.28000003,0.625
0,Reception,15,Chair,true,,-2.112631,0,5.1483245,0.68,1.02,0.68,3.1415927,9,0.28000003,0.33749998
0,Reception,16,Cabinet,true,,0.7682295,0,6.7183247,1.6,1.2,0.4,3.1415927,1,0.58,0.828125
0,Reception,17,Plant,true,,-4.1014347,0,6.3683243,0.8,1.7,0.8,3.1415927,5,0.07289487,0.7187499
0,Reception,18,Whiteboard,false,,2.9424992,1.6154323,-3.9961166,1.4407287,1.1300662,0.14241572,0,0,0.8064188,0.008874416
0,Reception,19,LightSwitch,false,,0.051594853,1.1375955,-3.5942307,0.22500001,0.105185494,0.018,0,0,0.5053729,0.05826649
0,Reception,20,WallOutlet,false,,4.589944,0.32043424,-1.0247129,0.15,0.10452921,0.018,-1.5307268,0,0.9779763,0.37406206
0,Reception,21,WallOutlet,false,,2.0914667,0.3321643,-4.0610247,0.075,0.102258615,0.018,0,0,0.717796,0.0008971691
0,Reception,22,WallOutlet,false,,-1.2617826,0.33873275,-3.7866998,0.075,0.1222815,0.018,-1.5707963,0,0.3686036,0.03461188
0,Reception,23,WallOutlet,false,,0.47155535,0.34649953,-3.5942307,0.22500001,0.12148447,0.018,0,0,0.54910564,0.05826649
0,Reception,24,WallOutlet,false,,-4.490558,0.36734882,-2.0983944,0.15,0.10192769,0.018,1.5216093,0,0.03237328,0.24210584
0,Reception,25,Notebook,false,0,-1.1665711,0.40288663,1.0248462,0.2,0.016,0.27,3.761555,1,0.37851846,0.62595433
0,Reception,26,CoffeeCup,false,0,-1.7683606,0.40288663,1.3424206,0.093335755,0.09019796,0.093335755,2.985568,0,0.3158508,0.66498446
0,Reception,27,Laptop,false,3,-2.95485,0.7400001,-0.32247457,0.34145483,0.26642066,0.33219007,-2.3571196,0,0.19229507,0.46036765
0,Reception,28,Mug,false,3,-3.2599413,0.7400001,-0.17851846,0.106121734,0.07677589,0.100768745,4.7653894,2,0.16052422,0.47805995
0,Reception,29,Laptop,false,5,-2.4523861,0.73999995,3.0726933,0.2899785,0.2742117,0.3313964,-2.9001703,3,0.24461943,0.8776362
0,Reception,30,Laptop,false,8,3.2097423,0.75476694,0.42445815,0.32403833,0.27355766,0.33587864,0.6282022,0,0.8342483,0.5521662
0,Reception,31,SodaCan,false,8,3.7489698,0.75476694,0.15634897,0.06605685,0.14685467,0.06605685,1.1533608,0,0.890401,0.5192154
0,Reception,32,Notebook,false,0,-1.4721187,0.40288663,1.190277,0.19,0.024174187,0.25,4.6604023,1,0.34670013,0.6462859
0,Reception,33,Books,false,8,2.713201,0.75476694,0.77876484,0.16169551,0.04468686,0.21,-1.2097256,1,0.7825407,0.59571075
0,Reception,34,Mug,true,14,-2.1929634,0.74,6.286159,0.11565067,0.10603524,0.098277375,0.9214101,2,0.27163458,0.6930733
0,Reception,35,Notepad,true,14,-1.7250278,0.74,6.210956,0.16450912,0.010252805,0.18979156,5.5230536,1,0.32036328,0.66957235
0,Reception,36,Notepad,true,16,0.24098504,1.2,6.692261,0.19100866,0.023514636,0.23196736,5.1139565,0,0.5250951,0.8199802
1,Breakroom,0,Sofa,false,,1.3723781,0,0.031386495,3.4,0.97785467,0.8434586,8.242994,0,0.720099,0.5029111
1,Breakroom,1,CoffeeTable,false,,0.3276676,0,0.49299186,1.434767,0.35193515,0.7440562,5.0305767,1,0.5525506,0.54572487
1,Breakroom,2,Chair,false,,-1.0019801,0,-0.5624482,0.68,1.2424915,0.68,4.8843875,9,0.33930463,0.44783306
1,Breakroom,3,Chair,false,,0.09791699,0,2.1208756,0.68,0.842638,0.68,5.238045,4,0.51570374,0.6967107
1,Breakroom,4,Bookcase,false,,-2.4676385,0,2.2764354,0.8295907,1.8817824,0.34,-1.5707964,1,0.10424554,0.71113884
1,Breakroom,5,Bookcase,false,,2.4676385,0,3.5176196,0.8058567,1.7295136,0.34,1.5707964,1,0.89575446,0.82625836
1,Breakroom,6,Cabinet,false,,0,0,-4.7508497,1.8082302,0.82,0.55,0,1,0.5,0.05935982
1,Breakroom,7,Desk,true,,-1.3717608,0,7.3908496,1.5,0.74,0.75,3.1415927,2,0.28,0.625
1,Breakroom,8,Chair,true,,-1.3717608,0,6.4708495,0.68,1.02,0.68,3.1415927,2,0.28,0.33749998
1,Breakroom,9,Cabinet,true,,0.49882212,0,8.04085,1.6,1.2,0.4,3.1415927,2,0.58,0.828125
1,Breakroom,10,Plant,true,,0.2838626,0,7.15014,0.8,1.7,0.8,3.1415927,2,0.54552525,0.54977816
1,Breakroom,11,Display,false,,0.3895191,1.9622984,-5.35485,1.9626356,0.6726056,0.07,0,0,0.5624702,0.0033389628
1,Breakroom,12,LightSwitch,false,,0.8527082,1.0734036,-5.3835497,0.075,0.123125345,0.018,0,1,0.63675547,0.00067704916
1,Breakroom,13,WallOutlet,false,,-2.771851,0.2400625,-1.3701589,0.22500001,0.10420765,0.018,1.5207748,1,0.05545661,0.37291807
1,Breakroom,14,WallOutlet,false,,2.811196,0.3350099,-0.6754185,0.075,0.105349414,0.018,-1.5215253,1,0.95085347,0.4373551
1,Breakroom,15,PenHolder,false,1,0.6627824,0.35193515,0.82068384,0.08,0.17,0.08,5.0305767,2,0.6062956,0.57611823
1,Breakroom,16,Notebook,false,1,0.17798108,0.35193515,0.13443547,0.2,0.016,0.27,5.0797896,1,0.5285442,0.5124689
1,Breakroom,17,Laptop,true,7,-1.3717608,0.74,7.4708495,0.33431375,0.31525207,0.3774306,3.1415927,1,0.28,0.65
1,Breakroom,18,Plant,true,9,0.05082211,1.2,8.04085,0.32,0.46,0.32,4.7391605,4,0.50815076,0.828125
1,Breakroom,19,Pencil,false,1,0.4147313,0.35193515,0.90755224,0.008,0.009,0.17259628,5.5498266,1,0.5665137,0.5841752
1,Breakroom,20,Pencil,false,1,0.12967756,0.35193515,0.63541615,0.008,0.009,0.15558752,6.9598436,0,0.52079743,0.5589347
1,Breakroom,21,Plant,false,6,-0.6583751,0.82,-4.809678,0.24,0.24747165,0.24,-0.3039124,2,0.39441127,0.05390352
1,Breakroom,22,Pencil,false,6,0.50055194,0.82,-4.7128716,0.008,0.009,0.13645643,1.6788132,0,0.58027744,0.062882304
1,Breakroom,23,Books,false,6,0.6212291,0.82,-4.856773,0.17411138,0.041155085,0.21,-0.08055425,1,0.59963137,0.049535483
1,Breakroom,24,Mug,true,7,-1.9188958,0.74,7.654246,0.12041307,0.092299804,0.08207276,2.5505593,2,0.19225168,0.70731133
1,Breakroom,25,Pencil,true,9,0.8004898,1.2,7.9591208,0.008,0.009,0.14774665,0.11425996,2,0.6283808,0.8025847
