case,gender,height_anchor,native_stature_m,shoulder_span_m
neutral,0.05,0,1.3536264690171564,0.3346501994422173
neutral,0.05,0.1,1.462592512489279,0.34864941176010644
neutral,0.05,0.2,1.571558555961401,0.3626486240779957
neutral,0.05,0.3,1.6805245994335234,0.37664783639588484
neutral,0.05,0.4,1.7894906429056456,0.39064704871377404
neutral,0.05,0.5,1.8984566863777674,0.40464626103166323
neutral,0.05,0.6,2.00742272984989,0.41864547334955243
neutral,0.05,0.7,2.1163887733220124,0.4326446856674415
neutral,0.05,0.8,2.2253548167941344,0.44664389798533083
neutral,0.05,0.9,2.3343208602662564,0.4606431103032199
neutral,0.05,1,2.443286903738379,0.4746423226211091
neutral,0.95,0,1.2293630083039544,0.2710539480603765
neutral,0.95,0.1,1.3383138196873994,0.2849039854476679
neutral,0.95,0.2,1.4472646310708444,0.2987540228349593
neutral,0.95,0.3,1.5562154424542896,0.31260406022225057
neutral,0.95,0.4,1.6651662538377345,0.32645409760954197
neutral,0.95,0.5,1.7741170652211795,0.34030413499683326
neutral,0.95,0.6,1.883067876604625,0.35415417238412467
neutral,0.95,0.7,1.99201868798807,0.36800420977141596
neutral,0.95,0.8,2.100969499371515,0.38185424715870736
neutral,0.95,0.9,2.20992031075496,0.39570428454599865
neutral,0.95,1,2.318871122138405,0.40955432193329006
light,0.05,0,1.3568429504969581,0.37605224186843966
light,0.05,0.1,1.4658086835664017,0.39005967803484437
light,0.05,0.2,1.5747744166358455,0.4040671142012489
light,0.05,0.3,1.6837401497052897,0.41807455036765345
light,0.05,0.4,1.792705882774733,0.4320819865340578
light,0.05,0.5,1.9016716158441773,0.4460894227004626
light,0.05,0.6,2.0106373489136202,0.4600968588668669
light,0.05,0.7,2.1196030819830645,0.4741042950332717
light,0.05,0.8,2.228568815052509,0.48811173119967627
light,0.05,0.9,2.337534548121952,0.5021191673660809
light,0.05,1,2.4465002811913954,0.5161266035324854
light,0.95,0,1.2395405051755894,0.2808123830864674
light,0.95,0.1,1.3484863898628645,0.2948186735955509
light,0.95,0.2,1.4574381349274246,0.3088249641046343
light,0.95,0.3,1.5664139651273938,0.32283125461371764
light,0.95,0.4,1.6753897953273633,0.3368375451228009
light,0.95,0.5,1.7843656255273326,0.35084383563188454
light,0.95,0.6,1.8933414557273025,0.36485012614096757
light,0.95,0.7,2.0023172859272718,0.37885641665005126
light,0.95,0.8,2.111293116127241,0.3928627071591346
light,0.95,0.9,2.2202689463272116,0.40686899766821816
light,0.95,1,2.3292447765271804,0.4208752881773013
heavy,0.05,0,1.3536264690171564,0.3346501994422173
heavy,0.05,0.1,1.4625922997818734,0.3486550472574846
heavy,0.05,0.2,1.5715581305465904,0.362659895072752
heavy,0.05,0.3,1.6805239613113068,0.3766647428880193
heavy,0.05,0.4,1.789489792076024,0.3906695907032865
heavy,0.05,0.5,1.898455622840741,0.4046744385185539
heavy,0.05,0.6,2.007421453605457,0.41867928633382134
heavy,0.05,0.7,2.1163872843701745,0.43268413414908863
heavy,0.05,0.8,2.2253531151348915,0.44668898196435586
heavy,0.05,0.9,2.334318945899608,0.46069382977962325
heavy,0.05,1,2.443284776664325,0.47469867759489054
heavy,0.95,0,1.2293630083039542,0.2710539480603767
heavy,0.95,0.1,1.3383104436058362,0.2850110598978527
heavy,0.95,0.2,1.4472578789077186,0.29896817173532875
heavy,0.95,0.3,1.5562053142096004,0.3129252835728048
heavy,0.95,0.4,1.6651527495114828,0.3268823954102807
heavy,0.95,0.5,1.7741001848133648,0.3408395072477568
heavy,0.95,0.6,1.8830476201152466,0.3547966190852329
heavy,0.95,0.7,1.9919950554171293,0.3687537309227089
heavy,0.95,0.8,2.100942490719011,0.38271084276018486
heavy,0.95,0.9,2.2098899260208933,0.39666795459766097
heavy,0.95,1,2.318837361322775,0.41062506643513685
