seed,id,chair,neighbor,pose,outfit,stature_m,build,skin_tone,hairstyle,glasses,x_m,y_m,z_m,yaw_radians
0,50,20,true,SeatedListening,Blazer,1.5586509,0.87653255,0,11,false,-2.112631,0,5.1483245,3.1415927
0,51,1,false,SeatedListening,Knitwear,1.8154367,0.9688151,3,10,false,-0.7137469,0,-0.13570857,4.3842077
0,52,2,false,SeatedTalking,Tee,1.5309299,0.92203856,7,6,false,-2.7603817,0,0.9460654,4.3694997
0,53,6,false,SeatedListening,Cardigan,1.5586233,1.2104416,5,1,false,-2.689827,0,2.1083682,2.93274
0,54,,false,StandingWalking,Cardigan,1.945961,1.0185603,5,10,true,1.4986868,0,0.56402516,0.09073472
0,55,,false,StandingWalking,Blazer,1.9155364,1.0204943,6,0,true,-3.117578,0,-3.379299,-2.9809787
1,29,8,true,SeatedTalking,Cardigan,1.611694,1.0995272,2,15,false,-1.3717608,0,6.4708495,3.1415927
1,30,3,false,SeatedTalking,Tee,1.8841617,0.99632984,0,5,false,0.09791699,0,2.1208756,5.238045
1,31,2,false,SeatedListening,Blazer,1.89137,1.0382652,4,3,false,-1.0019801,0,-0.5624482,4.8843875
1,32,,false,StandingRelaxed,Polo,1.6164035,1.1052469,6,10,false,-0.10147701,0,3.7684252,1.2885778
1,33,,false,StandingRelaxed,Blazer,1.7469926,1.1542988,4,10,false,-0.7817792,0,-2.7387965,-1.0167828
2,54,14,false,SeatedTalking,Knitwear,1.5239661,1.0446868,4,12,false,-3.156923,0,1.9842974,4.6647215
2,55,18,true,SeatedListening,Cardigan,1.6632172,0.8967989,4,13,false,-2.0299718,0,4.8360248,3.1415927
2,56,10,false,SeatedWorking,Shirt,1.6565232,1.2016969,5,4,true,-2.933618,0,0.40048194,4.907095
2,57,3,false,SeatedListening,Knitwear,1.6144392,0.86279005,1,3,false,-0.39992958,0,-1.7803525,2.07901
2,58,,false,StandingReading,Polo,1.9304787,1.0306861,5,10,false,1.4376398,0,2.3748138,-1.4948568
2,59,,false,StandingRelaxed,Cardigan,1.6383661,0.85274774,2,3,false,2.6370614,0,-2.1491604,0.99486995
3,111,17,false,SeatedListening,Shirt,1.5076381,1.1619626,5,8,false,-0.0058172345,0,2.5670018,1.7736504
3,112,29,false,SeatedTalking,Blazer,1.6427252,1.0450904,6,2,false,-5.2362046,0,-1.086514,1.9536011
3,113,49,true,SeatedTalking,Blazer,1.6915058,1.1541669,1,6,false,-3.1908343,0,7.221098,3.1415927
3,114,33,false,SeatedWorking,Blazer,1.7799052,1.1737212,6,2,false,0.10918465,0,3.9358406,1.7031964
3,115,3,false,SeatedWorking,Blazer,1.5479205,1.1506544,4,0,false,1.1936913,0,-0.80976,2.8141894
3,116,21,false,SeatedWorking,Polo,1.850333,0.93263745,1,11,true,1.6150962,0,1.276664,2.809555
3,117,19,false,SeatedListening,Tee,1.5512948,0.91822195,2,14,false,-3.137091,0,-5.265008,3.600456
3,118,11,false,SeatedListening,Cardigan,1.6864904,1.1227467,4,2,false,-4.9108515,0,2.6616087,2.0180094
3,119,15,false,SeatedTalking,Tee,1.7424525,0.9750963,5,14,true,4.456583,0,-1.6718137,2.9887629
3,120,27,false,SeatedWorking,Tee,1.7049693,0.917519,1,17,false,1.3945845,0,4.4672275,3.314564
3,121,1,false,SeatedListening,Cardigan,1.5440215,1.0756729,1,6,false,-4.606473,0,4.0066786,3.6293485
3,122,7,false,SeatedWorking,Knitwear,1.8013997,0.9284632,1,1,true,-1.3650489,0,-1.6005661,2.4183784
3,123,,false,StandingRelaxed,Knitwear,1.7346613,0.9389707,6,10,false,-3.5032847,0,-1.3321246,2.7698414
3,124,,false,StandingRelaxed,Polo,1.7837226,0.9453476,3,9,true,-1.5824184,0,0.7786444,-0.8958597
4,57,5,false,SeatedListening,Cardigan,1.670594,1.0296447,5,10,false,0.8586253,0,2.1665866,3.341268
4,58,,false,StandingRelaxed,Polo,1.6869328,1.0944668,7,3,false,2.216568,0,0.8138983,-2.498416
4,59,,false,StandingPresenting,Shirt,1.7178713,0.83551365,5,7,false,0.93097776,0,0.34653407,0.42442894
5,121,35,false,SeatedListening,Tee,1.6001842,1.1315448,0,14,false,-1.4544848,0,8.908987,0.023233358
5,122,1,false,SeatedTalking,Shirt,1.6180149,0.9241765,3,16,false,1.6560698,0,-9.073949,4.2626038
5,123,5,false,SeatedListening,Cardigan,1.5052785,0.87459755,1,10,true,3.5175784,0,-7.5286226,4.5488133
5,124,9,false,SeatedTalking,Blazer,1.5828867,1.1412727,5,11,false,2.1221447,0,-5.2002745,4.467514
5,125,26,false,SeatedListening,Shirt,1.7777628,0.89467955,4,1,false,2.696188,0,5.2556777,2.9179697
5,126,19,false,SeatedListening,Knitwear,1.7112293,1.0143025,4,11,false,-2.320404,0,2.0709367,-0.2915235
5,127,22,false,SeatedListening,Cardigan,1.6115929,1.1243293,7,14,false,3.8574066,0,5.1987896,6.0300474
5,128,,false,StandingWalking,Cardigan,1.6361163,1.0400302,0,6,false,4.018006,0,0.3986819,0.13364053
5,129,,false,StandingRelaxed,Tee,1.6310006,0.9415878,5,15,true,2.7767594,0,-0.05578814,-1.8597248
6,81,1,false,SeatedListening,Polo,1.759836,0.86951536,6,17,false,-2.7064867,0,-4.6624002,-1.4643269
6,82,3,false,SeatedTalking,Knitwear,1.728714,1.059967,3,18,false,2.050834,0,-4.509638,-0.18642348
6,83,17,false,SeatedWorking,Knitwear,1.7537434,0.9267709,1,9,false,1.0887718,0,-1.4402032,4.8283563
6,84,15,false,SeatedListening,Tee,1.6591734,1.1234868,2,1,false,-2.6294477,0,-0.6819949,4.4327893
6,85,,false,StandingWalking,Tee,1.6155127,0.9412469,7,7,false,-1.1079702,0,-0.98645234,0.869683
6,86,,false,StandingWalking,Cardigan,1.8023162,1.0156815,7,1,true,-2.6798823,0,-3.7167456,-1.9692599
7,102,16,false,SeatedListening,Blazer,1.6601479,0.9638865,5,0,false,2.578155,0,6.3591046,0.71041954
7,103,12,false,SeatedListening,Polo,1.6075368,1.1381145,6,8,false,2.3584564,0,-3.7256246,1.02343
7,104,5,false,SeatedListening,Tee,1.6172732,0.9776666,2,8,true,0.071063355,0,2.4358346,3.7366657
7,105,20,false,SeatedTalking,Cardigan,1.6281867,1.0352836,1,3,true,1.4911768,0,4.938621,-0.7496003
7,106,22,false,SeatedListening,Shirt,1.696992,0.99701047,3,12,false,1.3774695,0,-5.6087737,-0.35658783
7,107,,false,StandingReading,Blazer,1.6269094,1.0105944,2,8,false,0.17843904,0,5.2543178,3.0914776
7,108,,false,StandingPresenting,Blazer,1.8904576,1.0620668,0,5,false,1.241367,0,7.2202744,0.45250702
8,34,4,false,SeatedTalking,Knitwear,1.7518197,1.1477996,6,1,true,0.1867212,0,-1.9157851,3.6685543
8,35,12,false,SeatedTalking,Polo,1.697478,0.840009,3,6,false,5.5220966,0,-1.6226274,1.2871242
8,36,17,true,SeatedWorking,Knitwear,1.5069737,1.1033332,1,15,false,-3.9380755,0,4.9191856,3.1415927
8,37,10,false,SeatedTalking,Polo,1.5234048,0.89893585,0,10,true,4.829704,0,0.78786373,1.4740868
8,38,1,false,SeatedTalking,Knitwear,1.8341568,0.8437097,2,7,true,-7.7341733,0,-0.111289024,4.133855
8,39,8,false,SeatedTalking,Tee,1.7850262,0.90132874,0,2,false,6.219017,0,1.6038492,0.2963359
8,40,,false,StandingWalking,Shirt,1.7070628,1.2111496,2,13,true,3.8753316,0,-1.1231273,-2.0073104
8,41,,false,StandingWalking,Shirt,1.809229,1.028822,7,0,false,-1.7884786,0,2.4811354,1.2645319
9,29,,false,StandingWalking,Cardigan,1.8871152,0.8377509,7,5,false,-1.7776852,0,-0.52487916,0.07972121
9,30,,false,StandingWalking,Knitwear,1.9311955,1.0846571,1,9,true,-1.4305003,0,0.79305524,-1.3107904
10,74,11,false,SeatedWorking,Tee,1.536974,0.88672113,2,7,false,2.6206486,0,-1.3900957,2.043211
10,75,17,false,SeatedListening,Tee,1.8183911,0.8380145,7,17,false,0.0058743954,0,-0.87671053,0.96032
10,76,13,false,SeatedListening,Knitwear,1.7859371,0.92675424,0,10,false,4.6820107,-0.25583044,-0.62736094,2.1685038
10,77,1,false,SeatedTalking,Polo,1.646761,1.1450732,2,3,false,-3.9085853,0,0.46620375,0.73885906
10,78,19,false,SeatedWorking,Shirt,1.6695362,0.96864456,0,4,false,-0.33042902,0,2.2064633,1.9877098
10,79,21,false,SeatedWorking,Tee,1.595089,1.1450598,6,4,false,-1.0517558,0,0.43916878,1.122542
10,80,3,false,SeatedListening,Cardigan,1.6440817,1.2029403,5,6,false,-5.234715,0,2.886773,0.036399424
10,81,24,true,SeatedListening,Blazer,1.7425547,1.0268867,6,16,false,-2.9648883,0,4.7052374,3.1415927
10,82,,false,StandingReading,Polo,1.6362097,1.1189344,0,17,false,2.328204,0,1.4319772,-0.21006632
10,83,,false,StandingPresenting,Knitwear,1.7398071,0.8265955,0,1,true,5.2905736,0,1.6965321,1.2548057
11,104,22,false,SeatedListening,Blazer,1.5774487,0.9037818,3,4,true,-3.3207734,0,5.9792104,3.898353
11,105,9,false,SeatedListening,Shirt,1.7005512,1.0893934,6,18,false,4.103391,0,-2.556703,-0.16685654
11,106,48,true,SeatedWorking,Knitwear,1.5525486,1.1413839,3,15,false,-2.8302865,0,8.854418,3.1415927
11,107,40,false,SeatedWorking,Tee,1.7364093,1.0730138,5,8,false,-1.4138975,0,2.7242239,4.6308002
11,108,37,false,SeatedListening,Polo,1.531105,1.0941157,0,5,false,-4.1358666,0,-1.8326917,1.3514125
11,109,20,false,SeatedTalking,Knitwear,1.5861086,1.1557238,5,9,false,-1.8241558,0,4.953497,4.1126733
11,110,18,false,SeatedListening,Cardigan,1.6051813,1.1257229,7,7,false,-5.3092685,0,5.0969796,4.101665
11,111,35,false,SeatedListening,Shirt,1.938439,1.1258919,5,17,false,-4.8359413,0,-3.457294,0.43317556
11,112,,false,StandingRelaxed,Polo,1.7697407,0.95025796,3,14,false,-3.5873287,0,-3.2608647,0.31284523
11,113,,false,StandingReading,Polo,1.7422483,0.8974414,2,17,true,-1.7227734,0,0.044720054,0.8765719
12,120,29,false,SeatedListening,Cardigan,1.611596,0.8542248,2,0,false,0.72778094,0,-4.038403,5.1816397
12,121,14,false,SeatedListening,Blazer,1.711642,0.92905533,6,0,false,-5.0253687,0,2.0090306,0.21611357
12,122,38,false,SeatedTalking,Polo,1.690747,0.9641306,3,0,false,0.8532092,0,4.0884256,1.8219172
12,123,4,false,SeatedTalking,Shirt,1.5882223,0.89828444,7,10,false,-2.364503,0,2.5185218,0.09045747
12,124,1,false,SeatedWorking,Polo,1.7118167,1.2052534,3,12,true,-4.2660966,0,-1.7738647,3.50008
12,125,25,false,SeatedListening,Cardigan,1.65552,0.90980804,3,16,false,2.740484,0,-2.9011645,8.081932
12,126,8,false,SeatedListening,Cardigan,1.5318056,0.8592642,0,16,true,-3.1372476,0,-5.0815353,0.4657758
12,127,2,false,SeatedTalking,Polo,1.7281691,1.0702736,0,15,true,-3.8454118,0,0.6009746,0.009236455
12,128,31,false,SeatedWorking,Cardigan,1.5447305,0.9154238,3,16,false,-0.68624663,0,-5.781963,5.122361
12,129,27,false,SeatedListening,Tee,1.5698044,1.0165468,3,1,false,0.50732905,0,2.3779037,5.0507765
12,130,17,false,SeatedTalking,Cardigan,1.6882492,0.96906334,5,10,false,4.878719,0,-4.959713,7.612539
12,131,,false,StandingReading,Tee,1.9116019,0.8815171,0,5,true,3.057598,0,-4.539651,-1.9814209
12,132,,false,StandingWalking,Blazer,1.5791178,1.1233068,3,7,true,-5.5181675,0,3.8339658,1.9591076
13,46,7,false,SeatedWorking,Blazer,1.5001388,1.0664389,4,13,false,-0.68023366,0,4.5282426,1.1119952
13,47,2,false,SeatedTalking,Tee,1.8737226,1.0637803,6,11,true,-0.17836425,0,-4.185095,1.4723877
13,48,17,true,SeatedListening,Knitwear,1.6523365,1.1542668,4,1,false,-1.7937821,0,7.719159,3.1415927
13,49,,false,StandingPresenting,Knitwear,1.7375044,0.8899064,3,18,false,-2.8412085,0,0.27717412,4.779607
13,50,,false,StandingConversation,Blazer,1.5530192,1.0910176,4,11,true,2.0260384,0,-0.5774166,0.28132606
14,74,32,false,SeatedTalking,Cardigan,1.502798,1.1073159,1,8,true,2.8606253,0,-4.5048146,1.3992023
14,75,10,false,SeatedListening,Knitwear,1.5498548,0.8876085,4,15,false,-2.2692509,0,-0.0155928135,2.6891823
14,76,8,false,SeatedTalking,Tee,1.5529803,1.0090463,7,9,true,-3.834258,0,-1.5072575,3.6648858
14,77,17,false,SeatedListening,Knitwear,1.6020107,0.83635104,3,3,false,3.1898665,0,2.35954,3.7557034
14,78,25,false,SeatedTalking,Knitwear,1.63949,0.87593454,3,2,false,1.410454,0,-2.6236377,3.4170737
14,79,13,false,SeatedTalking,Polo,1.6215651,0.9905506,0,14,true,1.9981275,0,3.3522615,3.3748782
14,80,1,false,SeatedTalking,Tee,1.5667561,1.1313369,0,3,false,-2.917339,0,-6.4658756,2.6900125
14,81,34,true,SeatedTalking,Blazer,1.5413495,1.0029846,1,5,false,-2.2468,0,9.226897,3.1415927
14,82,15,false,SeatedWorking,Knitwear,1.7252971,1.0665928,3,18,false,0.8519666,0,6.0597754,3.5474381
14,83,5,false,SeatedListening,Polo,1.9169996,1.1679505,5,15,false,-1.5959746,0,3.578009,2.7076168
14,84,,false,StandingReading,Cardigan,1.5418319,1.1279445,4,16,false,-0.7929182,0,0.26565915,-2.9865887
14,85,,false,StandingPresenting,Blazer,1.7845948,1.1440394,4,3,false,1.3679584,0,0.84595096,0.34540343
15,43,6,false,SeatedWorking,Cardigan,1.621555,1.129415,1,10,true,-2.9320314,0,-2.19327,1.3508936
15,44,4,false,SeatedListening,Polo,1.6698054,1.1376655,3,12,false,2.4489567,0,-2.3346066,1.3397129
15,45,2,false,SeatedTalking,Cardigan,1.8559839,1.0875561,7,16,false,-3.1304297,0,-0.7516879,2.6639395
15,46,,false,StandingPresenting,Tee,1.6472416,0.9903026,1,9,true,3.8344102,0,1.4618294,-0.04889798
15,47,,false,StandingPresenting,Polo,1.7196683,1.0919971,5,1,false,-0.587929,0,-1.6596926,1.1148679
16,72,5,false,SeatedTalking,Knitwear,1.6986886,0.8536338,6,9,true,-3.8685534,0,0.5102886,2.8338408
16,73,19,false,SeatedListening,Tee,1.5987505,1.1655369,1,18,false,5.4400206,0,0.8405731,1.2743418
16,74,31,true,SeatedTalking,Shirt,1.7221466,0.89021695,3,13,false,-2.7952397,0,5.4236674,3.1415927
16,75,23,false,SeatedTalking,Polo,1.8525897,0.86556524,0,10,false,2.3439846,0,-0.43858692,2.0588596
16,76,25,false,SeatedListening,Polo,1.7525601,1.0861186,3,2,true,3.7175546,0,1.7668091,2.046541
16,77,15,false,SeatedTalking,Shirt,1.5108721,0.86474246,7,9,true,1.8689032,0,-1.9020141,1.2282302
16,78,,false,StandingWalking,Cardigan,1.8670702,1.0931902,7,9,true,-5.0364842,0,-3.4451234,-1.3149325
16,79,,false,StandingReading,Cardigan,1.5904595,0.9528327,4,4,false,1.5815647,0,1.6711793,0.6738708
17,43,14,true,SeatedListening,Polo,1.5106958,1.1094377,3,16,false,-1.8401006,0,4.1600394,3.1415927
17,44,3,false,SeatedListening,Tee,1.5203897,0.94088703,6,6,false,-0.5724015,0,-1.466502,0.5600422
17,45,8,false,SeatedListening,Polo,1.583102,0.8539924,5,8,true,2.526477,0,-1.3796396,0.34514722
17,46,,false,StandingWalking,Polo,1.7591592,1.083938,3,8,true,-0.2582329,0,1.4225044,-1.4030674
17,47,,false,StandingRelaxed,Cardigan,1.7617483,0.83525777,4,16,false,-2.5400736,0,-1.6684353,-0.08646464
18,51,2,false,SeatedListening,Blazer,1.8507034,1.1203524,7,12,false,1.6636504,0,0.19300121,8.122503
18,52,12,true,SeatedTalking,Polo,1.7168506,0.94215924,5,3,false,-1.2402878,0,5.7284656,3.1415927
18,53,,false,StandingConversation,Blazer,1.5932841,1.1370656,0,3,false,-1.971234,0,0.8365094,-0.45984745
18,54,,false,StandingConversation,Cardigan,1.6603454,0.912549,5,13,false,-0.37421688,0,2.9882593,-0.066521406
19,54,10,false,SeatedTalking,Polo,1.6111597,1.1113063,4,14,true,0.7864541,0,0.74283636,0.87173295
19,55,18,true,SeatedWorking,Cardigan,1.6509986,1.0158912,0,14,false,-1.6653926,0,9.509139,3.1415927
19,56,14,false,SeatedWorking,Polo,1.8639424,0.8207453,5,2,false,2.3948543,0,6.3876095,0.85154605
19,57,4,false,SeatedTalking,Shirt,1.6342801,0.85734,3,7,false,-0.4505031,0,-5.2612724,4.2578793
19,58,,false,StandingConversation,Blazer,1.6758275,1.0380543,5,3,false,-2.3856676,0,6.781908,-0.862653
19,59,,false,StandingPresenting,Blazer,1.778603,1.2143631,2,16,true,0.9131339,0,-0.7288617,-2.9368505
20,48,13,true,SeatedWorking,Cardigan,1.7148718,1.0751375,1,4,false,-1.232,0,4.9546547,3.1415927
20,49,,false,StandingReading,Cardigan,1.6856644,0.9032828,2,1,false,-1.579125,0,2.8685052,2.5572107
20,50,,false,StandingRelaxed,Blazer,1.8245018,1.1044986,2,17,false,-1.7513161,0,0.7113686,-2.791974
21,69,5,false,SeatedTalking,Shirt,1.524654,1.0835217,0,11,false,1.6838202,0,-1.5514843,-0.24720477
21,70,18,true,SeatedWorking,Blazer,1.5802784,0.8704493,3,15,true,-1.232,0,5.968839,3.1415927
21,71,,false,StandingPresenting,Tee,1.6059489,1.0341771,2,5,false,-1.1017163,0,-3.8694534,2.6668594
21,72,,false,StandingRelaxed,Tee,1.9319929,0.9195271,4,2,false,0.41966915,0,0.88155127,2.8042076
22,91,37,true,SeatedTalking,Blazer,1.9198297,0.8292854,5,5,false,-2.561815,0,7.553275,3.1415927
22,92,9,false,SeatedTalking,Cardigan,1.633011,0.8442989,7,11,true,0.6528143,0,1.0470445,-0.67534363
22,93,26,false,SeatedWorking,Shirt,1.8627965,1.1470218,5,12,false,-4.3027105,0,3.2133484,4.2554207
22,94,21,false,SeatedListening,Knitwear,1.6765321,1.1755962,6,6,false,3.9706235,0,4.0685673,5.1509333
22,95,27,false,SeatedTalking,Blazer,1.53749,0.9045583,2,15,false,-1.3376257,0,2.5515375,1.8818762
22,96,4,false,SeatedWorking,Knitwear,1.7104342,0.8489807,5,15,true,-1.6068165,0,-5.423815,2.7880368
22,97,6,false,SeatedWorking,Tee,1.7162181,1.211808,6,12,false,3.1876912,-0.30931425,-2.4401193,0.10991697
22,98,23,false,SeatedTalking,Blazer,1.6802285,0.92129886,0,18,true,2.3657846,0,5.3119807,4.622197
22,99,29,false,SeatedListening,Polo,1.5429626,0.83179647,7,0,false,-2.4428427,0,5.489692,0.75998986
22,100,31,false,SeatedListening,Tee,1.7649277,0.9357776,0,3,false,-3.0191336,0,0.9631758,2.127547
22,101,,false,StandingConversation,Polo,1.5084515,1.0852901,7,8,true,-1.8786021,0,1.190391,-2.0196805
22,102,,false,StandingWalking,Tee,1.7744374,1.2168683,4,4,true,-4.1243563,0,-0.07456691,-1.9199388
23,94,14,false,SeatedTalking,Knitwear,1.7551503,0.9223412,4,12,true,-6.29622,0,1.4161913,-1.8310387
23,95,21,false,SeatedListening,Tee,1.740406,0.82522875,4,16,false,2.8209403,0,-4.6542263,2.7756343
23,96,5,false,SeatedListening,Polo,1.6973654,1.1543134,1,2,false,-2.4983134,0,-4.3964167,1.6270019
23,97,25,false,SeatedWorking,Shirt,1.6543385,0.8851662,5,1,false,-4.5310793,0,4.0741262,1.477523
23,98,16,false,SeatedWorking,Shirt,1.6488197,0.94267523,1,15,false,-2.4078865,0,1.0011451,-0.29767516
23,99,18,false,SeatedListening,Polo,1.7215556,0.9400888,3,6,true,0.48231012,0,1.6395586,5.023869
23,100,,false,StandingWalking,Shirt,1.5189735,0.8318228,5,18,false,-5.741153,0,-2.2981162,2.9071534
23,101,,false,StandingRelaxed,Polo,1.5674834,0.83298606,2,13,false,-4.150507,0,-2.0057347,-1.8092263
24,93,2,false,SeatedTalking,Cardigan,1.7662922,0.9259589,1,11,true,4.2481146,0,-5.210417,4.2443056
24,94,32,true,SeatedTalking,Knitwear,1.6400312,1.2050657,3,1,false,-3.4070892,0,8.368939,3.1415927
24,95,23,false,SeatedWorking,Blazer,1.6548792,1.044031,7,6,false,6.142232,0,2.6672964,3.7450187
24,96,12,false,SeatedWorking,Tee,1.5453942,0.93619305,0,15,true,-3.3998013,0,2.8832512,3.6582797
24,97,3,false,SeatedListening,Knitwear,1.7606437,0.9154551,4,16,true,4.094352,0,-2.3144958,4.7390018
24,98,,false,StandingConversation,Knitwear,1.770375,1.1232133,0,18,true,-4.466735,0,-2.5371299,0.48482108
24,99,,false,StandingConversation,Knitwear,1.8005931,1.0164483,1,17,false,-6.133737,0,5.4295254,-1.0834517
25,77,29,false,SeatedListening,Knitwear,1.6834538,0.9835396,4,15,false,4.110367,0,1.8236068,3.8973405
25,78,1,false,SeatedWorking,Shirt,1.680145,0.9182046,4,18,false,-5.437438,-0.49061483,1.253267,0.0974509
25,79,34,true,SeatedListening,Knitwear,1.658304,0.93464786,4,4,true,-3.58082,0,5.793536,3.1415927
25,80,3,false,SeatedListening,Tee,1.5195884,1.1290473,1,9,false,-3.688787,0,-2.5422125,-0.1793934
25,81,26,false,SeatedListening,Shirt,1.8997028,0.88745123,4,7,false,0.5389763,0,3.9151235,-1.6763179
25,82,,false,StandingReading,Tee,1.8106818,0.9979392,2,5,false,-5.6189966,-0.49061483,-0.15171762,0.8773539
25,83,,false,StandingRelaxed,Polo,1.9283271,0.947371,7,0,false,6.4929447,0,-1.7723724,-1.5470796
26,36,1,false,SeatedWorking,Knitwear,1.5038073,0.992983,4,17,false,-0.5986029,0,1.6125288,0.23338473
26,37,5,false,SeatedListening,Knitwear,1.72119,1.1328037,2,7,false,-1.4941709,0,-1.0644565,-0.19951567
26,38,7,false,SeatedTalking,Knitwear,1.5946046,0.95676994,2,6,false,1.0712163,0,1.936713,0.43150753
26,39,,false,StandingRelaxed,Polo,1.5407889,1.1554055,3,15,false,1.760169,0,0.53003234,-1.762723
26,40,,false,StandingReading,Knitwear,1.5273635,0.84070957,0,5,false,2.1553597,0,-0.98311794,2.262397
27,30,8,false,SeatedTalking,Shirt,1.8063996,0.8357182,0,12,true,2.402996,0,-0.67995465,0.9611044
27,31,12,false,SeatedWorking,Cardigan,1.545877,0.8477297,6,8,true,0.73093456,0,0.02891612,1.3372368
27,32,16,true,SeatedListening,Shirt,1.9070835,0.87186754,0,11,false,-2.2026606,0,4.1269283,3.1415927
27,33,,false,StandingPresenting,Polo,1.931524,0.86324126,6,9,false,2.5366437,0,1.7170193,1.7401206
27,34,,false,StandingReading,Cardigan,1.5997262,1.0364066,7,4,false,-3.2692974,0,-1.4522574,2.2787182
28,90,10,false,SeatedWorking,Cardigan,1.5622442,1.1242485,5,10,false,5.314145,0,3.618701,2.6261127
28,91,2,false,SeatedWorking,Polo,1.5582514,1.0274982,3,3,false,1.4768898,0,1.6173874,2.4748738
28,92,3,false,SeatedListening,Knitwear,1.8459501,1.0697603,7,6,true,-1.2850139,0,0.73314244,2.8113904
28,93,28,true,SeatedWorking,Blazer,1.5103052,1.0493832,3,1,false,-3.481502,0,6.4784393,3.1415927
28,94,16,false,SeatedListening,Tee,1.6121483,1.0610718,5,10,false,-3.9690137,0,-1.1969554,2.2493112
28,95,14,false,SeatedTalking,Knitwear,1.7273313,1.1138574,2,2,true,6.888709,0,-3.106388,2.2844446
28,96,12,false,SeatedListening,Shirt,1.6819205,0.8226003,6,5,false,2.2149136,0,-2.2117848,2.063279
28,97,,false,StandingRelaxed,Knitwear,1.7753775,0.89952385,2,2,false,-5.904279,0,-3.3548882,-0.6102271
28,98,,false,StandingWalking,Blazer,1.8156376,0.8246049,1,18,false,0.3735591,0,0.16985157,-1.1398315
29,39,13,true,SeatedListening,Blazer,1.5130503,1.0449952,6,13,true,-1.232,0,4.9989743,3.1415927
29,40,,false,StandingWalking,Knitwear,1.6899288,0.98773384,0,7,false,-1.3306824,0,-1.6319329,2.956423
29,41,,false,StandingPresenting,Blazer,1.8083032,1.1333458,7,17,true,-1.3769563,0,2.1015456,-2.7830846
30,29,5,false,SeatedWorking,Blazer,1.7308822,0.9760048,1,7,false,-2.3054175,0,0.9326342,0.9338791
30,30,3,false,SeatedListening,Shirt,1.7901733,1.0053424,1,14,true,2.8563557,0,-1.8621861,1.4755234
30,31,10,true,SeatedListening,Blazer,1.7239052,1.02509,3,17,true,-1.8937172,0,4.5584817,3.1415927
30,32,,false,StandingWalking,Polo,1.5494629,1.0695709,7,4,false,-0.9541219,0,-2.2901423,-0.12166381
30,33,,false,StandingWalking,Shirt,1.807384,1.0259838,5,2,false,1.3058907,0,-1.9221513,0.78618836
31,109,36,false,SeatedWorking,Polo,1.8086601,0.8390121,6,18,true,4.439189,0,-1.6930757,2.901959
31,110,3,false,SeatedTalking,Polo,1.5857023,1.177142,1,6,false,-4.5366387,0,-5.0105867,3.1548252
31,111,12,false,SeatedTalking,Polo,1.6201435,1.0692096,0,3,false,-1.637933,0,1.2978389,5.026309
31,112,1,false,SeatedWorking,Tee,1.5112637,0.8342161,1,0,false,-4.2312536,0,-3.2157211,3.3218393
31,113,32,false,SeatedTalking,Blazer,1.554264,1.1482915,0,17,false,4.278577,0,0.2536021,2.9353614
31,114,38,true,SeatedTalking,Blazer,1.7144847,0.9510646,4,15,true,-2.7863526,0,6.792808,3.1415927
31,115,,false,StandingReading,Blazer,1.6276537,0.97899556,3,6,false,-3.0589724,0,0.53008705,-2.9778671
31,116,,false,StandingReading,Cardigan,1.8528035,0.93605614,0,17,false,4.157452,0,-3.0598965,-3.0779152
32,19,12,true,SeatedTalking,Tee,1.7190043,0.87965053,5,11,false,-1.5196072,0,4.9489408,3.1415927
32,20,,false,StandingWalking,Shirt,1.5620332,1.1063458,4,3,false,-1.1679952,0,-0.9073086,2.3253067
32,21,,false,StandingConversation,Blazer,1.9050965,1.052075,6,8,false,-2.5438123,0,1.3403296,-1.4080364
33,65,9,false,SeatedListening,Blazer,1.8222011,1.0266752,4,3,true,0.6895155,0,1.7305303,4.9300265
33,66,20,true,SeatedWorking,Polo,1.6083076,0.8271752,6,1,true,-2.0498624,0,5.248377,3.1415927
33,67,8,false,SeatedTalking,Knitwear,1.7954428,0.9146744,1,17,false,2.8485212,0,1.7587357,0.96951234
33,68,13,false,SeatedTalking,Tee,1.521987,0.8300738,0,13,false,-1.4696174,0,1.8821489,3.0959363
33,69,5,false,SeatedWorking,Polo,1.5849648,1.1117105,6,6,false,1.5029802,0,-2.3040833,5.340411
33,70,1,false,SeatedWorking,Tee,1.7645075,0.9274269,3,8,false,-2.9808416,0,-3.2362075,3.9194493
33,71,15,false,SeatedWorking,Tee,1.6474831,0.861656,6,3,false,-2.923149,0,2.4230127,2.7208297
33,72,,false,StandingWalking,Knitwear,1.5969088,0.9867641,6,9,true,-1.1972972,0,-0.061374255,2.181073
33,73,,false,StandingReading,Blazer,1.6821891,1.1193993,0,6,false,0.10395159,0,-3.380144,1.5232933
34,56,14,true,SeatedTalking,Polo,1.5888088,1.1708099,1,11,false,-2.2380412,0,3.9007683,3.1415927
34,57,1,false,SeatedTalking,Polo,1.7015363,1.1591184,5,2,false,-0.40737534,0,-1.5302812,4.7987933
34,58,2,false,SeatedListening,Shirt,1.8005321,1.16011,4,10,false,0.7604341,0,0.3684926,5.318429
34,59,,false,StandingConversation,Cardigan,1.6753887,1.152904,1,17,true,-3.6671278,0,-1.7115358,1.4665544
34,60,,false,StandingWalking,Shirt,1.8032758,0.8743012,6,3,false,-3.7687702,0,1.314169,-0.39292908
35,127,21,false,SeatedTalking,Polo,1.5836028,1.0727309,1,14,false,-2.4586189,0,4.717399,0.70492846
35,128,33,false,SeatedTalking,Tee,1.5651629,0.8618553,3,12,false,1.5690943,0,-3.5289836,3.0282688
35,129,35,false,SeatedListening,Polo,1.7088485,0.9728265,6,1,false,5.401792,0,-1.5627246,2.2701802
35,130,1,false,SeatedListening,Knitwear,1.7431533,0.9063388,2,9,true,-2.9037204,0,-3.2719953,7.2926598
35,131,13,false,SeatedListening,Tee,1.720837,0.8260562,0,1,false,-4.4213247,0,3.4364157,1.7513715
35,132,15,false,SeatedTalking,Shirt,1.6413375,1.1294069,0,8,false,5.6131897,0,3.1328163,1.6070749
35,133,25,false,SeatedTalking,Tee,1.6354147,0.95311666,0,16,false,1.0860156,0,-1.9252396,3.7604659
35,134,9,false,SeatedWorking,Blazer,1.6792421,0.99718,0,6,false,-3.0705774,0,-0.15292531,4.2274127
35,135,,false,StandingWalking,Tee,1.7506472,0.9445432,2,12,true,1.112102,0,3.2549183,0.08532834
35,136,,false,StandingRelaxed,Blazer,1.6156391,1.1601279,2,6,false,4.6778946,0,0.98483735,-2.5900016
36,62,9,false,SeatedListening,Tee,1.830072,0.852956,6,6,true,4.041208,0,4.3500867,4.512726
36,63,37,true,SeatedTalking,Shirt,1.7656682,1.0623558,4,12,false,-2.730469,0,8.369158,3.1415927
36,64,17,false,SeatedListening,Cardigan,1.6422219,1.0376569,2,16,false,-1.890672,0,-1.5580953,3.0866585
36,65,30,false,SeatedTalking,Blazer,1.5487127,0.99299896,7,18,false,0.6296216,0,5.6408963,2.9560723
36,66,13,false,SeatedWorking,Blazer,1.7521596,1.0064645,5,11,true,3.0446243,0,-0.23763943,4.470601
36,67,18,false,SeatedTalking,Knitwear,1.6847428,1.1739111,0,17,false,-4.6128917,0,-0.55833465,3.6030364
36,68,32,false,SeatedTalking,Knitwear,1.5166875,1.0636797,1,2,false,-1.433964,0,5.2284026,2.9801846
36,69,11,false,SeatedWorking,Polo,1.5021691,1.184363,5,15,true,2.2046564,0,-4.887985,4.2243276
36,70,,false,StandingRelaxed,Cardigan,1.6757202,1.0338688,4,0,true,3.9757216,0,-2.6993136,-1.5513213
36,71,,false,StandingPresenting,Blazer,1.8505311,1.1385458,5,0,false,3.267745,0,5.5655537,-2.3132985
37,85,16,false,SeatedTalking,Polo,1.6057268,1.2042212,1,15,true,1.1877422,0,3.8011112,2.3343785
37,86,18,false,SeatedTalking,Tee,1.7680926,0.91583157,1,6,true,0.46873328,0,-1.4709882,2.0107033
37,87,10,false,SeatedTalking,Tee,1.6010808,0.91072196,5,10,false,0.7125905,0,-4.149007,2.257792
37,88,8,false,SeatedListening,Cardigan,1.5876986,1.1991975,3,18,false,3.5749578,0,0.5371354,2.9532583
37,89,,false,StandingConversation,Tee,1.6544352,1.0493549,1,2,true,1.891744,0,-3.1833522,-0.1208055
37,90,,false,StandingWalking,Knitwear,1.7264428,0.91342115,1,13,false,-2.5151846,0,-2.9388747,-0.5492947
38,41,10,false,SeatedListening,Knitwear,1.551204,1.0310494,6,9,false,-1.9048133,0,2.4455976,3.0410328
38,42,4,false,SeatedListening,Cardigan,1.5366818,0.9664267,1,9,true,-1.8796052,0,4.697812,2.8454747
38,43,12,false,SeatedListening,Blazer,1.5322688,1.1118222,6,12,false,-1.4771943,0,-6.078396,2.7067122
38,44,6,false,SeatedTalking,Blazer,1.5383205,0.94112617,4,1,false,-1.1284149,0,-4.4318676,2.589652
38,45,,false,StandingWalking,Cardigan,1.7922161,1.1042377,1,2,true,0.38833392,0.38424414,0.8918981,0.46498418
38,46,,false,StandingConversation,Cardigan,1.8798058,1.1808578,0,3,false,2.263599,0,-0.103144884,-1.2766795
39,50,14,false,SeatedWorking,Tee,1.6910137,0.89359033,1,15,true,0.087552994,-0.29999614,0.111799955,0.5738404
39,51,3,false,SeatedTalking,Shirt,1.707779,1.1028471,3,2,true,2.0580537,0,-1.9162986,1.1533271
39,52,10,false,SeatedListening,Shirt,1.550691,0.88841236,0,2,true,-1.8943338,0,-2.2817836,0.9244753
39,53,1,false,SeatedWorking,Tee,1.664226,0.9520657,5,16,false,1.1015828,0,4.2996535,0.40366912
39,54,8,false,SeatedListening,Tee,1.7484039,0.9186412,1,1,false,-2.190616,0,1.2682257,0.026035458
39,55,,false,StandingRelaxed,Cardigan,1.8299234,1.0381805,4,5,false,-0.84918386,0,4.432773,-0.8340571
39,56,,false,StandingConversation,Cardigan,1.6873586,1.0821658,5,9,true,-0.5777005,0,-3.5876532,0.5484431
40,69,16,true,SeatedTalking,Knitwear,1.5180489,0.8834184,3,5,true,-2.3268318,0,4.5644665,3.1415927
40,70,1,false,SeatedWorking,Tee,1.5802456,0.96567434,1,1,false,-2.660515,0,1.1605935,2.4035594
40,71,10,false,SeatedTalking,Shirt,1.6638975,1.099774,7,17,false,1.7926888,0,1.4249157,4.773428
40,72,,false,StandingReading,Cardigan,1.5960505,0.8467591,4,18,false,-4.0318804,0,-2.2149863,-2.6247108
40,73,,false,StandingPresenting,Cardigan,1.8208287,0.8332283,1,11,true,0.11173275,0,2.19047,-1.2191305
41,31,7,false,SeatedWorking,Shirt,1.5570949,0.91294473,0,8,true,-4.0783567,0,0.219491,4.3333983
41,32,12,false,SeatedListening,Shirt,1.7976924,1.1465495,7,10,false,2.887839,0,0.7622784,4.7866635
41,33,1,false,SeatedListening,Cardigan,1.5720899,1.0893137,4,0,false,0.8545917,0,1.7878163,4.765615
41,34,18,true,SeatedListening,Cardigan,1.6530815,1.0472174,6,14,false,-2.3961189,0,4.531239,3.1415927
41,35,,false,StandingRelaxed,Shirt,1.5396893,0.88260007,5,0,true,-2.627887,0,-0.90914756,-0.74688244
41,36,,false,StandingConversation,Blazer,1.5780029,0.8449109,2,3,false,-2.305167,0,0.37523273,2.3960307
42,68,1,false,SeatedListening,Blazer,1.5432765,1.0737721,0,5,false,0.2275849,0,-2.793285,2.263495
42,69,16,false,SeatedWorking,Blazer,1.5402299,0.9159759,3,7,false,-1.3428695,0,4.6725764,0.3342444
42,70,12,false,SeatedWorking,Polo,1.5974182,1.0915323,3,10,false,-0.39591324,0,2.6717632,0.8624644
42,71,10,false,SeatedTalking,Blazer,1.5286304,1.082728,5,17,false,-3.238434,0,4.755895,1.2833245
42,72,,false,StandingPresenting,Tee,1.5613317,0.94114524,6,6,false,-3.5307615,0,1.9227277,-3.0067456
42,73,,false,StandingRelaxed,Shirt,1.62016,0.9242474,3,0,false,-5.387694,0,3.5247984,3.1128147
43,65,13,true,SeatedListening,Cardigan,1.685588,1.2190759,1,7,false,-2.307398,0,5.213357,3.1415927
43,66,6,false,SeatedWorking,Polo,1.5366774,0.9743014,4,6,false,-1.4286375,0,2.5445132,2.4745307
43,67,10,false,SeatedListening,Knitwear,1.7879517,0.8447147,2,17,false,2.1680636,0,1.0073445,4.5189767
43,68,,false,StandingPresenting,Polo,1.9164927,0.8736742,1,9,false,3.613605,0,-1.8017988,-1.5985594
43,69,,false,StandingRelaxed,Cardigan,1.7057545,0.8423812,0,6,true,4.021576,0,-0.085237905,2.9710267
44,50,26,true,SeatedTalking,Polo,1.5907632,1.0388231,7,2,false,-2.8792725,0,7.6913357,3.1415927
44,51,1,false,SeatedListening,Shirt,1.9227474,0.8771715,4,6,false,-1.7770058,-0.24391748,1.1189731,4.233737
44,52,11,false,SeatedListening,Shirt,1.6178042,0.827485,5,1,false,-1.5459914,-0.24391748,-3.4105055,2.9836092
44,53,,false,StandingReading,Shirt,1.5370802,1.0100859,6,2,false,0.67230463,-0.24391748,0.010591321,-0.7411847
44,54,,false,StandingWalking,Knitwear,1.6343638,1.0831603,5,6,false,-3.1084273,0,-4.0709424,-1.6530322
45,77,19,false,SeatedTalking,Knitwear,1.7347231,0.9567136,3,11,false,-4.279045,0,2.9791937,4.259196
45,78,24,true,SeatedWorking,Cardigan,1.6162987,0.9815406,0,14,true,-2.3178966,0,5.533401,3.1415927
45,79,10,false,SeatedTalking,Cardigan,1.7306911,0.9548519,1,1,false,2.546637,0,0.6754035,4.347404
45,80,12,false,SeatedTalking,Polo,1.6065321,0.89778894,6,2,false,2.8772333,0,1.9337252,4.9558983
45,81,5,false,SeatedTalking,Knitwear,1.7723358,0.8429364,4,2,false,-2.4331965,0,-1.4467359,1.3297592
45,82,1,false,SeatedListening,Blazer,1.6311033,1.164618,4,3,false,-3.3203962,0,-0.35094583,1.5623372
45,83,14,false,SeatedWorking,Polo,1.6087478,0.97657776,1,4,false,3.5614758,0,-2.1165595,4.5364237
45,84,17,false,SeatedWorking,Shirt,1.6656944,0.96521825,5,3,false,-0.6685871,0,1.8524063,3.5912924
45,85,,false,StandingReading,Shirt,1.6143706,1.0213594,5,16,true,2.8360848,0,3.4180527,1.2255609
45,86,,false,StandingWalking,Shirt,1.6707473,0.8319164,5,18,true,-0.56413496,0,-0.9367813,0.6474681
46,37,10,true,SeatedListening,Blazer,1.7223105,1.1049783,6,8,false,-1.232,0,4.487617,3.1415927
46,38,,false,StandingReading,Knitwear,1.8963948,0.8413493,4,3,true,-0.14945619,0,-0.7570611,-1.1806813
46,39,,false,StandingRelaxed,Polo,1.663485,0.9357264,1,2,false,-1.3659351,0,0.82397646,-0.91787624
47,93,15,false,SeatedTalking,Tee,1.5466284,0.9450195,4,12,true,-2.4421134,0,6.2844386,1.3301791
47,94,7,false,SeatedWorking,Blazer,1.552925,1.209532,1,18,true,0.1417231,0,-2.9691558,1.2441902
47,95,1,false,SeatedWorking,Knitwear,1.6546692,1.0432172,0,17,true,0.47603682,0,-1.7368425,3.4005837
47,96,5,false,SeatedTalking,Cardigan,1.5004287,1.1850038,3,13,false,1.4757273,0.41370088,1.5633929,1.4968019
47,97,32,true,SeatedTalking,Shirt,1.7192628,1.0927736,6,10,false,-2.0683215,0,9.1518345,3.1415927
47,98,3,false,SeatedTalking,Tee,1.663246,0.8246061,1,17,true,2.1925147,0,-0.58673966,1.8595921
47,99,2,false,SeatedWorking,Tee,1.5788639,0.8519509,4,10,true,-1.2703098,0,-0.6326203,4.3237543
47,100,21,false,SeatedWorking,Shirt,1.5344945,0.95876527,4,5,true,-2.6969993,0,-6.253083,2.1097255
47,101,19,false,SeatedListening,Knitwear,1.6688739,0.9172364,3,10,true,2.0529475,0,-2.4651175,1.1957982
47,102,17,false,SeatedWorking,Cardigan,1.5296102,0.9535732,1,1,false,-2.4072237,0,2.5511086,2.1706676
47,103,,false,StandingRelaxed,Tee,1.6783795,0.93785566,4,2,false,-0.17167799,0.41370088,1.8037034,1.442044
47,104,,false,StandingWalking,Knitwear,1.7665018,0.99097526,5,9,true,2.70575,0,-3.9254246,-1.2660728
48,63,9,false,SeatedTalking,Shirt,1.6901616,1.0508871,1,16,false,-0.46534175,0,-2.6179144,5.1081004
48,64,7,false,SeatedListening,Blazer,1.8601648,1.1476458,0,1,false,-0.33000433,0,2.9606428,6.0509386
48,65,3,false,SeatedListening,Blazer,1.5858457,1.0648485,7,6,false,-2.8315182,0,-2.0155756,5.8448887
48,66,20,true,SeatedTalking,Knitwear,1.7534767,0.8995576,2,5,false,-1.813675,0,5.6691585,3.1415927
48,67,5,false,SeatedTalking,Polo,1.7138451,1.0821502,3,0,false,1.7789024,0,1.2555544,5.5487537
48,68,,false,StandingPresenting,Shirt,1.7854534,0.8682642,3,6,false,0.77632,0,-3.4289184,3.3990936
48,69,,false,StandingReading,Tee,1.6338463,0.88043505,0,5,false,2.7554626,0,-1.2664971,2.9603117
49,179,44,false,SeatedTalking,Polo,1.5842686,0.92150575,4,10,false,3.9390802,0,6.672047,2.505398
49,180,27,false,SeatedTalking,Knitwear,1.5162303,0.88350433,3,14,false,1.1798434,0,-1.2248006,0.40990555
49,181,13,false,SeatedListening,Polo,1.540204,1.1925128,6,9,false,-4.026334,0,6.2859335,3.996762
49,182,21,false,SeatedListening,Blazer,1.7285362,0.8771544,0,6,false,0.38780844,0,3.2480502,1.7263489
49,183,3,false,SeatedWorking,Knitwear,1.612827,1.0643302,6,3,false,-1.968425,0,-8.617672,3.3646765
49,184,50,false,SeatedListening,Blazer,1.7659508,1.075887,1,8,true,-0.17475715,0,7.9918923,2.9762766
49,185,55,true,SeatedListening,Shirt,1.7656662,0.9933121,4,8,false,-2.253651,0,10.7901,3.1415927
49,186,31,false,SeatedTalking,Knitwear,1.520171,0.83407116,7,16,false,-2.7178268,0,0.20121697,1.4292027
49,187,5,false,SeatedTalking,Knitwear,1.601537,0.8261988,0,11,false,-0.66552067,0,-8.330115,2.91153
49,188,15,false,SeatedTalking,Shirt,1.544394,0.90696895,0,17,false,-2.8343406,0,3.4881153,5.1980925
49,189,11,false,SeatedListening,Blazer,1.61328,0.9829768,7,9,false,-4.10288,0,7.933184,3.6665287
49,190,48,false,SeatedTalking,Cardigan,1.628201,1.0789676,7,3,false,0.93249315,0,6.152927,3.106107
49,191,,false,StandingRelaxed,Knitwear,1.829376,0.8854308,6,5,false,-2.4387646,0,7.882556,2.296726
49,192,,false,StandingWalking,Polo,1.8335751,1.0634849,4,7,true,1.1861593,0,5.0499945,2.1736672
50,96,5,false,SeatedWorking,Knitwear,1.7064626,0.99320245,4,11,false,-4.045585,0,-7.9859667,0.33771765
50,97,35,false,SeatedListening,Polo,1.7656527,1.0660199,5,1,false,1.8411441,0,5.887166,4.6523485
50,98,7,false,SeatedTalking,Polo,1.5137277,0.9417434,5,12,false,1.0844102,0,-8.723213,-0.7978924
50,99,1,false,SeatedListening,Cardigan,1.6383126,1.0248443,6,13,true,-2.0660663,0,-8.136803,0.1663008
50,100,27,false,SeatedTalking,Blazer,1.6268477,0.94797564,0,14,false,-2.2464032,0,1.8310635,2.7808454
50,101,19,false,SeatedTalking,Cardigan,1.5564481,1.1035666,2,8,false,-2.9424052,0,-5.133257,2.0778432
50,102,9,false,SeatedTalking,Knitwear,1.7023332,0.8437667,3,9,false,-3.3103886,0,6.683433,1.54709
50,103,3,false,SeatedListening,Blazer,1.6600579,1.1512071,5,4,false,-0.7476904,0,-7.5813246,0.19721483
50,104,37,false,SeatedListening,Polo,1.5831262,1.1122192,7,11,false,3.4121675,0,1.94078,3.375539
50,105,,false,StandingWalking,Polo,1.5430944,1.169683,3,12,true,-3.6059172,0,3.2907422,0.039429665
50,106,,false,StandingConversation,Polo,1.5475518,1.1874707,1,4,false,-0.61759526,0,-5.307159,0.21639991
51,64,7,false,SeatedWorking,Knitwear,1.5641422,0.97381186,4,6,false,0.6062101,0,-2.2740877,5.9641643
51,65,18,true,SeatedTalking,Knitwear,1.6859809,1.1293826,4,13,false,-1.3385091,0,5.893688,3.1415927
51,66,11,false,SeatedWorking,Tee,1.6310705,0.84749573,5,7,true,1.6274735,0,0.7598339,3.2029936
51,67,1,false,SeatedTalking,Knitwear,1.6494265,1.1048336,6,10,false,0.57311195,0,3.2250104,6.2425337
51,68,3,false,SeatedTalking,Shirt,1.5425066,0.9598927,0,1,false,-1.4561777,0,3.2364373,6.0191936
51,69,9,false,SeatedTalking,Polo,1.6565523,0.87886405,7,13,true,-1.3336885,0,-2.2790964,5.9119043
51,70,,false,StandingReading,Knitwear,1.684376,0.8357367,1,1,false,0.23783495,0,1.1812229,0.32070613
51,71,,false,StandingConversation,Tee,1.7932724,1.0437143,4,4,true,-1.0665553,0,0.6033072,-0.035414934
52,64,17,true,SeatedWorking,Polo,1.7743288,0.8718652,2,1,false,-1.7332306,0,5.386686,3.1415927
52,65,13,false,SeatedTalking,Blazer,1.5636096,0.9116945,2,1,true,-2.2087421,0,1.3676,1.631913
52,66,11,false,SeatedListening,Blazer,1.6856353,1.1696255,0,1,false,-2.143765,0,-2.257235,1.2009575
52,67,5,false,SeatedListening,Polo,1.6538991,1.0577353,2,14,false,-0.39048642,0,-1.4993322,5.507172
52,68,,false,StandingWalking,Cardigan,1.6042769,1.0615199,6,11,false,1.581249,0,-0.19656712,-1.3280761
52,69,,false,StandingRelaxed,Polo,1.882859,1.138711,2,7,true,-1.2360951,0,-0.13550857,-0.57988214
53,29,7,false,SeatedTalking,Polo,1.6264837,1.0754491,1,17,false,-0.17377208,0,0.6000241,3.0267992
53,30,5,false,SeatedWorking,Shirt,1.5234058,0.98186576,3,5,false,-1.1575619,0,2.2452986,4.72793
53,31,12,true,SeatedWorking,Tee,1.6833198,1.0247836,2,16,false,-1.232,0,5.694815,3.1415927
53,32,,false,StandingRelaxed,Blazer,1.8497463,0.9153867,0,18,false,1.7158515,0,0.54441327,2.277871
53,33,,false,StandingConversation,Shirt,1.5017257,0.93647987,3,4,false,1.1398927,0,1.549436,-2.9728684
54,126,24,false,SeatedListening,Blazer,1.7449172,1.1393448,6,8,false,-2.6813269,0,3.599153,3.7217352
54,127,34,false,SeatedWorking,Shirt,1.6860425,0.94450015,7,12,true,3.7658849,0,-3.6464875,0.8236177
54,128,38,false,SeatedTalking,Polo,1.7386054,0.98432785,6,12,false,-5.622005,0,4.719343,0.41237873
54,129,1,false,SeatedListening,Blazer,1.6061006,1.0519639,3,12,true,-6.5137053,0,-2.0117135,3.2606497
54,130,3,false,SeatedListening,Tee,1.7245584,0.8625094,2,0,false,-6.756345,0,-4.362483,4.315101
54,131,49,false,SeatedListening,Shirt,1.6511662,0.9673412,4,10,true,6.4669423,0,3.0871851,5.1195884
54,132,9,false,SeatedListening,Knitwear,1.9276013,0.85456216,6,6,false,-0.92513955,0,-3.2024722,4.8418703
54,133,26,false,SeatedTalking,Polo,1.7219558,0.9283104,5,18,false,4.358456,0,4.5350256,2.0393872
54,134,,false,StandingPresenting,Cardigan,1.7178922,1.0540099,1,16,false,-7.7104073,0,4.539663,4.313154
54,135,,false,StandingConversation,Polo,1.6854736,0.96881723,5,1,true,-2.6365914,0,-5.5244107,-2.2409408
55,161,5,false,SeatedWorking,Polo,1.7425829,1.1541532,7,8,false,-5.826375,0,-0.18207902,4.8771276
55,162,30,false,SeatedListening,Polo,1.6848718,1.2027384,5,5,true,3.2662296,0,3.5616994,2.6103811
55,163,41,false,SeatedTalking,Blazer,1.7804198,0.97420084,7,17,true,9.248246,0,-0.3440349,1.8393872
55,164,22,false,SeatedListening,Cardigan,1.7324516,0.8467953,0,6,false,4.7330055,0,-4.474295,3.733738
55,165,10,false,SeatedListening,Polo,1.7337409,0.9985734,5,15,true,-0.20377779,0,-1.5349257,4.8253236
55,166,35,false,SeatedTalking,Blazer,1.5890642,1.1148846,5,18,false,8.651154,0,-1.8990647,1.1196985
55,167,46,false,SeatedTalking,Tee,1.7883,0.82330096,4,1,true,-8.457433,0,3.3300707,1.2399511
55,168,16,false,SeatedTalking,Polo,1.6523863,0.93403006,3,2,false,-2.3003297,0,2.893324,3.9235597
55,169,2,false,SeatedListening,Polo,1.5171893,0.8351114,6,8,false,-5.5383196,0,-1.3839958,7.6842017
55,170,37,false,SeatedTalking,Knitwear,1.5462873,0.824829,6,10,false,8.243423,0,-3.869928,2.4826436
55,171,39,false,SeatedTalking,Shirt,1.7463343,0.872739,4,4,true,8.996895,0,3.339825,1.5793719
55,172,3,false,SeatedListening,Polo,1.6840613,0.8654904,2,9,false,-8.351324,0,-2.364689,3.9595523
55,173,33,false,SeatedTalking,Cardigan,1.7346022,0.9602761,4,10,false,8.199017,0,1.6320202,4.748978
55,174,,false,StandingPresenting,Knitwear,1.675665,0.96622235,1,6,false,4.9756336,0,-2.2480767,1.6782153
55,175,,false,StandingPresenting,Blazer,1.5391525,0.845735,0,11,false,-8.775733,0,-0.42796555,-0.91408324
56,158,1,false,SeatedListening,Shirt,1.6676061,0.86710787,4,5,false,-4.9326897,0,-6.4822164,4.540372
56,159,23,false,SeatedWorking,Polo,1.6820797,1.0740669,3,18,false,3.602003,0,-0.54603624,-0.5517754
56,160,35,false,SeatedTalking,Cardigan,1.8402762,0.8309462,7,18,false,-0.9548474,0,6.0870523,0.7070985
56,161,7,false,SeatedTalking,Knitwear,1.7608716,0.85364616,0,7,false,-5.4134393,0,3.6262538,3.1549475
56,162,19,false,SeatedTalking,Knitwear,1.5713705,0.84722596,3,15,false,5.1025357,0,2.6366751,0.1631043
56,163,17,false,SeatedListening,Blazer,1.5928082,0.84198433,0,9,false,4.0314016,0,0.7512968,0.3077311
56,164,39,false,SeatedTalking,Tee,1.632045,1.1108522,6,13,false,0.86771834,0,-6.7653227,0.80751956
56,165,9,false,SeatedWorking,Polo,1.5305971,1.0091548,7,3,true,-4.7040777,0,0.0062664747,2.493047
56,166,50,true,SeatedWorking,Blazer,1.6401973,0.82360446,3,7,false,-2.8368788,0,9.292691,3.1415927
56,167,25,false,SeatedTalking,Tee,1.6299477,0.91256845,7,14,false,0.51140755,0,1.6326174,0.7681715
56,168,,false,StandingPresenting,Cardigan,1.5103612,0.9159492,2,14,false,-1.0852731,0,-3.141247,2.219776
56,169,,false,StandingWalking,Blazer,1.6062014,0.8339829,3,0,false,3.6340828,0,6.4347925,-2.4676614
57,15,2,false,SeatedTalking,Cardigan,1.6999722,0.83953714,0,0,true,1.8148875,0,1.1971425,0.350703
57,16,1,false,SeatedListening,Tee,1.8197621,0.8665467,3,5,false,-1.0781522,0,0.9963421,-0.58122206
57,17,11,true,SeatedWorking,Shirt,1.5321515,0.9134381,5,12,true,-1.7563286,0,4.1754713,3.1415927
57,18,4,false,SeatedListening,Tee,1.5022312,0.9891723,7,18,false,-2.5637462,0,1.1266451,-0.6911548
57,19,,false,StandingRelaxed,Shirt,1.7103344,0.94503117,3,16,false,1.4881414,0,-1.9529595,2.3369815
57,20,,false,StandingPresenting,Tee,1.5886042,1.0963393,7,17,false,-1.5878618,0,-0.6595142,-1.6604834
58,30,1,false,SeatedTalking,Tee,1.5729301,0.92877585,0,5,false,-2.8182302,0,-0.27537465,3.2827802
58,31,,false,StandingConversation,Tee,1.6001433,1.1154609,5,2,false,-1.3458802,0,-1.043762,0.83460474
58,32,,false,StandingWalking,Shirt,1.5451751,0.90260124,7,10,false,2.091963,0,1.6876272,-0.869612
59,66,9,false,SeatedWorking,Cardigan,1.7087032,1.0682478,6,10,false,-3.8117352,0,-0.34756106,0.35061416
59,67,23,true,SeatedWorking,Cardigan,1.5547892,0.9671452,3,9,true,-3.0330539,0,4.4945965,3.1415927
59,68,19,false,SeatedListening,Tee,1.646152,1.0616679,3,10,false,-5.633933,0,-1.3421026,-0.25515586
59,69,11,false,SeatedTalking,Shirt,1.5638746,0.8269208,2,16,true,-5.951873,0,2.498499,-0.36732212
59,70,1,false,SeatedListening,Cardigan,1.7444682,0.82552695,2,12,true,-1.3234082,0,-2.3134117,3.5148544
59,71,,false,StandingReading,Tee,1.8617555,1.1254787,4,10,false,5.3337574,0,-1.4270685,-2.110437
59,72,,false,StandingRelaxed,Blazer,1.8205314,0.9597006,3,5,false,-0.32039422,0,2.0087101,-2.0189862
60,93,11,false,SeatedTalking,Cardigan,1.6140772,1.107021,5,1,false,0.6244791,0,-1.5387872,1.8028785
60,94,19,false,SeatedWorking,Polo,1.7130581,1.0091782,4,8,false,-1.1818419,0,-5.2941055,2.1231813
60,95,13,false,SeatedWorking,Cardigan,1.6192892,0.9511242,6,2,false,0.4800912,0,-4.648797,1.0495441
60,96,3,false,SeatedListening,Polo,1.5317687,1.212948,7,8,false,-2.3975136,0,-7.1443033,4.5131683
60,97,15,false,SeatedWorking,Blazer,1.7205981,0.96377945,7,16,false,2.2748594,0,0.38668656,1.4744489
60,98,5,false,SeatedListening,Cardigan,1.7359366,1.00717,4,18,false,-1.5460205,0,-8.805204,1.5457078
60,99,25,false,SeatedTalking,Cardigan,1.9052978,1.0607166,5,8,false,-1.0202008,0,7.1876206,-1.1696811
60,100,26,false,SeatedListening,Cardigan,1.6315074,1.211865,1,15,true,1.85855,0,6.8372,0.92506623
60,101,36,true,SeatedListening,Tee,1.5348701,1.2066061,3,9,true,-1.9823861,0,11.362182,3.1415927
60,102,,false,StandingReading,Shirt,1.9199126,0.9524155,4,6,true,2.6366477,0,-6.0414667,-1.644757
60,103,,false,StandingConversation,Tee,1.5244217,1.1935458,3,14,false,-2.1356418,0,-2.4200225,0.8579738
61,89,21,false,SeatedWorking,Blazer,1.6813592,0.86979866,7,17,true,-0.26665783,0,3.9903665,0.62736547
61,90,1,false,SeatedTalking,Blazer,1.802176,0.84851193,4,14,false,1.70006,0,-3.63653,1.011565
61,91,15,false,SeatedTalking,Cardigan,1.5962523,1.0823396,3,11,false,0.27868018,0,2.0045974,0.5925105
61,92,33,true,SeatedTalking,Tee,1.8139684,0.85820585,2,0,false,-2.0161722,0,7.808083,3.1415927
61,93,25,false,SeatedListening,Knitwear,1.5697814,1.2160459,7,3,true,1.1717614,0,5.9956045,0.09883307
61,94,5,false,SeatedTalking,Polo,1.6893762,1.1005045,0,3,true,-2.7590916,0,-3.819512,3.3043423
61,95,3,false,SeatedListening,Blazer,1.6172626,0.91490144,3,3,false,0.75035095,0,-5.355194,2.710533
61,96,7,false,SeatedWorking,Shirt,1.6673255,1.0959482,2,9,false,-3.1606266,0,-5.6041875,3.6679635
61,97,,false,StandingReading,Shirt,1.948964,0.92937106,4,0,false,-0.9022068,0,-0.47043723,1.6744292
61,98,,false,StandingReading,Knitwear,1.5674981,0.90644413,4,8,true,2.455763,0,-4.9935803,-1.6270952
62,18,3,false,SeatedTalking,Blazer,1.7484512,0.927773,7,3,true,1.12772,-0.15682334,-0.65676236,3.0941188
62,19,5,true,SeatedListening,Tee,1.7521663,1.1351191,6,2,false,-1.3842039,0,4.2424765,3.1415927
62,20,,false,StandingWalking,Polo,1.6343732,1.0131066,1,17,false,-1.8430614,0,0.038697377,1.9968488
62,21,,false,StandingWalking,Knitwear,1.6492748,0.9439813,6,1,false,-1.6768582,0,-1.997325,2.7580798
63,47,11,false,SeatedWorking,Polo,1.645779,1.0918145,2,11,true,0.030606583,0,-3.220179,2.543738
63,48,6,false,SeatedTalking,Shirt,1.675106,1.1255312,0,13,true,-4.909051,0,1.1342168,3.1959715
63,49,15,false,SeatedWorking,Knitwear,1.7240934,0.84792584,1,2,true,-2.771022,0,2.9607155,2.6401792
63,50,19,false,SeatedWorking,Polo,1.6137295,1.139515,4,9,true,3.7042985,0,0.64257115,3.8866699
63,51,13,false,SeatedWorking,Tee,1.6396805,1.1292943,4,14,true,2.5822322,0,-3.9521275,3.6462867
63,52,,false,StandingConversation,Blazer,1.789861,0.99661607,2,13,false,4.205104,0,2.4562647,0.58081627
63,53,,false,StandingReading,Blazer,1.580974,0.9950726,4,3,true,-2.7374516,-0.41082078,-0.86848575,0.19363427
64,39,23,true,SeatedWorking,Polo,1.6407967,1.0685277,7,10,false,-3.3984206,0,5.148059,3.1415927
64,40,1,false,SeatedTalking,Shirt,1.6630325,1.0497665,7,10,false,-5.835642,0,-1.8494451,0.102534115
64,41,7,false,SeatedListening,Polo,1.5407926,1.0946422,0,5,false,0.553747,0,-0.5209321,5.072013
64,42,17,false,SeatedListening,Shirt,1.622684,1.1700346,2,10,false,-5.523322,0,2.4650161,0.16928083
64,43,,false,StandingPresenting,Knitwear,1.5036118,0.9491223,6,12,false,-6.735105,0,2.7305353,4.753642
64,44,,false,StandingConversation,Knitwear,1.6507872,1.1371913,4,15,false,0.68883026,0,2.12644,1.5506284
65,199,1,false,SeatedListening,Cardigan,1.7027047,1.1869768,6,16,false,-3.9892097,0,-8.805234,3.6917431
65,200,14,false,SeatedListening,Cardigan,1.8093075,0.83335805,5,4,false,4.8033237,0,-2.392367,2.8688486
65,201,6,false,SeatedListening,Polo,1.6363273,0.9389607,1,13,false,-2.1423705,0,-7.3627076,4.8537393
65,202,48,false,SeatedTalking,Shirt,1.5942248,0.97502494,1,17,true,4.952668,0,-5.459343,2.3107293
65,203,54,false,SeatedTalking,Cardigan,1.5543946,0.9663129,4,1,true,1.055062,0,9.0742655,4.608567
65,204,58,false,SeatedListening,Cardigan,1.5529509,0.89669394,3,9,false,2.712265,0,9.112468,4.5558057
65,205,16,false,SeatedListening,Knitwear,1.9289361,0.988039,0,9,false,-3.6519203,0,-1.2358711,4.02359
65,206,33,false,SeatedWorking,Blazer,1.6049013,0.95822334,2,12,false,3.4974942,0,4.4500766,3.0436163
65,207,61,true,SeatedWorking,Shirt,1.5357969,1.1588591,2,8,false,-2.7103262,0,11.58,3.1415927
65,208,2,false,SeatedListening,Blazer,1.8091884,0.941675,1,11,false,-4.362413,0,-5.9293475,5.437027
65,209,23,false,SeatedTalking,Cardigan,1.544597,1.207155,0,15,false,-4.6443615,0,3.8207464,6.694818
65,210,,false,StandingRelaxed,Knitwear,1.933063,0.99270815,5,10,false,4.386548,0,5.949632,2.5732033
65,211,,false,StandingReading,Polo,1.591082,1.2100005,2,18,false,-0.8708335,0,6.58874,2.053346
66,74,22,false,SeatedListening,Cardigan,1.516159,0.87147105,2,8,false,1.5374149,0,-0.36828774,3.0498095
66,75,20,false,SeatedWorking,Shirt,1.6109391,1.1564174,7,1,true,-1.3003268,0,-0.046829402,1.8974025
66,76,14,false,SeatedListening,Knitwear,1.5153133,0.9590147,4,2,true,-1.6602498,0,2.0545547,1.5008593
66,77,26,false,SeatedWorking,Polo,1.7536268,0.8309657,6,18,true,2.1887197,0,-4.2492137,3.2847307
66,78,16,false,SeatedListening,Knitwear,1.6513196,0.9419602,1,14,false,-1.0521586,0,4.0557604,1.4060553
66,79,24,false,SeatedWorking,Shirt,1.6181338,1.194639,5,13,false,1.6287403,0,-7.9012175,3.5302489
66,80,,false,StandingConversation,Cardigan,1.6011744,1.1892139,0,2,true,-0.5648315,0,2.1132545,0.17779279
66,81,,false,StandingWalking,Polo,1.737853,0.90991646,3,13,true,-1.5482283,0,5.941574,0.13040924
67,49,2,false,SeatedTalking,Cardigan,1.818329,0.8769895,0,17,true,1.6969064,0,1.385467,6.3075743
67,50,5,false,SeatedListening,Blazer,1.7123628,0.96945596,1,1,true,-2.7950103,0,0.3191989,3.7315521
67,51,16,true,SeatedListening,Blazer,1.7325171,1.2177881,5,16,false,-2.5080075,0,4.603929,3.1415927
67,52,1,false,SeatedListening,Polo,1.5008223,0.9744568,7,11,true,1.6698357,0,-0.8354402,3.617285
67,53,,false,StandingConversation,Tee,1.506652,0.964678,3,9,false,3.113239,0,-1.7578031,2.3698437
67,54,,false,StandingConversation,Shirt,1.6127785,0.84049624,3,4,true,-4.411979,0,-0.55261225,-1.8884645
68,53,1,false,SeatedWorking,Shirt,1.5055807,1.109492,6,5,false,2.4932256,0,-4.250669,2.0956206
68,54,11,false,SeatedTalking,Knitwear,1.7512287,0.9781913,4,10,true,-2.336912,0,4.266174,0.22476274
68,55,13,false,SeatedListening,Knitwear,1.5309434,1.2047296,7,12,false,-0.7053423,0,4.632494,0.5527897
68,56,6,false,SeatedWorking,Cardigan,1.8547829,0.9389337,7,15,false,1.9957185,0,0.008112669,0.610754
68,57,20,true,SeatedWorking,Blazer,1.6051372,1.1153095,3,14,true,-1.8419465,0,7.0720587,3.1415927
68,58,,false,StandingRelaxed,Polo,1.9115616,1.0533028,1,0,false,1.1673312,0,-3.3488488,-1.4734104
68,59,,false,StandingConversation,Shirt,1.9393977,1.1806533,0,18,false,1.5951657,0,4.3032575,1.9673636
69,34,12,true,SeatedWorking,Knitwear,1.5770111,1.0213714,5,14,false,-1.4874068,0,6.000947,3.1415927
69,35,,false,StandingWalking,Blazer,1.5132186,1.0976365,6,0,true,-1.5959343,0,-3.548945,-0.53911924
69,36,,false,StandingRelaxed,Cardigan,1.5912815,0.84545106,5,1,true,-2.4256113,0,3.3266943,1.152075
70,43,11,true,SeatedWorking,Blazer,1.68815,1.1276493,6,15,true,-2.4913177,0,4.1859446,3.1415927
70,44,3,false,SeatedWorking,Polo,1.5448658,1.1224523,4,18,true,1.942786,0,0.9279057,8.145481
70,45,1,false,SeatedListening,Polo,1.7446663,1.207728,5,4,true,2.5194645,0,-0.99393815,4.8134723
70,46,,false,StandingPresenting,Shirt,1.7315578,0.8656668,6,1,true,3.2471182,0,-2.337451,3.7042048
70,47,,false,StandingReading,Blazer,1.5136602,1.0034715,4,2,false,-3.9126596,0,-0.19949822,-0.3236699
71,173,38,false,SeatedWorking,Cardigan,1.6860297,1.2137195,2,10,false,3.974708,0,7.8629794,-0.12775955
71,174,28,false,SeatedWorking,Shirt,1.6352828,1.0518358,6,16,false,3.986896,0,-7.140845,0.2500654
71,175,3,false,SeatedTalking,Shirt,1.6843777,1.0074949,5,14,false,-2.5194354,0,-6.3091083,2.769026
71,176,34,false,SeatedTalking,Cardigan,1.6211445,1.0154963,4,15,true,-0.73284125,0,-6.177122,0.02444201
71,177,57,false,SeatedListening,Blazer,1.8001025,0.9637318,7,16,true,-0.12852061,0,6.134145,1.7934315
71,178,16,false,SeatedListening,Blazer,1.7073592,1.1157581,2,12,true,-1.6517284,0,-0.31125998,1.6847069
71,179,11,false,SeatedListening,Polo,1.6542555,0.98725307,5,8,false,-0.87340045,0,1.3104596,3.5914752
71,180,50,false,SeatedTalking,Shirt,1.5635811,0.99428535,5,15,false,3.690366,0,1.6058233,-0.27788436
71,181,55,false,SeatedTalking,Cardigan,1.6693493,1.2092098,1,18,false,0.7707709,0,7.406641,2.1610556
71,182,23,false,SeatedListening,Tee,1.6331326,0.8229249,3,8,false,-4.614313,0,5.786914,-0.25164512
71,183,21,false,SeatedTalking,Shirt,1.5296978,0.9894472,6,12,true,-4.2194815,0,7.8610196,-0.20816246
71,184,40,false,SeatedListening,Knitwear,1.7692994,0.9204522,6,14,false,2.8374622,0,6.4951677,0.41336873
71,185,61,true,SeatedListening,Shirt,1.7844548,1.1984439,6,3,false,-2.6364264,0,11.444325,3.1415927
71,186,48,false,SeatedWorking,Tee,1.5360892,1.1268003,0,17,false,4.660632,0,3.4863176,0.13475716
71,187,,false,StandingRelaxed,Shirt,1.5683873,0.98555434,7,6,false,-3.3429337,0,-0.33923656,2.1316144
71,188,,false,StandingWalking,Cardigan,1.7290094,1.0537513,5,1,false,2.6440136,0,7.9517794,-3.0059104
72,54,7,false,SeatedWorking,Polo,1.5703424,0.9196037,6,7,false,-0.69711655,0,2.3691115,-1.1753709
72,55,1,false,SeatedListening,Cardigan,1.6957681,1.0209122,3,14,false,0.34721872,0,-4.424283,0.38480812
72,56,,false,StandingPresenting,Blazer,1.8255148,1.0998381,0,3,false,-0.9608503,0,3.7093084,-0.3710668
72,57,,false,StandingPresenting,Tee,1.7706269,1.1737278,2,13,true,-2.0456727,0,2.1640978,-2.590302
73,58,5,false,SeatedListening,Shirt,1.7018715,0.8535149,1,5,false,-2.0824757,0,-0.868631,5.0209045
73,59,9,false,SeatedWorking,Shirt,1.5244315,1.0035456,3,6,false,3.2078397,0,-1.526406,0.13483727
73,60,,false,StandingRelaxed,Shirt,1.5358572,0.823798,6,12,false,-4.5486794,0,1.1780998,1.2364724
73,61,,false,StandingConversation,Cardigan,1.7770174,1.0917541,3,3,false,1.2153155,0,1.049992,0.8415427
74,168,51,true,SeatedTalking,Cardigan,1.8109213,0.8555913,5,10,false,-2.6705766,0,11.176013,3.1415927
74,169,35,false,SeatedTalking,Polo,1.6968826,1.1757647,0,10,false,3.5160275,0,9.202592,1.6731536
74,170,9,false,SeatedTalking,Polo,1.6163877,1.2134252,4,13,false,-0.1711877,0,-7.0878115,3.4014242
74,171,14,false,SeatedTalking,Tee,1.6894094,0.9964711,0,16,false,-4.2344003,0,7.8554535,4.3064632
74,172,22,false,SeatedTalking,Knitwear,1.6514889,1.0373431,3,8,false,-4.5836935,0,0.3994208,-0.6489767
74,173,2,false,SeatedWorking,Cardigan,1.7417971,0.87836766,3,6,false,-2.2938733,0,-5.0653844,5.9796395
74,174,3,false,SeatedWorking,Tee,1.8439884,0.82343405,1,18,true,-1.665968,0,-8.2438545,2.732615
74,175,5,false,SeatedTalking,Blazer,1.6084719,1.1183655,2,14,true,-0.7603327,0,-4.5390654,3.774004
74,176,18,false,SeatedListening,Blazer,1.591572,0.87987787,2,8,false,-4.173814,0,6.227128,5.4042406
74,177,45,false,SeatedListening,Tee,1.6088171,1.1921382,6,8,true,3.3997216,0,-3.8247907,4.285794
74,178,7,false,SeatedWorking,Knitwear,1.614111,0.9053562,1,1,false,-3.3595543,0,-5.275085,2.3737066
74,179,24,false,SeatedTalking,Shirt,1.7506675,1.0535233,1,17,false,1.8988227,0,0.35465318,1.079126
74,180,29,false,SeatedListening,Tee,1.819773,1.2101159,4,4,false,1.086086,-0.15591577,4.88103,1.8489516
74,181,,false,StandingWalking,Polo,1.7575545,0.92392486,1,0,false,-0.72785145,0,-0.34047142,-0.74390435
74,182,,false,StandingReading,Cardigan,1.6760767,0.8824475,7,16,true,3.5639617,0,-8.096556,-0.0986886
75,23,1,false,SeatedTalking,Blazer,1.8844662,0.9217255,0,17,false,1.8284693,0,-0.59792674,2.159897
75,24,5,false,SeatedListening,Blazer,1.5107939,1.1348344,4,8,true,-1.238569,0,3.424833,1.8271098
75,25,14,true,SeatedListening,Polo,1.6722745,1.1683167,7,14,false,-1.6196321,0,6.0111804,3.1415927
75,26,3,false,SeatedWorking,Tee,1.6363652,1.0759931,1,6,false,0.81916,0,2.5886993,1.641196
75,27,,false,StandingRelaxed,Blazer,1.7315044,1.0726335,2,5,false,0.30490434,0,1.7109241,-0.12771583
75,28,,false,StandingRelaxed,Cardigan,1.5857127,0.9568633,3,1,false,0.8990079,0,-2.0452983,-2.5831127
76,52,3,false,SeatedListening,Blazer,1.683451,1.1363078,5,14,false,-3.6009905,0,0.5775131,4.9744225
76,53,,false,StandingPresenting,Tee,1.7968683,0.9173093,6,9,false,-1.3257543,0,-1.7346151,0.000936985
76,54,,false,StandingConversation,Tee,1.5928582,0.8343503,2,10,false,1.6973456,0,-1.8442671,-1.8374438
77,80,20,true,SeatedWorking,Knitwear,1.7867151,0.86920834,4,11,false,-2.0016701,0,7.0491023,3.1415927
77,81,15,false,SeatedTalking,Knitwear,1.7020892,0.8474053,7,14,true,-2.2804327,0,4.949568,1.4949157
77,82,9,false,SeatedListening,Cardigan,1.5446175,1.0543482,0,15,false,3.1869185,0,3.2267785,1.1396203
77,83,13,false,SeatedWorking,Cardigan,1.5773842,1.2114933,7,12,false,2.6383228,0,-0.20008641,0.8224071
77,84,5,false,SeatedListening,Shirt,1.5855268,1.0026107,5,12,false,1.1566141,0,-4.8603315,2.3526638
77,85,11,false,SeatedWorking,Blazer,1.5005751,0.89725864,2,9,false,0.0008955002,0,-0.7988117,1.8563288
77,86,7,false,SeatedWorking,Blazer,1.6632637,0.9609327,7,12,false,-2.0958045,0,-1.2730631,2.169376
77,87,,false,StandingConversation,Cardigan,1.7401791,0.9434,0,2,true,-2.9994714,0,2.9283004,-0.90293264
77,88,,false,StandingReading,Polo,1.5285485,0.84037435,7,17,false,0.354168,0.15098977,3.2954595,-1.357048
78,79,7,false,SeatedListening,Blazer,1.8916712,1.0396109,0,3,true,1.1015097,0,0.5153202,2.7444863
78,80,8,false,SeatedTalking,Blazer,1.6861043,1.0310047,6,7,false,-1.374517,0,1.3870404,3.5961971
78,81,18,false,SeatedTalking,Tee,1.7680318,0.8744322,2,6,false,3.417744,0,-1.3757074,0.9710816
78,82,5,false,SeatedListening,Cardigan,1.5159038,0.84579337,0,1,false,-0.8128683,0,-3.736947,2.8009617
78,83,1,false,SeatedListening,Shirt,1.641439,1.0903846,4,3,false,-4.6683435,0,-2.5939596,4.360194
78,84,16,false,SeatedWorking,Knitwear,1.5561663,1.1205968,6,8,false,4.692527,0,-2.543821,0.8620547
78,85,25,true,SeatedWorking,Cardigan,1.8473136,1.0105048,4,0,true,-3.0538588,0,5.5863194,3.1415927
78,86,,false,StandingReading,Cardigan,1.7972206,1.0581483,0,4,false,-1.3771604,0,3.188051,2.1432602
78,87,,false,StandingReading,Shirt,1.8823037,0.9191098,2,16,false,-0.9982234,0,-2.1201496,-0.26848555
79,71,31,true,SeatedWorking,Tee,1.7714914,1.0787104,5,11,true,-2.448847,0,6.815198,3.1415927
79,72,5,false,SeatedWorking,Polo,1.7836072,0.8288012,0,9,false,-2.532951,0,-3.4272752,0.7378392
79,73,20,false,SeatedWorking,Blazer,1.5519831,1.0120437,7,2,false,3.62703,0,-3.7013807,3.7662463
79,74,7,false,SeatedListening,Tee,1.5243223,0.9033842,7,3,true,-2.9758043,0,2.9183304,-0.22504818
79,75,15,false,SeatedTalking,Cardigan,1.5613674,0.82433164,3,15,true,0.014138944,0,-3.9943588,-0.12998417
79,76,24,false,SeatedWorking,Shirt,1.5781279,1.0895007,3,17,false,1.8261789,0,3.7906194,3.4721847
79,77,13,false,SeatedWorking,Shirt,1.6272541,0.93315125,1,12,true,-1.2602221,0,-3.6188397,-0.27136204
79,78,1,false,SeatedTalking,Tee,1.6903931,0.94841003,7,17,true,-2.2522516,0,0.5721783,0.46247542
79,79,,false,StandingWalking,Cardigan,1.8695115,1.0941825,6,7,false,1.7733431,0,-4.0502434,1.6624548
79,80,,false,StandingRelaxed,Blazer,1.8498445,1.0755261,5,5,false,0.1217302,0,-0.7808749,-1.0915666
80,47,6,false,SeatedListening,Shirt,1.6190832,1.0860549,3,2,true,1.4198883,0,-0.29287836,-0.46563375
80,48,14,false,SeatedWorking,Cardigan,1.5255061,0.82690686,7,17,false,4.126903,0,-1.0957394,-0.14409044
80,49,5,false,SeatedTalking,Shirt,1.8068551,0.91509527,3,14,true,-1.4039655,0,0.367312,0.09571503
80,50,,false,StandingReading,Shirt,1.7439884,0.93022966,6,17,false,0.060251515,0,1.5884863,-1.2751515
80,51,,false,StandingReading,Blazer,1.8226304,1.2003707,7,3,true,2.5883079,0,-2.3341959,2.3083723
81,62,13,true,SeatedListening,Knitwear,1.5582253,0.8833661,4,16,false,-1.793443,0,4.198694,3.1415927
81,63,1,false,SeatedTalking,Blazer,1.5715797,1.0384884,0,3,true,-0.72944635,0,-0.09382892,1.799617
81,64,5,false,SeatedListening,Cardigan,1.8161743,1.0670296,6,11,false,-1.9614031,0,-1.3545787,1.6468565
81,65,3,false,SeatedTalking,Shirt,1.5733085,1.0647184,2,13,false,0.6119678,0,0.9655756,5.1403275
81,66,,false,StandingRelaxed,Blazer,1.8258829,0.94510984,4,13,false,-2.6822443,0,1.2869506,2.3439324
81,67,,false,StandingPresenting,Tee,1.8799647,0.8402664,7,1,false,2.524633,0,0.96577173,1.3590028
82,60,3,false,SeatedListening,Polo,1.6242443,1.0516708,5,11,false,0.3636929,0,-0.18313104,2.7975512
82,61,5,false,SeatedWorking,Polo,1.5580107,0.9001143,5,15,true,1.1762338,0,1.2391084,1.941898
82,62,4,false,SeatedListening,Knitwear,1.5340114,1.0621747,4,15,false,-1.9709609,0,0.17042375,4.548148
82,63,,false,StandingRelaxed,Knitwear,1.8700821,0.9062452,4,8,false,1.5372952,0,4.429984,2.0709116
82,64,,false,StandingReading,Shirt,1.6697994,0.9302566,7,10,true,-1.0923659,0,-4.180576,1.4782379
83,125,5,false,SeatedTalking,Tee,1.68696,0.92640674,2,6,false,0.021422625,0,-1.1638241,4.5046735
83,126,13,false,SeatedTalking,Shirt,1.6887451,1.1810344,4,0,false,-4.022983,0,1.3687971,4.9825916
83,127,50,true,SeatedListening,Blazer,1.5103508,0.8406645,5,16,false,-2.7597458,0,7.1144457,3.1415927
83,128,29,false,SeatedTalking,Blazer,1.8615088,0.8995015,7,3,true,2.5579815,0,1.1202269,4.4156437
83,129,25,false,SeatedListening,Tee,1.7564286,1.1952841,3,6,true,-1.8245038,0,2.799823,4.051302
83,130,19,false,SeatedTalking,Knitwear,1.6689724,1.0709447,1,6,false,-0.71120197,0,-2.9211323,3.848695
83,131,23,false,SeatedWorking,Cardigan,1.6309423,0.9243812,3,5,false,-5.322852,0,3.5765963,4.576041
83,132,21,false,SeatedListening,Polo,1.5287335,1.0286767,7,11,false,-2.3540049,0,-1.6727545,4.7823668
83,133,11,false,SeatedTalking,Blazer,1.5731465,0.9860985,3,6,false,-4.5202575,0,-4.5355043,3.731277
83,134,,false,StandingRelaxed,Tee,1.5131377,1.0130464,2,11,true,4.4319277,0,-1.3182287,0.7937691
83,135,,false,StandingReading,Shirt,1.8369093,0.9908664,3,8,false,4.456242,0,-4.5927744,2.136081
84,66,11,false,SeatedListening,Cardigan,1.5641083,1.1281946,4,16,false,1.7912949,0,0.94324684,1.9316124
84,67,3,false,SeatedTalking,Blazer,1.8171353,0.8589668,3,11,false,-2.054595,0,0.92180383,1.0931354
84,68,16,true,SeatedWorking,Polo,1.5950888,1.169396,0,8,false,-1.9375726,0,4.5144353,3.1415927
84,69,7,false,SeatedTalking,Tee,1.6463363,0.9081486,0,1,false,-1.3535253,0,-1.9894658,1.4374489
84,70,,false,StandingWalking,Cardigan,1.9212829,0.92578363,4,4,false,2.5502923,0,-2.2968168,-2.0497646
84,71,,false,StandingReading,Polo,1.7677687,0.9230177,6,4,false,-0.6735321,0,1.0653657,-0.20544863
85,69,11,false,SeatedListening,Shirt,1.5845517,1.0341718,1,4,false,-3.6698763,0,4.2892466,2.7177517
85,70,17,false,SeatedTalking,Tee,1.5062025,1.1041753,4,13,true,2.1069257,0,4.5302086,0.7588517
85,71,3,false,SeatedTalking,Shirt,1.8324344,0.9134032,6,18,false,-2.8420186,0,-2.0611732,1.2806878
85,72,,false,StandingReading,Blazer,1.6042134,0.9341683,0,2,false,3.6596997,0,1.6920023,2.9166496
85,73,,false,StandingPresenting,Cardigan,1.6734774,0.93141043,3,14,false,1.922138,0,-4.350893,3.388912
86,78,8,false,SeatedTalking,Cardigan,1.6105857,1.0003833,1,0,false,4.2805758,-0.13912274,-0.6083515,4.32503
86,79,10,false,SeatedTalking,Blazer,1.6068395,1.1206474,0,7,false,2.5462065,0,4.10505,3.6690397
86,80,31,true,SeatedWorking,Cardigan,1.7093498,1.1382555,2,0,false,-2.8753147,0,7.8590546,3.1415927
86,81,21,false,SeatedListening,Polo,1.8320293,1.041462,1,6,false,-3.0371642,0,5.1932836,5.3973775
86,82,14,false,SeatedListening,Polo,1.5155333,0.9117923,6,0,true,2.4513278,0,1.1243744,4.713318
86,83,2,false,SeatedTalking,Knitwear,1.7964239,1.1203768,7,16,false,-1.4813695,0,-2.8213773,2.3736281
86,84,,false,StandingConversation,Polo,1.9141014,1.2038664,2,1,false,-2.7608075,0,-4.8585153,3.0251195
86,85,,false,StandingPresenting,Cardigan,1.7391534,0.834968,3,13,false,4.8348207,0,-3.6688225,-0.34111214
87,28,1,false,SeatedListening,Knitwear,1.5017587,0.908797,5,13,false,-1.6597145,0,1.339546,3.1298165
87,29,10,true,SeatedListening,Knitwear,1.6379446,0.92581445,1,5,false,-2.1115024,0,4.2876205,3.1415927
87,30,7,false,SeatedListening,Cardigan,1.6342496,0.89054745,3,10,false,-0.16128802,0,0.20212993,3.7304482
87,31,,false,StandingRelaxed,Cardigan,1.9191462,0.95560527,4,0,false,3.754246,0,0.6621851,0.3858838
87,32,,false,StandingRelaxed,Tee,1.947889,1.0620875,2,10,false,-3.3221178,0,1.9872022,2.4237678
88,99,26,false,SeatedTalking,Cardigan,1.6346942,0.9115125,2,3,false,-1.8951652,0,1.9724995,2.8014739
88,100,19,false,SeatedListening,Cardigan,1.5896208,1.1498604,7,16,false,8.042976,0,-1.6533608,2.8441448
88,101,35,true,SeatedTalking,Shirt,1.6452932,1.0445898,2,11,false,-4.2073574,0,6.4883676,3.1415927
88,102,23,false,SeatedWorking,Polo,1.6616168,1.0779716,2,3,false,7.4185014,0,-3.9023402,2.6069136
88,103,15,false,SeatedTalking,Blazer,1.7234181,0.82121813,6,3,false,2.4580884,0,1.4439781,0.5006151
88,104,1,false,SeatedListening,Knitwear,1.8988991,1.1638044,3,18,false,-6.870433,0,1.4831767,0.5397395
88,105,8,false,SeatedListening,Shirt,1.8672347,0.8574192,5,10,false,1.1678387,0,-1.8228765,0.27103764
88,106,21,false,SeatedTalking,Blazer,1.6634476,1.1194265,0,18,false,6.5406566,0,2.3755865,3.1425397
88,107,2,false,SeatedTalking,Knitwear,1.931853,1.0326498,0,12,false,-5.696907,0,-1.1687732,1.5133977
88,108,13,false,SeatedTalking,Tee,1.6704385,0.887429,1,10,true,3.4459748,0,-3.7837417,-1.4656076
88,109,,false,StandingPresenting,Shirt,1.5419471,0.98166263,0,2,true,-1.9551312,0,0.99279517,-3.0410757
88,110,,false,StandingRelaxed,Knitwear,1.6141094,1.1783742,4,15,true,-3.6392353,0,0.94598407,0.05660367
89,158,29,false,SeatedListening,Tee,1.5410373,1.187876,6,1,false,-4.030555,0,5.8892446,1.2844182
89,159,51,false,SeatedListening,Polo,1.6448935,1.083921,2,12,false,5.771539,0,5.6820145,1.5442276
89,160,27,false,SeatedListening,Tee,1.7629645,1.2162187,6,6,false,-6.606201,0,4.9230766,1.0072842
89,161,35,false,SeatedListening,Cardigan,1.7542505,1.1077936,4,9,true,-2.872426,0,3.177785,0.2910012
89,162,33,false,SeatedWorking,Blazer,1.5096709,1.176333,2,0,false,-1.1382343,0,3.5699742,1.7082092
89,163,39,false,SeatedTalking,Polo,1.7690749,0.9121729,7,8,false,-7.037915,0,2.830861,1.0580348
89,164,55,true,SeatedWorking,Shirt,1.794231,1.0658058,4,18,false,-3.990096,0,8.031786,3.1415927
89,165,3,false,SeatedTalking,Knitwear,1.5146883,1.0693951,5,1,true,-4.4947443,0,-4.991497,3.340619
89,166,41,false,SeatedWorking,Cardigan,1.9015062,0.8644709,1,0,false,-2.4179418,0,4.9710016,2.3744535
89,167,20,false,SeatedTalking,Shirt,1.6072721,1.1266392,4,6,false,4.4697585,0,-1.9333787,3.4004622
89,168,49,false,SeatedWorking,Shirt,1.5764334,0.8946161,0,10,false,7.133156,0,3.8642118,2.2828226
89,169,5,false,SeatedWorking,Blazer,1.9125354,0.9380423,2,9,false,-6.257299,0,-6.1113863,3.3220632
89,170,1,false,SeatedWorking,Blazer,1.7518317,0.8340051,1,3,true,-2.462034,0,-5.697624,3.877846
89,171,,false,StandingPresenting,Shirt,1.5840466,0.98278373,7,14,false,2.0652287,0,-2.2315104,-0.2273519
89,172,,false,StandingRelaxed,Cardigan,1.6295738,1.1285714,7,13,false,-1.1614597,0,4.9087996,-1.7367307
90,18,2,false,SeatedTalking,Blazer,1.802758,0.9319079,0,16,false,-1.7752154,0,0.38970298,4.1327004
90,19,1,false,SeatedTalking,Tee,1.707471,1.1680695,0,3,true,0.98369956,0,-0.50382346,3.1221302
90,20,,false,StandingPresenting,Polo,1.7634349,0.8452372,2,17,true,-0.854376,0,2.457106,0.07287979
90,21,,false,StandingPresenting,Cardigan,1.7591617,0.85085356,2,17,false,1.3812715,0,-1.8187404,-1.3671942
91,58,9,false,SeatedTalking,Cardigan,1.7997799,0.952554,1,11,true,-0.0017238855,0.33348006,-3.3202813,1.9554961
91,59,11,false,SeatedTalking,Tee,1.7322941,1.1619031,0,11,false,0.22038543,0,2.8605063,4.990212
91,60,,false,StandingReading,Knitwear,1.9289157,1.2015011,4,3,true,2.5023043,0,-1.5137272,-1.6048106
91,61,,false,StandingConversation,Cardigan,1.8166467,0.95139974,4,1,false,-1.33388,0,0.5165918,0.7377713
92,85,20,true,SeatedTalking,Polo,1.8271397,1.1599845,1,12,false,-1.3335559,0,7.78428,3.1415927
92,86,11,false,SeatedTalking,Tee,1.7244301,1.2164516,3,0,false,1.7375746,0,-1.8739085,1.7639229
92,87,7,false,SeatedTalking,Tee,1.645715,1.1902126,7,17,true,2.0157454,0,1.4022503,2.4421496
92,88,1,false,SeatedTalking,Shirt,1.6842946,0.96360713,6,6,true,1.83927,0,-5.389784,2.0620096
92,89,3,false,SeatedWorking,Cardigan,1.6442902,1.0394737,1,15,false,-0.93498814,0,-4.4490204,1.5098778
92,90,,false,StandingConversation,Polo,1.5095998,1.0728618,1,17,true,1.7420257,0,-0.107187174,0.6714041
92,91,,false,StandingReading,Knitwear,1.6056983,0.9401249,1,16,false,1.77713,0,4.5014477,1.1008232
93,57,1,false,SeatedListening,Tee,1.809916,1.10378,1,8,false,-2.7796247,0,-6.649615,4.9290576
93,58,25,false,SeatedTalking,Polo,1.6922827,0.90590906,7,11,false,4.1620064,0,0.19891697,1.1415588
93,59,9,false,SeatedListening,Polo,1.5375245,0.9718089,4,15,false,2.4952826,0,-7.6200976,4.708888
93,60,20,false,SeatedTalking,Blazer,1.6041492,1.0943931,7,6,true,-1.6065832,0,0.7648107,-0.5003817
93,61,29,true,SeatedTalking,Blazer,1.8455253,1.0353117,4,2,false,-2.7227545,0,10.124545,3.1415927
93,62,22,false,SeatedTalking,Polo,1.8482174,0.92717576,7,13,false,-0.17225996,0,1.0074186,0.045255363
93,63,16,false,SeatedListening,Cardigan,1.7538712,0.834727,3,17,false,3.148305,0,5.9493866,0.50935084
93,64,15,false,SeatedListening,Shirt,1.7649083,1.1135242,7,12,false,0.34657633,0,5.2008433,-0.56799257
93,65,5,false,SeatedListening,Tee,1.591119,0.8497628,7,12,true,-3.780844,0,4.0499544,3.5435889
93,66,2,false,SeatedListening,Shirt,1.7808658,0.9525814,3,8,false,-2.1150932,0,-3.8267798,5.071231
93,67,,false,StandingPresenting,Cardigan,1.8060727,0.9358909,4,0,false,-3.3646722,0,-8.2138605,3.4326146
93,68,,false,StandingReading,Polo,1.9414383,1.1849166,7,15,false,-4.2341638,0,-2.5378375,2.9696805
94,39,5,false,SeatedTalking,Polo,1.6709764,1.0835453,0,1,true,-0.12780535,0,-0.2639734,1.3202512
94,40,1,false,SeatedListening,Blazer,1.6543347,0.9616832,7,16,false,-2.0399563,0,-0.35443774,3.0444202
94,41,11,false,SeatedWorking,Tee,1.5595536,1.0124524,4,17,false,2.431663,0,1.1604373,2.9316125
94,42,9,false,SeatedListening,Blazer,1.7131834,0.8414343,5,0,false,3.9737077,0,-1.33254,2.2616239
94,43,,false,StandingPresenting,Polo,1.6421847,1.2008805,4,14,true,-3.3296728,0,-1.2713053,-2.3229983
94,44,,false,StandingRelaxed,Blazer,1.8834591,1.032534,5,4,true,1.0314722,0,-0.5272236,0.7622485
95,61,32,true,SeatedTalking,Polo,1.6188754,0.9872609,1,2,false,-1.9523848,0,10.253703,3.1415927
95,62,26,false,SeatedListening,Shirt,1.5387864,0.9623401,7,1,false,-2.2376971,0,4.573752,4.821654
95,63,19,false,SeatedListening,Shirt,1.6728787,1.0360041,6,7,true,0.6419292,0,6.2597704,4.4862947
95,64,1,false,SeatedTalking,Knitwear,1.8792524,1.0570693,3,4,false,-1.8201976,0,-3.1596715,5.0468745
95,65,10,false,SeatedListening,Knitwear,1.7186468,0.93278795,5,14,false,-2.9538937,0,-3.9333594,2.748355
95,66,2,false,SeatedTalking,Tee,1.5888789,0.96466726,7,11,false,0.1301294,0,-2.2438383,7.7423115
95,67,5,false,SeatedListening,Cardigan,1.5406109,1.1147587,4,15,true,0.59692955,0,-1.1673656,3.323746
95,68,14,false,SeatedListening,Shirt,1.5717546,0.9963715,3,7,true,1.1455615,0,-5.2242103,3.353617
95,69,23,false,SeatedListening,Tee,1.5348874,1.098783,2,15,true,1.589999,0,2.4780955,4.5562763
95,70,17,false,SeatedWorking,Tee,1.732286,1.1188438,1,11,true,-0.09780991,0,7.9257655,7.1606555
95,71,8,false,SeatedListening,Polo,1.713919,1.0482522,4,16,false,3.10648,0,-4.2034254,2.8143013
95,72,,false,StandingRelaxed,Tee,1.919698,1.213237,5,14,true,-1.0819925,0,-1.91383,-1.6167506
95,73,,false,StandingPresenting,Polo,1.8328867,1.031911,3,11,false,-2.8133032,0,0.07786748,-2.3191206
96,42,8,false,SeatedTalking,Shirt,1.7403305,0.8910238,0,3,false,0.7395861,0,1.3743473,3.4798605
96,43,15,true,SeatedWorking,Shirt,1.5600123,1.1231723,5,3,true,-1.438948,0,4.934591,3.1415927
96,44,1,false,SeatedWorking,Polo,1.7553159,1.0171809,4,9,false,-1.0749502,0,2.4747865,6.005563
96,45,3,false,SeatedTalking,Tee,1.5287963,0.93114495,6,8,false,1.3150494,0,0.3233286,6.4858785
96,46,,false,StandingWalking,Blazer,1.7615193,1.0080714,6,2,true,1.1233097,0,-2.184895,-1.1011107
96,47,,false,StandingReading,Blazer,1.6780994,0.92921734,5,17,false,-0.6513741,0,0.3209861,1.9336479
97,34,14,true,SeatedListening,Blazer,1.8005141,0.85299027,0,16,true,-1.5944743,0,3.88,3.1415927
97,35,5,false,SeatedWorking,Cardigan,1.5690535,1.0749146,7,2,false,-1.8604075,0,1.9366434,0.3116181
97,36,7,false,SeatedTalking,Polo,1.791744,0.9402423,0,14,false,-0.28254938,0,1.8988247,0.30582047
97,37,,false,StandingReading,Polo,1.7285147,1.1215469,3,17,false,-2.3930187,0,-1.6466469,-0.41175628
97,38,,false,StandingConversation,Knitwear,1.8716917,1.1625888,1,7,true,1.9185511,0,-0.37552845,2.2340896
98,133,27,false,SeatedWorking,Knitwear,1.631452,1.0913715,0,0,true,6.811792,0,2.0946186,3.3611841
98,134,1,false,SeatedWorking,Blazer,1.5618076,1.2027518,4,5,false,-8.268271,0,-0.72842723,0.1252763
98,135,25,false,SeatedTalking,Polo,1.7708199,0.920218,2,14,true,-0.6355529,0,0.02635014,2.515033
98,136,37,true,SeatedListening,Shirt,1.609138,1.2013205,2,5,false,-4.463379,0,5.613996,3.1415927
98,137,15,false,SeatedWorking,Cardigan,1.5479299,0.94645,5,14,true,6.1823406,0,-0.06299436,-0.3017517
98,138,18,false,SeatedListening,Knitwear,1.5308516,0.94745064,6,11,false,-3.8229256,0,-2.4620156,2.3895237
98,139,13,false,SeatedListening,Cardigan,1.7070143,1.0164812,6,18,false,5.9167724,0,-2.653524,-0.41157725
98,140,33,false,SeatedTalking,Shirt,1.7594872,1.0863006,5,10,false,4.137732,0,0.6357907,1.6892115
98,141,3,false,SeatedListening,Blazer,1.5141293,1.0334263,7,10,true,-6.976852,0,-2.6736975,0.31186497
98,142,,false,StandingReading,Shirt,1.8199944,1.1800681,7,12,true,1.6247087,0,-1.9062424,1.490619
98,143,,false,StandingReading,Knitwear,1.6904755,0.88682693,7,12,true,-5.2031612,0,2.1259346,1.4363244
99,80,2,false,SeatedListening,Shirt,1.5620556,1.1305009,7,16,true,-3.0498362,0,-1.831362,-0.5875989
99,81,13,false,SeatedListening,Blazer,1.5654126,1.191447,0,2,true,6.169946,0,-0.49848437,3.5945208
99,82,16,false,SeatedListening,Cardigan,1.6163751,0.9475085,7,12,false,4.635756,0,0.94070566,3.7304487
99,83,14,false,SeatedListening,Tee,1.5356036,1.1627347,3,9,true,6.510194,0,1.8898214,7.23263
99,84,5,false,SeatedWorking,Tee,1.6826063,0.9482083,2,6,false,-7.611772,0,0.41914004,-0.29542854
99,85,3,false,SeatedListening,Knitwear,1.5891149,0.903193,6,0,true,-0.6089773,0,-0.265409,-0.017500699
99,86,22,false,SeatedTalking,Tee,1.7525542,1.1746112,3,4,false,4.223795,0,3.1999555,4.695808
99,87,15,false,SeatedWorking,Knitwear,1.895766,0.86688733,4,6,false,8.045008,0,0.45500955,7.225522
99,88,20,false,SeatedListening,Knitwear,1.7117283,1.1195054,5,18,false,7.122851,0,-1.7433976,4.9787226
99,89,,false,StandingWalking,Tee,1.6610947,0.8981144,0,5,false,5.5508776,0,5.6903224,1.7409317
99,90,,false,StandingConversation,Cardigan,1.8840678,0.9495661,1,7,false,-5.4315553,0,3.568024,1.040304
100,149,0,false,SeatedListening,Blazer,1.8045228,1.1395972,0,15,true,-3.0474405,0,-5.0604696,1.9106472
100,150,25,false,SeatedListening,Cardigan,1.6584888,1.170674,4,8,false,5.872683,0,-3.05019,2.2187028
100,151,13,false,SeatedTalking,Knitwear,1.5782369,0.9023679,3,10,false,-1.91563,0,3.4481173,0.16578121
100,152,48,false,SeatedListening,Cardigan,1.7926562,0.84459585,7,14,true,4.5136557,0,5.522065,3.1034682
100,153,30,false,SeatedTalking,Knitwear,1.5021399,1.1886237,2,7,false,2.8919208,0,-3.1405907,3.2023973
100,154,21,false,SeatedTalking,Polo,1.7175533,1.0722696,2,2,false,-5.5947604,0,3.2390451,0.4923892
100,155,2,false,SeatedTalking,Polo,1.653633,1.0921338,7,8,false,-3.568603,0,-0.011252344,1.7437172
100,156,42,false,SeatedTalking,Shirt,1.657003,0.9099994,5,13,false,-0.8319664,0,5.362796,3.1120982
100,157,28,false,SeatedWorking,Knitwear,1.7299408,0.84674996,4,9,true,6.1266546,0,-5.5572815,3.0311353
100,158,8,false,SeatedTalking,Cardigan,1.5500076,1.0256861,7,0,false,-4.141325,0,-6.481398,0.80055314
100,159,38,false,SeatedWorking,Tee,1.7328709,0.9992798,6,0,true,1.3985097,0,-0.6984823,2.5877132
100,160,11,false,SeatedListening,Cardigan,1.6365273,0.8722285,4,5,false,-4.8048406,0,6.283372,-1.2057215
100,161,17,false,SeatedTalking,Blazer,1.7652464,1.0341399,0,1,false,5.363671,0,3.167993,-0.57320637
100,162,19,false,SeatedWorking,Tee,1.5284153,0.8606066,5,11,false,-4.200038,0,2.4898465,-0.31623656
100,163,53,true,SeatedWorking,Tee,1.6583167,0.9819883,3,5,true,-3.0913403,0,8.9280205,3.1415927
100,164,,false,StandingPresenting,Cardigan,1.7594514,0.9318848,5,6,false,5.7540565,0,4.8763,1.432914
100,165,,false,StandingRelaxed,Knitwear,1.9115394,0.9723573,7,16,false,-2.484745,0,-0.84761506,-2.9887025
101,57,13,false,SeatedListening,Blazer,1.5766516,0.9723683,0,6,false,-2.0427155,0.26380014,1.4647236,0.5656988
101,58,27,false,SeatedTalking,Cardigan,1.6627018,0.8245314,2,3,false,1.9492856,0,0.12389761,0.20554766
101,59,23,false,SeatedListening,Cardigan,1.5151352,0.93283784,4,18,true,-2.9288986,0,5.687033,0.30817088
101,60,1,false,SeatedWorking,Cardigan,1.6077943,0.98164177,2,10,false,-0.68644685,0,-5.280516,3.1008406
101,61,19,false,SeatedTalking,Shirt,1.6748158,1.1407623,7,6,false,0.59682584,0,4.5416255,-0.35099524
101,62,9,false,SeatedWorking,Tee,1.5422248,0.95132786,0,11,true,2.055808,0,2.2165227,0.3515365
101,63,15,false,SeatedListening,Cardigan,1.6745329,1.2162861,5,11,false,-1.4024925,0,5.4060726,0.37356186
101,64,,false,StandingReading,Cardigan,1.7747747,1.0704397,1,16,false,-1.6466727,0.26380014,-0.3400275,-0.0063426495
101,65,,false,StandingConversation,Cardigan,1.7631342,0.92159665,3,10,true,2.1384082,0,-3.404302,-2.448288
102,75,19,false,SeatedListening,Tee,1.6403823,1.0253689,7,8,false,1.0563695,0,4.5699635,0.92225564
102,76,24,true,SeatedTalking,Shirt,1.7350906,0.90548235,4,9,false,-2.3040838,0,6.791494,3.1415927
102,77,11,false,SeatedTalking,Polo,1.5141186,1.1030213,2,7,false,2.272199,0,1.8354063,4.587951
102,78,15,false,SeatedWorking,Cardigan,1.5586234,1.0131661,2,1,false,-3.0678105,0,4.1398716,5.348814
102,79,1,false,SeatedListening,Polo,1.7671083,0.8325918,4,10,false,-3.885808,0,-3.310415,4.574904
102,80,,false,StandingRelaxed,Knitwear,1.8480399,1.2055023,0,1,false,-1.669796,0,-2.6986158,-0.20550036
102,81,,false,StandingReading,Tee,1.9467692,0.99208695,0,8,false,-4.0674777,0,0.8179478,0.33001328
103,32,7,false,SeatedListening,Knitwear,1.5353296,1.1336322,2,2,false,0.24376358,0,-2.4292152,-0.1526587
103,33,16,true,SeatedTalking,Knitwear,1.6671627,0.92288375,6,7,false,-1.3326111,0,6.0748415,3.1415927
103,34,3,false,SeatedWorking,Knitwear,1.7938507,0.8295776,3,6,false,-0.19465196,0.46937823,0.06144041,0.6646811
103,35,,false,StandingPresenting,Polo,1.936306,1.0063657,7,14,false,-1.9698423,0,3.2127464,-2.314028
103,36,,false,StandingRelaxed,Tee,1.6605432,0.98562735,5,6,false,-2.1785767,0,-0.28181952,1.3656332
104,90,2,false,SeatedTalking,Polo,1.6548463,1.1127118,5,8,false,-3.559039,0,-3.8701968,0.13713911
104,91,18,false,SeatedListening,Tee,1.8727208,1.0086831,0,5,false,6.4540524,0,0.92091155,3.076077
104,92,32,false,SeatedTalking,Knitwear,1.6186928,0.8274263,5,5,false,-5.827626,0,1.9137783,4.2459
104,93,30,false,SeatedWorking,Polo,1.6508832,1.0767369,6,8,false,-0.47234285,0,1.5007406,4.361976
104,94,28,false,SeatedListening,Cardigan,1.5638995,1.2052877,0,13,false,-5.469884,0,0.5719237,5.271777
104,95,,false,StandingPresenting,Polo,1.5574256,0.9469871,6,13,false,-0.19034016,0,-6.77171,3.6091666
104,96,,false,StandingConversation,Tee,1.7567405,0.8975835,4,18,false,-6.033146,0,4.771613,0.3911972
105,68,2,false,SeatedWorking,Tee,1.7606257,1.1306312,2,0,true,-1.0049978,0,-3.2645357,4.4959226
105,69,14,false,SeatedListening,Blazer,1.6427971,1.0331753,2,18,false,-0.10480571,0,4.116749,2.758463
105,70,10,false,SeatedTalking,Shirt,1.6761421,1.1129744,6,5,false,2.03477,0,2.79357,2.0920784
105,71,20,true,SeatedWorking,Cardigan,1.8391769,1.0444419,2,8,false,-1.4067923,0,6.8885646,3.1415927
105,72,,false,StandingPresenting,Blazer,1.92953,1.0621551,6,15,false,-1.8079815,0,2.264058,4.683754
105,73,,false,StandingPresenting,Knitwear,1.524149,0.96793807,2,13,true,-0.98645264,0,-4.452689,3.1499186
106,95,6,false,SeatedListening,Blazer,1.5236346,1.1394016,5,6,false,-7.4935374,0,-1.4973831,2.0071974
106,96,46,false,SeatedListening,Tee,1.7259495,1.1568685,0,15,true,6.8643274,0,3.229948,4.8071976
106,97,1,false,SeatedWorking,Tee,1.6741782,0.827501,2,7,false,-7.4145274,0,2.394394,1.1225727
106,98,39,false,SeatedListening,Polo,1.600412,1.0944436,0,5,false,-3.5125184,0,3.7950854,5.8788233
106,99,31,false,SeatedWorking,Tee,1.5277328,1.0103246,1,6,false,-2.1004214,0,0.07003385,2.2586703
106,100,10,false,SeatedListening,Polo,1.5618114,0.86383396,3,13,true,-2.9256694,0,-3.646244,1.4326677
106,101,41,false,SeatedWorking,Shirt,1.7132143,1.2080706,2,10,false,-1.9411194,0,3.9533155,4.860133
106,102,51,true,SeatedWorking,Knitwear,1.5649838,1.0397629,4,3,false,-4.62,0,6.4183445,3.1415927
106,103,23,false,SeatedTalking,Cardigan,1.6760017,1.1147308,2,2,false,6.4440618,0,-2.604705,3.073336
106,104,16,false,SeatedWorking,Cardigan,1.5250595,1.1673366,7,15,false,2.9514532,0,-4.407075,4.8421245
106,105,,false,StandingPresenting,Blazer,1.8285034,1.2119853,5,7,false,0.3255171,0,3.5761468,-0.6312864
106,106,,false,StandingPresenting,Blazer,1.5240839,0.8324623,6,6,false,-3.0562217,0,2.3099015,2.7040927
107,87,1,false,SeatedWorking,Knitwear,1.5403148,0.9227551,0,7,false,-0.7000908,0,-3.480216,-0.3375213
107,88,18,false,SeatedListening,Cardigan,1.7332798,1.2027767,2,12,false,1.8309658,0,2.7451308,2.8129084
107,89,,false,StandingConversation,Tee,1.6650463,1.1975989,6,18,false,0.7460425,0,-4.7031274,2.587828
107,90,,false,StandingConversation,Polo,1.834353,1.1469598,6,17,false,1.2926955,0,-1.851206,-1.0570035
108,40,8,false,SeatedWorking,Shirt,1.6257479,0.96408856,7,1,false,-0.83838695,0,-1.8686578,-0.10519409
108,41,5,false,SeatedTalking,Polo,1.636092,1.1656291,2,5,false,0.8129669,0,1.3723408,1.396556
108,42,,false,StandingRelaxed,Tee,1.64,0.87965685,7,0,false,-1.7772229,0,2.8861327,-0.0013730526
108,43,,false,StandingRelaxed,Cardigan,1.8184614,0.841928,1,1,false,-2.524212,0,0.09679695,-2.4641972
109,30,11,true,SeatedWorking,Blazer,1.5529305,0.85815495,7,5,false,-1.9358152,0,3.88,3.1415927
109,31,,false,StandingReading,Cardigan,1.8120507,1.2070849,0,13,false,-2.521771,0,-0.18092203,2.6483319
109,32,,false,StandingRelaxed,Tee,1.8364997,0.8808019,0,4,false,-1.6062158,0,1.319548,-1.1134701
110,57,12,false,SeatedListening,Shirt,1.5825838,0.9695313,0,15,false,3.7080545,0,-1.8551096,2.6994665
110,58,17,true,SeatedWorking,Cardigan,1.7867248,1.0431072,7,18,false,-2.986716,0,4.346243,3.1415927
110,59,1,false,SeatedWorking,Polo,1.6233392,0.8283503,4,3,false,-4.1045027,0,0.6905874,0.84810233
110,60,3,false,SeatedWorking,Cardigan,1.6001487,1.0123347,5,5,true,-2.1561675,0,0.3786869,0.023893952
110,61,7,false,SeatedListening,Cardigan,1.6227889,0.9138804,1,0,false,-2.060856,0,-1.5451703,-0.7122947
110,62,,false,StandingWalking,Polo,1.5468448,1.135941,0,8,false,-5.5282288,0,1.5363684,0.07694554
110,63,,false,StandingConversation,Blazer,1.5019865,0.8731747,5,12,false,-0.8444772,0,-1.535923,0.178998
111,45,11,false,SeatedListening,Cardigan,1.6416278,1.0693746,2,8,true,2.598571,0,0.23742965,4.693241
111,46,20,true,SeatedTalking,Tee,1.7467793,1.044686,1,4,true,-3.053072,0,4.679129,3.1415927
111,47,9,false,SeatedListening,Shirt,1.5859684,0.8833689,0,10,false,2.77734,0,-2.2500014,4.5975575
111,48,13,false,SeatedWorking,Cardigan,1.6475209,1.0619515,6,1,false,0.98716694,0,-2.0498934,5.0926147
111,49,15,false,SeatedTalking,Cardigan,1.6603323,0.8922833,1,17,false,0.49767447,0,2.1024747,5.6596985
111,50,3,false,SeatedListening,Cardigan,1.6819361,0.86553204,3,9,true,-3.7489407,0,0.69246185,4.265999
111,51,,false,StandingRelaxed,Cardigan,1.94621,0.9487937,1,0,true,-3.5624135,0,2.155195,2.1912234
111,52,,false,StandingPresenting,Shirt,1.8992679,1.0917771,0,10,false,-0.8320663,0,-2.1013923,3.5006428
112,47,9,true,SeatedTalking,Shirt,1.7869008,0.99471515,2,15,false,-1.9719392,0,4.414194,3.1415927
112,48,7,false,SeatedTalking,Blazer,1.8062923,1.0474772,5,2,true,0.26815343,0,-0.89200765,5.5142355
112,49,5,false,SeatedListening,Blazer,1.5838945,1.0233223,5,18,false,-2.198868,0,1.9625977,5.050311
112,50,1,false,SeatedWorking,Polo,1.704717,0.8306144,2,14,true,3.211773,0,-0.9384829,8.25416
112,51,,false,StandingPresenting,Shirt,1.84179,1.1772687,3,8,false,-2.6337075,0,-1.672367,-2.520111
112,52,,false,StandingWalking,Cardigan,1.7045188,0.9450563,2,3,false,2.0260434,0,2.499365,-2.5533268
113,32,1,false,SeatedListening,Polo,1.5322806,0.8353123,3,0,false,0.5889385,0,-1.0895832,3.0947068
113,33,4,false,SeatedTalking,Blazer,1.9232701,0.9504225,3,1,false,-0.97703016,0,0.52564675,6.316172
113,34,6,false,SeatedWorking,Knitwear,1.877114,1.0598878,3,0,true,-1.7347283,0,-0.9306403,4.8596983
113,35,5,false,SeatedListening,Shirt,1.7533612,0.98504186,3,5,true,2.1472929,0,0.64137655,7.7909055
113,36,,false,StandingWalking,Tee,1.6772726,1.1383251,1,4,false,-3.6471865,0,-1.2001805,2.372935
113,37,,false,StandingReading,Cardigan,1.8894515,1.0286512,1,10,true,3.5808468,0,-0.5745317,0.17295265
114,27,6,false,SeatedListening,Knitwear,1.6123085,0.9829601,7,5,false,4.067506,0,4.926491,1.0580219
114,28,2,false,SeatedTalking,Polo,1.5732638,1.091775,4,18,false,-2.277994,0,-2.2284782,1.509796
114,29,14,true,SeatedTalking,Blazer,1.6563706,1.054096,5,7,true,-3.264059,0,7.186869,3.1415927
114,30,,false,StandingWalking,Polo,1.5593327,0.9471934,1,10,true,5.576374,0,-2.2999775,-2.693844
114,31,,false,StandingReading,Cardigan,1.7345258,0.8923211,2,17,true,-1.0963739,0,4.0255995,-0.39545536
115,74,24,false,SeatedListening,Polo,1.8494456,0.86097556,5,0,false,2.0082645,0,7.4431868,0.497886
115,75,35,true,SeatedListening,Cardigan,1.7755377,1.0580441,7,3,false,-2.145599,0,9.829914,3.1415927
115,76,9,false,SeatedWorking,Shirt,1.7725846,0.82618845,5,8,true,0.11825323,0,-5.856347,1.2830678
115,77,3,false,SeatedWorking,Blazer,1.6061866,0.8992177,4,1,false,1.7945406,0,-4.9220395,1.4611567
115,78,5,false,SeatedListening,Cardigan,1.745043,0.908403,5,0,false,-1.74385,0,-5.2677145,0.9612725
115,79,1,false,SeatedTalking,Blazer,1.6036967,0.83847135,0,15,false,-2.3077183,0,-7.7585983,4.3798313
115,80,17,false,SeatedTalking,Blazer,1.5704565,1.2047198,6,1,true,2.9934502,0,-0.37135804,1.175249
115,81,,false,StandingReading,Tee,1.8110827,1.0162466,2,0,true,-3.1513066,0,-1.8437376,2.1981504
115,82,,false,StandingWalking,Tee,1.5897601,0.90040904,5,16,false,3.1448522,0,-3.5553582,1.6567404
116,176,7,false,SeatedListening,Shirt,1.6942067,1.0486034,3,0,false,-5.886573,0,7.2095895,4.79336
116,177,42,false,SeatedListening,Knitwear,1.621531,1.1833559,4,4,false,0.9620674,0,-1.1863422,2.2087276
116,178,15,false,SeatedTalking,Blazer,1.6694711,0.9484475,2,7,true,4.91035,0,-8.107999,1.9049416
116,179,6,false,SeatedListening,Polo,1.9265335,0.882901,0,8,false,-5.7421203,0,4.313189,3.9005513
116,180,20,false,SeatedTalking,Cardigan,1.771672,0.8689723,0,7,true,0.63177955,0,5.3780174,3.2607074
116,181,50,false,SeatedWorking,Polo,1.5606344,1.171375,1,4,false,0.8770305,0,-6.285601,4.6481075
116,182,17,false,SeatedTalking,Shirt,1.649695,1.1373676,0,4,false,6.0689783,0,-6.7737308,1.6362387
116,183,14,false,SeatedListening,Shirt,1.79104,1.0256569,6,1,false,4.8044543,0,-5.438389,0.9449043
116,184,46,false,SeatedListening,Polo,1.6256083,1.1279371,3,17,false,1.6135015,0,0.5536176,1.2989777
116,185,44,false,SeatedWorking,Cardigan,1.5226051,1.0256339,2,18,false,1.6114215,0,-2.2709544,1.7495441
116,186,1,false,SeatedWorking,Cardigan,1.5414544,1.1863427,1,15,true,-5.3256288,0,-6.40944,-0.91582936
116,187,34,false,SeatedListening,Cardigan,1.5279436,1.0408754,6,14,false,-4.9155893,0,-3.3726094,3.0800061
116,188,48,false,SeatedListening,Cardigan,1.5981781,0.93882954,5,9,false,-0.5620272,0,-4.8929586,5.8746343
116,189,,false,StandingPresenting,Tee,1.9277039,0.89161426,3,5,false,-5.4817104,0,0.7459324,-0.36576533
116,190,,false,StandingRelaxed,Blazer,1.8624347,1.0599327,6,1,false,-4.1327085,0,6.379843,1.71191
117,37,9,false,SeatedTalking,Tee,1.6034908,1.1198796,0,8,false,-1.4392673,0,0.25978947,2.260352
117,38,13,false,SeatedTalking,Shirt,1.6816256,0.93886095,0,16,false,3.3796458,0,-0.32497698,1.7480042
117,39,,false,StandingPresenting,Tee,1.8761761,0.90737563,6,18,false,1.3218269,0,1.8113991,-1.2208457
117,40,,false,StandingReading,Blazer,1.7551453,0.9488028,3,0,false,-3.556295,0,2.5466244,-3.1060956
118,140,27,false,SeatedWorking,Shirt,1.7172573,0.83471817,6,8,false,7.242931,0,-0.32582664,-0.60916686
118,141,16,false,SeatedListening,Polo,1.5154641,1.0872089,3,10,false,2.2093549,0,-3.0074124,2.5055594
118,142,5,false,SeatedListening,Polo,1.6123097,1.1053427,6,14,true,-6.4759626,0,-1.8262575,1.8652039
118,143,3,false,SeatedListening,Polo,1.63479,0.92966735,1,12,false,-7.1189137,0,0.59699357,1.2015727
118,144,23,false,SeatedTalking,Tee,1.777772,1.0253893,4,3,true,8.264862,0,-1.7452879,0.8352593
118,145,34,false,SeatedTalking,Cardigan,1.7283249,0.9083268,7,18,true,2.9968026,0,2.2962513,2.6363146
118,146,40,true,SeatedWorking,Shirt,1.5760226,1.0760357,1,14,true,-4.310539,0,5.3193107,3.1415927
118,147,25,false,SeatedTalking,Polo,1.6509463,1.0327667,5,4,false,5.6384797,0,3.1425798,-0.8031166
118,148,,false,StandingReading,Blazer,1.7233137,1.0098476,1,3,false,-1.4220651,0,-0.18281132,0.51433444
118,149,,false,StandingWalking,Shirt,1.5083202,1.0542086,3,4,false,-7.850792,0,-3.4743001,-2.758571
119,125,25,false,SeatedWorking,Knitwear,1.6848388,1.1313068,5,0,false,-1.3517349,0,0.7767512,-0.064213336
119,126,5,false,SeatedWorking,Tee,1.5676461,1.2066474,7,5,true,2.5779204,0,-1.1114571,-0.029058397
119,127,11,false,SeatedListening,Blazer,1.6812052,0.8477699,0,10,true,-1.9114453,0,6.3112473,-1.2361485
119,128,21,false,SeatedListening,Cardigan,1.6196508,1.0596445,3,15,false,-0.7247387,0,-2.626867,-1.1302582
119,129,39,true,SeatedListening,Tee,1.6533294,1.0748756,7,12,true,-2.0626976,0,8.903328,3.1415927
119,130,15,false,SeatedWorking,Polo,1.795732,1.033927,0,15,false,2.5219076,0,3.627238,0.51932895
119,131,23,false,SeatedListening,Cardigan,1.626652,0.9757726,4,13,true,1.7909588,0,-6.1972857,-0.122743696
119,132,17,false,SeatedListening,Tee,1.6267788,1.1667002,7,10,true,0.7078528,0,-0.37922382,0.12945893
119,133,19,false,SeatedListening,Shirt,1.54699,0.8344938,2,5,false,-0.43907642,0,1.2220325,-0.5418247
119,134,,false,StandingReading,Polo,1.8855226,1.0490422,5,5,false,0.0908839,0,6.376395,0.42011666
119,135,,false,StandingPresenting,Knitwear,1.6316156,1.1097353,0,5,false,-3.1126585,0,1.3768324,5.019064
120,130,43,false,SeatedListening,Cardigan,1.6254466,0.90035844,3,5,false,2.430656,0,2.487842,1.7760168
120,131,30,false,SeatedTalking,Blazer,1.6766108,1.1624905,5,18,false,-3.2392142,0,3.861948,4.833216
120,132,39,false,SeatedTalking,Tee,1.6606427,0.8260154,5,18,false,1.5316095,0,4.298298,0.9023377
120,133,50,true,SeatedWorking,Polo,1.7877504,0.83506244,6,15,true,-3.0021567,0,8.390068,3.1415927
120,134,21,false,SeatedTalking,Tee,1.5249285,0.8647967,3,13,false,-5.9250083,0,-5.827374,3.3916435
120,135,9,false,SeatedListening,Blazer,1.5370001,1.1981217,2,17,false,-1.2041607,0,-4.781681,3.2227585
120,136,13,false,SeatedWorking,Blazer,1.6901704,0.8633338,5,3,false,2.1027834,0,-5.6846647,2.2827127
120,137,3,false,SeatedWorking,Polo,1.8398561,1.1658432,5,12,false,-1.6420143,0,-2.120418,3.9744377
120,138,,false,StandingReading,Blazer,1.7995037,1.0147903,2,3,false,4.5364356,0,3.5914452,-2.5966828
120,139,,false,StandingWalking,Polo,1.6302174,1.1624955,5,18,false,-3.5453281,0,-0.6966997,-0.80947685
121,42,6,false,SeatedListening,Cardigan,1.78438,1.0998259,6,13,false,-4.173283,0,2.4434974,0.32735497
121,43,3,false,SeatedTalking,Polo,1.8808595,0.97450185,7,6,false,-3.4891243,0,-1.8433197,3.7121704
121,44,4,false,SeatedListening,Polo,1.8797221,1.2068646,1,10,true,-1.8877132,0,1.604315,-0.67025495
121,45,,false,StandingReading,Blazer,1.5523863,1.1723763,2,5,true,2.7751548,0,-0.6667235,1.063215
121,46,,false,StandingConversation,Knitwear,1.5458071,1.0230908,0,12,false,4.6089616,0,-0.3696757,-0.4152205
122,111,24,false,SeatedTalking,Knitwear,1.5158693,0.88675994,6,10,false,5.2616186,0,0.7092036,2.404515
122,112,7,false,SeatedTalking,Polo,1.7916155,0.8509204,7,3,false,-6.056446,0,2.2735963,5.0444393
122,113,9,false,SeatedWorking,Tee,1.6615899,1.0971421,3,11,true,-4.726052,0,5.1040583,5.338448
122,114,16,false,SeatedTalking,Blazer,1.6699522,0.8286877,6,0,false,0.6474429,0,-0.81974065,5.1497645
122,115,11,false,SeatedListening,Cardigan,1.5806818,1.2051675,0,17,false,-6.354788,0,4.6468287,4.1867666
122,116,14,false,SeatedTalking,Blazer,1.6030325,0.85211515,7,10,false,-0.24939156,0,3.4564793,2.6400778
122,117,5,false,SeatedTalking,Polo,1.5695413,1.0590281,5,1,false,-4.124781,0,-0.93183917,5.64934
122,118,20,false,SeatedWorking,Cardigan,1.8089864,1.140927,7,7,false,3.6375992,0,-3.040051,2.0939245
122,119,29,false,SeatedWorking,Cardigan,1.5252675,1.1701823,6,15,true,4.5848618,0,-4.3936043,1.6758322
122,120,36,true,SeatedListening,Tee,1.614946,1.1850342,5,8,false,-3.211063,0,7.472827,3.1415927
122,121,18,false,SeatedWorking,Tee,1.5564294,0.8337935,4,11,false,0.70761126,0,-3.6303139,1.1537802
122,122,,false,StandingPresenting,Cardigan,1.7720114,0.8931899,7,10,false,-4.976053,0,-5.1804175,3.349148
122,123,,false,StandingRelaxed,Tee,1.6164302,0.96570736,2,14,false,-1.6594422,0,-0.8599032,-0.09195423
123,37,2,false,SeatedTalking,Shirt,1.5496087,0.8590155,6,18,false,-1.7058189,0,0.642763,-0.67353874
123,38,3,false,SeatedTalking,Blazer,1.9018484,0.91276187,3,16,false,1.1939662,0,0.6780914,0.047355026
123,39,,false,StandingPresenting,Blazer,1.8788848,0.8805491,3,15,false,-2.4715567,0,-0.832981,1.9452989
123,40,,false,StandingRelaxed,Tee,1.7143333,0.89167786,3,18,false,2.7682495,0,-0.61786324,-2.7019603
124,162,33,false,SeatedTalking,Cardigan,1.5198939,1.1057625,7,10,true,-5.860615,0,-0.9405261,-0.34242988
124,163,43,false,SeatedWorking,Shirt,1.5307317,1.2141557,1,13,false,6.080281,0,-0.35903186,0.55852556
124,164,3,false,SeatedTalking,Tee,1.7910539,0.89306027,2,9,true,-3.95049,0,-5.9863057,5.102886
124,165,56,false,SeatedListening,Shirt,1.6809964,0.93142253,2,16,false,6.068216,0,4.9628706,3.2921119
124,166,41,false,SeatedListening,Shirt,1.5669575,0.8908184,4,2,false,1.3493176,0,-1.0389726,0.047263354
124,167,35,false,SeatedListening,Cardigan,1.7839177,0.8325987,4,5,false,-3.5153816,0,-1.1044229,0.51783246
124,168,58,false,SeatedListening,Knitwear,1.5723208,1.0832146,6,2,true,6.298201,0,2.1900861,3.2154899
124,169,9,false,SeatedListening,Shirt,1.9495203,1.0087725,2,16,false,-3.0708237,0,2.4734097,0.99192965
124,170,11,false,SeatedListening,Polo,1.66819,0.93572736,1,13,false,-0.33637643,0,1.3726819,1.7074991
124,171,13,false,SeatedTalking,Tee,1.722934,1.1605128,5,13,false,-6.0254865,0,2.403546,0.35135093
124,172,25,false,SeatedListening,Tee,1.7571384,1.2109065,2,11,false,0.9938968,0,6.7636266,2.238103
124,173,7,false,SeatedWorking,Blazer,1.5442703,0.86352056,7,18,false,-6.6402173,0,-4.6204767,5.0839157
124,174,51,false,SeatedListening,Polo,1.5831535,1.0668913,5,12,false,-2.8363998,0,7.167751,4.49448
124,175,29,false,SeatedTalking,Polo,1.6576265,1.1410071,3,14,true,3.6991353,0,4.188315,3.3025057
124,176,23,false,SeatedWorking,Polo,1.5326196,1.0956823,3,3,false,2.1883783,0,5.855074,3.3604577
124,177,21,false,SeatedListening,Tee,1.6560147,1.085736,3,5,false,1.1989808,0,-3.5213861,-0.22460419
124,178,,false,StandingWalking,Shirt,1.7307636,0.86564773,5,0,false,-6.2240076,0,3.7132437,-0.5055816
124,179,,false,StandingReading,Cardigan,1.5601604,0.93603367,0,9,true,5.8778234,0,-6.3595757,2.7966244
125,79,7,false,SeatedTalking,Knitwear,1.6921346,0.8960772,5,9,false,0.9519535,0,3.195408,6.107161
125,80,13,false,SeatedWorking,Blazer,1.5531572,0.89201945,5,16,false,-0.84165573,0,-2.6662555,5.057647
125,81,16,false,SeatedWorking,Knitwear,1.5355405,1.1567513,5,6,false,1.5899519,0,-4.0492973,2.6311257
125,82,3,false,SeatedTalking,Cardigan,1.6645916,1.0939238,2,17,false,-1.5760409,0,1.9659288,3.1951282
125,83,18,false,SeatedListening,Cardigan,1.588165,1.0882838,6,7,true,4.732655,0,1.6854353,3.3405216
125,84,5,false,SeatedWorking,Cardigan,1.6314102,0.8323869,3,1,true,-4.5515895,0,0.57868195,5.2916083
125,85,31,true,SeatedWorking,Shirt,1.7128001,1.0395944,0,1,false,-2.6867583,0,7.2025814,3.1415927
125,86,21,false,SeatedListening,Shirt,1.7966099,0.97940576,7,7,false,4.6100683,0,3.7401567,1.8714628
125,87,,false,StandingPresenting,Polo,1.5732833,0.99084663,7,17,false,-0.74039215,0,-4.907822,2.6066427
125,88,,false,StandingReading,Cardigan,1.8042351,1.15382,0,14,false,3.5901244,0,1.7428689,-2.8250608
126,46,5,false,SeatedTalking,Polo,1.5755078,1.1719741,1,12,true,0.3975821,0,2.506211,1.4490651
126,47,3,false,SeatedWorking,Shirt,1.6165017,0.8495414,6,12,true,0.4342329,0,-3.0444024,1.397251
126,48,,false,StandingRelaxed,Blazer,1.7217159,1.100194,5,8,false,1.7003995,0,-0.6699498,-0.5833614
126,49,,false,StandingPresenting,Shirt,1.5388376,1.1675729,6,11,true,-1.7010534,0,1.2148215,0.13651681
127,90,42,true,SeatedTalking,Blazer,1.7425076,1.1801187,5,14,true,-2.501878,0,8.092786,3.1415927
127,91,2,false,SeatedListening,Tee,1.5483906,0.9153679,0,7,false,1.1662533,0,-3.0097077,0.24336025
127,92,34,false,SeatedListening,Blazer,1.5892873,1.0363152,0,5,false,2.19486,0,1.1390159,2.795933
127,93,6,false,SeatedWorking,Shirt,1.6773962,0.878096,3,4,false,-4.5107574,0,-2.508079,-0.15055951
127,94,10,false,SeatedTalking,Cardigan,1.7635834,1.0506282,3,9,false,3.4036183,0,-4.331072,-1.0612656
127,95,36,false,SeatedListening,Tee,1.6384199,0.8575081,5,12,false,3.707938,0,3.7553313,2.719356
127,96,16,false,SeatedListening,Blazer,1.6526586,0.8853743,0,5,false,-4.7743387,0,0.110033214,-0.6245558
127,97,1,false,SeatedTalking,Shirt,1.901008,0.9756432,7,18,false,-1.1735938,0,-4.7229257,-0.7435039
127,98,,false,StandingConversation,Blazer,1.9067106,0.9038881,1,12,false,2.3768108,0,-0.42422312,0.92914605
127,99,,false,StandingRelaxed,Shirt,1.9484389,0.92627513,3,18,false,-3.4129357,0,-5.155144,-0.75634694
