seed,step,time,reference,camera,reference_to_view,view_to_reference,bidirectional_min,reference_geometry_fraction,view_geometry_fraction,baseline_m,triangulation_mean_degrees,triangulation_p10_degrees,requested_overlap,below_requested_overlap
0,0,0.0,0,1,0.048880208333333335,0.084375,0.048880208333333335,1.0,1.0,2.738183397601179,39.58795973569001,19.717058671842793,,
0,1,0.5,0,1,0.0153125,0.024440104166666667,0.0153125,1.0,1.0,1.8488316872923725,52.631050642881604,29.532824132119767,,
0,2,1.0,0,1,0.08265625,0.04669270833333333,0.04669270833333333,1.0,1.0,3.336801637650159,72.29030624295908,48.27128903192313,,
1,0,0.0,0,1,0.181484375,0.6957421875,0.181484375,1.0,1.0,2.301250131160509,10.74165812701474,1.5444003653068317,,
1,1,0.5,0,1,0.173515625,0.6931901041666667,0.173515625,1.0,1.0,2.272412304996901,10.490115368467078,1.5633181712262674,,
1,2,1.0,0,1,0.165859375,0.6904036458333334,0.165859375,1.0,1.0,2.2333038229884443,10.193765797377667,1.663833388192951,,
2,0,0.0,0,1,0.5628385416666667,0.21466145833333333,0.21466145833333333,1.0,1.0,1.293760614514115,13.823384997150391,7.876279419296704,,
2,1,0.5,0,1,0.5498697916666667,0.20227864583333333,0.20227864583333333,1.0,1.0,1.4045920679475765,14.157451890442633,8.696669034896637,,
2,2,1.0,0,1,0.5615104166666667,0.20233072916666667,0.20233072916666667,1.0,1.0,1.4923303359906948,14.736481966896015,9.343415942024757,,
3,0,0.0,0,1,0.231015625,0.23782552083333333,0.231015625,1.0,1.0,4.741127263377713,26.7103093753208,16.93858369378081,,
3,1,0.5,0,1,0.1986328125,0.26559895833333336,0.1986328125,1.0,1.0,5.599474814644836,23.255341437893946,10.574027972232633,,
3,2,1.0,0,1,0.18631510416666666,0.3065234375,0.18631510416666666,1.0,1.0,6.5256653657779236,22.067245227875713,8.274456481703794,,
4,0,0.0,0,1,0.3619661458333333,0.3459375,0.3459375,1.0,1.0,1.693489990199027,30.941292233445818,22.556814643591558,,
4,1,0.5,0,1,0.238203125,0.229140625,0.229140625,1.0,1.0,1.6306746423673917,25.64170262750199,19.02325757342136,,
4,2,1.0,0,1,0.08869791666666667,0.12321614583333333,0.08869791666666667,1.0,1.0,1.5945199028511436,17.639733508750144,12.43326547908997,,
5,0,0.0,0,1,0.32436197916666665,0.20548177083333333,0.20548177083333333,1.0,1.0,4.879156923959423,100.919823093844,89.44513349363574,,
5,1,0.5,0,1,0.4921875,0.1077734375,0.1077734375,1.0,1.0,3.5421072648445007,66.55914751801701,56.91076321167533,,
5,2,1.0,0,1,0.5903515625,0.06916666666666667,0.06916666666666667,1.0,1.0,2.3008244515830447,33.12118768680624,24.46305362234092,,
6,0,0.0,0,1,0.034479166666666665,0.038658854166666666,0.034479166666666665,1.0,1.0,6.5884697963171615,135.2547063604628,122.19900376376249,,
6,1,0.5,0,1,0.04565104166666667,0.040078125,0.040078125,1.0,1.0,6.705364045928059,134.94502898835955,123.89458188044362,,
6,2,1.0,0,1,0.049778645833333336,0.0403515625,0.0403515625,1.0,1.0,6.831262598751155,135.54838608196633,127.38076482947044,,
7,0,0.0,0,1,0.19622395833333334,0.18595052083333333,0.18595052083333333,1.0,1.0,6.286088720284116,111.98817701950665,91.47285235347766,,
7,1,0.5,0,1,0.20723958333333334,0.13609375,0.13609375,1.0,1.0,5.008739984483213,107.32225928197673,91.01600097292331,,
7,2,1.0,0,1,0.035768229166666665,0.008763020833333333,0.008763020833333333,1.0,1.0,3.881249362785979,111.53719688829128,72.74412778532651,,
